0	0	0	0	0	0
64	0	0	62	7	0
128	0	0	123	14	0
192	0	0	185	21	0
256	0	0	246	29	0
320	0	0	308	36	0
384	0	0	369	43	0
448	0	0	431	50	0
512	0	0	493	57	0
576	0	0	554	64	0
640	0	0	616	72	0
704	0	0	677	79	0
768	0	0	739	86	0
832	0	0	800	93	0
896	0	0	862	100	0
960	0	0	924	107	0
1023	0	0	984	114	0
0	64	0	16	62	6
64	64	0	63	62	5
128	64	0	124	63	0
192	64	0	185	65	0
256	64	0	247	67	0
320	64	0	308	70	0
384	64	0	370	73	0
448	64	0	431	77	0
512	64	0	493	82	0
576	64	0	554	87	0
640	64	0	616	92	0
704	64	0	677	97	0
768	64	0	739	103	0
832	64	0	801	109	0
896	64	0	862	115	0
960	64	0	924	121	0
1023	64	0	984	127	0
0	128	0	32	124	13
64	128	0	68	124	12
128	128	0	126	124	10
192	128	0	187	125	3
256	128	0	248	126	0
320	128	0	309	127	0
384	128	0	370	129	0
448	128	0	432	131	0
512	128	0	493	134	0
576	128	0	555	136	0
640	128	0	616	139	0
704	128	0	678	143	0
768	128	0	739	146	0
832	128	0	801	150	0
896	128	0	862	154	0
960	128	0	924	159	0
1023	128	0	984	163	0
0	192	0	49	186	19
64	192	0	76	186	19
128	192	0	130	186	17
192	192	0	189	186	15
256	192	0	249	187	10
320	192	0	310	188	0
384	192	0	371	189	0
448	192	0	433	190	0
512	192	0	494	192	0
576	192	0	555	194	0
640	192	0	617	196	0
704	192	0	678	198	0
768	192	0	740	200	0
832	192	0	801	203	0
896	192	0	863	206	0
960	192	0	924	209	0
1023	192	0	985	212	0
0	256	0	65	247	25
64	256	0	87	247	25
128	256	0	136	248	24
192	256	0	193	248	23
256	256	0	252	248	20
320	256	0	312	249	16
384	256	0	373	250	7
448	256	0	434	251	0
512	256	0	495	252	0
576	256	0	556	253	0
640	256	0	618	255	0
704	256	0	679	256	0
768	256	0	740	258	0
832	256	0	802	260	0
896	256	0	863	262	0
960	256	0	925	265	0
1023	256	0	985	267	0
0	320	0	81	309	31
64	320	0	99	309	31
128	320	0	143	309	31
192	320	0	198	310	30
256	320	0	256	310	28
320	320	0	315	310	25
384	320	0	375	311	21
448	320	0	436	312	15
512	320	0	497	313	0
576	320	0	558	314	0
640	320	0	619	315	0
704	320	0	680	316	0
768	320	0	742	317	0
832	320	0	803	319	0
896	320	0	864	321	0
960	320	0	926	323	0
1023	320	0	986	325	0
0	384	0	97	371	38
64	384	0	112	371	38
128	384	0	152	371	37
192	384	0	204	371	36
256	384	0	260	372	35
320	384	0	319	372	33
384	384	0	378	373	30
448	384	0	438	373	26
512	384	0	499	374	21
576	384	0	560	375	10
640	384	0	621	376	0
704	384	0	682	377	0
768	384	0	743	378	0
832	384	0	804	379	0
896	384	0	865	380	0
960	384	0	927	382	0
1023	384	0	987	383	0
0	448	0	114	433	44
64	448	0	126	433	44
128	448	0	162	433	43
192	448	0	211	433	43
256	448	0	266	433	42
320	448	0	323	434	40
384	448	0	382	434	38
448	448	0	441	435	35
512	448	0	501	435	31
576	448	0	562	436	26
640	448	0	623	437	18
704	448	0	683	438	0
768	448	0	744	438	0
832	448	0	805	440	0
896	448	0	867	441	0
960	448	0	928	442	0
1023	448	0	988	443	0
0	512	0	130	495	50
64	512	0	141	495	50
128	512	0	173	495	50
192	512	0	219	495	49
256	512	0	272	495	48
320	512	0	328	495	47
384	512	0	386	496	45
448	512	0	445	496	43
512	512	0	504	497	40
576	512	0	564	497	37
640	512	0	625	498	32
704	512	0	685	499	25
768	512	0	746	499	13
832	512	0	807	500	0
896	512	0	868	501	0
960	512	0	929	502	0
1023	512	0	989	504	0
0	576	0	146	557	57
64	576	0	156	557	56
128	576	0	185	557	56
192	576	0	228	557	56
256	576	0	279	557	55
320	576	0	334	557	54
384	576	0	391	557	52
448	576	0	449	558	50
512	576	0	508	558	48
576	576	0	567	559	45
640	576	0	627	559	42
704	576	0	688	560	37
768	576	0	748	561	31
832	576	0	809	562	22
896	576	0	870	562	0
960	576	0	931	563	0
1023	576	0	991	564	0
0	640	0	162	618	63
64	640	0	171	618	63
128	640	0	198	619	62
192	640	0	238	619	62
256	640	0	287	619	61
320	640	0	340	619	60
384	640	0	396	619	59
448	640	0	453	620	57
512	640	0	512	620	55
576	640	0	571	620	53
640	640	0	630	621	50
704	640	0	690	621	47
768	640	0	751	622	42
832	640	0	811	623	37
896	640	0	872	624	29
960	640	0	933	624	16
1023	640	0	993	625	0
0	704	0	178	680	69
64	704	0	186	680	69
128	704	0	211	680	69
192	704	0	249	680	68
256	704	0	295	681	68
320	704	0	347	681	67
384	704	0	402	681	66
448	704	0	458	681	64
512	704	0	516	682	63
576	704	0	575	682	61
640	704	0	634	682	58
704	704	0	693	683	55
768	704	0	753	684	52
832	704	0	814	684	47
896	704	0	874	685	42
960	704	0	935	686	35
1023	704	0	995	686	26
0	768	0	195	742	75
64	768	0	202	742	75
128	768	0	224	742	75
192	768	0	260	742	75
256	768	0	305	742	74
320	768	0	355	743	73
384	768	0	408	743	72
448	768	0	464	743	71
512	768	0	521	743	70
576	768	0	579	744	68
640	768	0	638	744	66
704	768	0	697	745	63
768	768	0	757	745	60
832	768	0	817	746	57
896	768	0	877	746	53
960	768	0	937	747	48
1023	768	0	997	748	42
0	832	0	211	804	82
64	832	0	217	804	82
128	832	0	238	804	81
192	832	0	272	804	81
256	832	0	314	804	81
320	832	0	363	804	80
384	832	0	415	805	79
448	832	0	470	805	78
512	832	0	526	805	76
576	832	0	583	805	75
640	832	0	642	806	73
704	832	0	700	806	71
768	832	0	760	807	68
832	832	0	820	807	65
896	832	0	880	808	62
960	832	0	940	808	58
1023	832	0	999	809	53
0	896	0	227	866	88
64	896	0	233	866	88
128	896	0	252	866	88
192	896	0	284	866	87
256	896	0	325	866	87
320	896	0	372	866	86
384	896	0	422	866	85
448	896	0	476	867	84
512	896	0	532	867	83
576	896	0	588	867	82
640	896	0	646	867	80
704	896	0	705	868	78
768	896	0	763	868	76
832	896	0	823	869	73
896	896	0	883	869	70
960	896	0	943	870	67
1023	896	0	1002	870	63
0	960	0	243	928	94
64	960	0	249	928	94
128	960	0	267	928	94
192	960	0	297	928	94
256	960	0	336	928	93
320	960	0	381	928	93
384	960	0	430	928	92
448	960	0	483	928	91
512	960	0	538	929	90
576	960	0	594	929	89
640	960	0	651	929	87
704	960	0	709	930	85
768	960	0	767	930	83
832	960	0	826	930	81
896	960	0	886	931	78
960	960	0	946	931	75
1023	960	0	1005	932	72
0	1023	0	259	989	100
64	1023	0	264	989	100
128	1023	0	281	989	100
192	1023	0	309	989	100
256	1023	0	347	989	100
320	1023	0	390	989	99
384	1023	0	439	989	98
448	1023	0	490	989	97
512	1023	0	544	989	96
576	1023	0	599	990	95
640	1023	0	656	990	94
704	1023	0	713	990	92
768	1023	0	772	991	90
832	1023	0	830	991	88
896	1023	0	889	991	86
960	1023	0	949	992	83
1023	1023	0	1008	992	80
0	0	64	14	9	62
64	0	64	63	11	61
128	0	64	124	16	61
192	0	64	185	23	61
256	0	64	246	30	60
320	0	64	308	36	59
384	0	64	370	44	58
448	0	64	431	51	56
512	0	64	493	58	54
576	0	64	554	65	52
640	0	64	616	72	49
704	0	64	677	79	45
768	0	64	739	86	40
832	0	64	801	93	34
896	0	64	862	100	26
960	0	64	924	108	7
1023	0	64	984	115	0
0	64	64	20	62	62
64	64	64	64	62	62
128	64	64	124	63	61
192	64	64	185	65	61
256	64	64	247	67	60
320	64	64	308	70	59
384	64	64	370	73	58
448	64	64	431	77	56
512	64	64	493	82	54
576	64	64	554	87	52
640	64	64	616	92	49
704	64	64	677	97	45
768	64	64	739	103	41
832	64	64	801	109	35
896	64	64	862	115	26
960	64	64	924	121	9
1023	64	64	984	127	0
0	128	64	35	124	62
64	128	64	69	124	62
128	128	64	127	124	62
192	128	64	187	125	62
256	128	64	248	126	61
320	128	64	309	127	60
384	128	64	370	129	59
448	128	64	432	131	57
512	128	64	493	134	55
576	128	64	555	136	53
640	128	64	616	139	50
704	128	64	678	143	46
768	128	64	739	146	42
832	128	64	801	150	36
896	128	64	862	155	28
960	128	64	924	159	14
1023	128	64	985	163	0
0	192	64	50	186	64
64	192	64	77	186	64
128	192	64	131	186	63
192	192	64	189	186	63
256	192	64	250	187	62
320	192	64	310	188	61
384	192	64	372	189	60
448	192	64	433	190	58
512	192	64	494	192	56
576	192	64	555	194	54
640	192	64	617	196	51
704	192	64	678	198	48
768	192	64	740	200	44
832	192	64	801	203	38
896	192	64	863	206	31
960	192	64	924	209	20
1023	192	64	985	212	0
0	256	64	66	247	65
64	256	64	87	247	65
128	256	64	136	248	65
192	256	64	193	248	65
256	256	64	252	248	64
320	256	64	313	249	63
384	256	64	373	250	62
448	256	64	434	251	60
512	256	64	495	252	58
576	256	64	556	253	56
640	256	64	618	255	53
704	256	64	679	256	50
768	256	64	741	258	46
832	256	64	802	260	41
896	256	64	863	262	35
960	256	64	925	265	26
1023	256	64	985	267	0
0	320	64	82	309	68
64	320	64	99	309	67
128	320	64	144	309	67
192	320	64	198	310	67
256	320	64	256	310	66
320	320	64	315	310	65
384	320	64	375	311	64
448	320	64	436	312	63
512	320	64	497	313	61
576	320	64	558	314	59
640	320	64	619	315	56
704	320	64	680	316	53
768	320	64	742	318	50
832	320	64	803	319	45
896	320	64	864	321	39
960	320	64	926	323	32
1023	320	64	986	325	20
0	384	64	98	371	70
64	384	64	113	371	70
128	384	64	153	371	70
192	384	64	204	371	70
256	384	64	261	372	69
320	384	64	319	372	68
384	384	64	378	373	67
448	384	64	438	373	66
512	384	64	499	374	64
576	384	64	560	375	62
640	384	64	621	376	60
704	384	64	682	377	57
768	384	64	743	378	53
832	384	64	804	379	49
896	384	64	865	380	44
960	384	64	927	382	38
1023	384	64	987	384	30
0	448	64	114	433	73
64	448	64	127	433	73
128	448	64	163	433	73
192	448	64	211	433	73
256	448	64	266	433	72
320	448	64	323	434	71
384	448	64	382	434	70
448	448	64	441	435	69
512	448	64	501	435	68
576	448	64	562	436	66
640	448	64	623	437	63
704	448	64	683	438	61
768	448	64	744	439	58
832	448	64	805	440	54
896	448	64	867	441	50
960	448	64	928	442	44
1023	448	64	988	443	38
0	512	64	130	495	77
64	512	64	141	495	77
128	512	64	174	495	77
192	512	64	220	495	76
256	512	64	272	495	76
320	512	64	328	495	75
384	512	64	386	496	74
448	512	64	445	496	73
512	512	64	504	497	72
576	512	64	564	497	70
640	512	64	625	498	68
704	512	64	685	499	65
768	512	64	746	500	62
832	512	64	807	500	59
896	512	64	868	501	55
960	512	64	929	503	51
1023	512	64	989	504	45
0	576	64	146	557	81
64	576	64	156	557	81
128	576	64	185	557	81
192	576	64	229	557	80
256	576	64	279	557	80
320	576	64	334	557	79
384	576	64	391	558	78
448	576	64	449	558	77
512	576	64	508	558	76
576	576	64	567	559	74
640	576	64	627	559	72
704	576	64	688	560	70
768	576	64	748	561	67
832	576	64	809	562	64
896	576	64	870	562	61
960	576	64	931	563	57
1023	576	64	991	564	52
0	640	64	163	618	85
64	640	64	171	618	85
128	640	64	198	619	85
192	640	64	239	619	85
256	640	64	287	619	84
320	640	64	340	619	84
384	640	64	396	619	83
448	640	64	453	620	82
512	640	64	512	620	80
576	640	64	571	620	79
640	640	64	630	621	77
704	640	64	691	621	75
768	640	64	751	622	73
832	640	64	811	623	70
896	640	64	872	624	67
960	640	64	933	624	63
1023	640	64	993	625	59
0	704	64	179	680	90
64	704	64	186	680	90
128	704	64	211	680	89
192	704	64	249	680	89
256	704	64	296	681	89
320	704	64	347	681	88
384	704	64	402	681	87
448	704	64	458	681	86
512	704	64	516	682	85
576	704	64	575	682	84
640	704	64	634	682	82
704	704	64	694	683	80
768	704	64	754	684	78
832	704	64	814	684	75
896	704	64	874	685	73
960	704	64	935	686	69
1023	704	64	995	686	66
0	768	64	195	742	94
64	768	64	202	742	94
128	768	64	224	742	94
192	768	64	260	742	94
256	768	64	305	742	93
320	768	64	355	743	93
384	768	64	408	743	92
448	768	64	464	743	91
512	768	64	521	743	90
576	768	64	579	744	89
640	768	64	638	744	87
704	768	64	697	745	85
768	768	64	757	745	83
832	768	64	817	746	81
896	768	64	877	746	79
960	768	64	937	747	76
1023	768	64	997	748	72
0	832	64	211	804	99
64	832	64	217	804	99
128	832	64	238	804	99
192	832	64	272	804	99
256	832	64	315	804	98
320	832	64	363	804	98
384	832	64	415	805	97
448	832	64	470	805	96
512	832	64	526	805	95
576	832	64	583	805	94
640	832	64	642	806	93
704	832	64	701	806	91
768	832	64	760	807	89
832	832	64	820	807	87
896	832	64	880	808	85
960	832	64	940	808	82
1023	832	64	999	809	79
0	896	64	227	866	104
64	896	64	233	866	104
128	896	64	252	866	104
192	896	64	284	866	104
256	896	64	325	866	103
320	896	64	372	866	103
384	896	64	423	866	102
448	896	64	476	867	101
512	896	64	532	867	101
576	896	64	588	867	99
640	896	64	646	867	98
704	896	64	705	868	96
768	896	64	764	868	95
832	896	64	823	869	93
896	896	64	883	869	91
960	896	64	943	870	88
1023	896	64	1002	870	85
0	960	64	244	928	109
64	960	64	249	928	109
128	960	64	267	928	109
192	960	64	297	928	109
256	960	64	336	928	109
320	960	64	381	928	108
384	960	64	430	928	108
448	960	64	483	928	107
512	960	64	538	929	106
576	960	64	594	929	105
640	960	64	651	929	104
704	960	64	709	930	102
768	960	64	767	930	101
832	960	64	827	930	99
896	960	64	886	931	97
960	960	64	946	931	94
1023	960	64	1005	932	92
0	1023	64	260	989	115
64	1023	64	264	989	115
128	1023	64	281	989	115
192	1023	64	309	989	114
256	1023	64	347	989	114
320	1023	64	390	989	114
384	1023	64	439	989	113
448	1023	64	490	989	112
512	1023	64	544	989	111
576	1023	64	599	990	110
640	1023	64	656	990	109
704	1023	64	713	990	108
768	1023	64	772	991	106
832	1023	64	830	991	105
896	1023	64	889	991	103
960	1023	64	949	992	101
1023	1023	64	1008	992	98
0	0	128	27	17	123
64	0	128	66	18	123
128	0	128	125	22	123
192	0	128	186	27	123
256	0	128	247	33	122
320	0	128	309	39	122
384	0	128	370	46	121
448	0	128	431	52	121
512	0	128	493	59	120
576	0	128	555	66	119
640	0	128	616	73	118
704	0	128	678	80	117
768	0	128	739	87	115
832	0	128	801	94	114
896	0	128	862	101	112
960	0	128	924	108	110
1023	0	128	984	115	108
0	64	128	31	64	123
64	64	128	67	64	123
128	64	128	126	65	123
192	64	128	186	66	123
256	64	128	247	68	123
320	64	128	309	71	122
384	64	128	370	75	122
448	64	128	432	79	121
512	64	128	493	83	120
576	64	128	555	88	119
640	64	128	616	93	118
704	64	128	678	98	117
768	64	128	739	104	116
832	64	128	801	110	114
896	64	128	862	115	112
960	64	128	924	122	110
1023	64	128	984	128	108
0	128	128	41	124	123
64	128	128	72	125	123
128	128	128	128	125	123
192	128	128	188	126	123
256	128	128	248	127	123
320	128	128	310	128	122
384	128	128	371	130	122
448	128	128	432	132	121
512	128	128	494	134	120
576	128	128	555	137	119
640	128	128	616	140	118
704	128	128	678	143	117
768	128	128	739	147	116
832	128	128	801	151	114
896	128	128	863	155	113
960	128	128	924	159	111
1023	128	128	985	164	109
0	192	128	54	186	124
64	192	128	80	186	124
128	192	128	132	186	124
192	192	128	190	187	124
256	192	128	250	187	123
320	192	128	311	188	123
384	192	128	372	189	122
448	192	128	433	191	122
512	192	128	494	192	121
576	192	128	556	194	120
640	192	128	617	196	119
704	192	128	679	198	118
768	192	128	740	201	116
832	192	128	801	203	115
896	192	128	863	206	113
960	192	128	924	209	111
1023	192	128	985	213	109
0	256	128	69	248	125
64	256	128	90	248	125
128	256	128	138	248	125
192	256	128	194	248	124
256	256	128	253	249	124
320	256	128	313	249	124
384	256	128	374	250	123
448	256	128	434	251	123
512	256	128	496	252	122
576	256	128	557	253	121
640	256	128	618	255	120
704	256	128	679	257	119
768	256	128	741	258	117
832	256	128	802	260	116
896	256	128	864	263	114
960	256	128	925	265	112
1023	256	128	986	267	110
0	320	128	84	309	126
64	320	128	101	310	126
128	320	128	145	310	126
192	320	128	199	310	125
256	320	128	257	310	125
320	320	128	316	311	125
384	320	128	376	311	124
448	320	128	436	312	124
512	320	128	497	313	123
576	320	128	558	314	122
640	320	128	619	315	121
704	320	128	680	316	120
768	320	128	742	318	118
832	320	128	803	319	117
896	320	128	864	321	115
960	320	128	926	323	113
1023	320	128	986	325	111
0	384	128	100	371	127
64	384	128	114	371	127
128	384	128	154	371	127
192	384	128	205	372	127
256	384	128	261	372	127
320	384	128	319	372	126
384	384	128	379	373	126
448	384	128	439	373	125
512	384	128	499	374	124
576	384	128	560	375	123
640	384	128	621	376	122
704	384	128	682	377	121
768	384	128	743	378	120
832	384	128	804	379	118
896	384	128	865	381	117
960	384	128	927	382	115
1023	384	128	987	384	113
0	448	128	116	433	129
64	448	128	128	433	129
128	448	128	164	433	129
192	448	128	212	433	128
256	448	128	267	434	128
320	448	128	324	434	128
384	448	128	382	434	127
448	448	128	442	435	127
512	448	128	502	435	126
576	448	128	562	436	125
640	448	128	623	437	124
704	448	128	684	438	123
768	448	128	745	439	122
832	448	128	806	440	120
896	448	128	867	441	118
960	448	128	928	442	117
1023	448	128	988	443	115
0	512	128	132	495	131
64	512	128	142	495	131
128	512	128	175	495	130
192	512	128	220	495	130
256	512	128	273	495	130
320	512	128	329	496	130
384	512	128	386	496	129
448	512	128	445	496	128
512	512	128	505	497	128
576	512	128	565	497	127
640	512	128	625	498	126
704	512	128	686	499	125
768	512	128	746	500	123
832	512	128	807	501	122
896	512	128	868	502	120
960	512	128	929	503	119
1023	512	128	990	504	117
0	576	128	148	557	133
64	576	128	157	557	133
128	576	128	186	557	133
192	576	128	229	557	132
256	576	128	280	557	132
320	576	128	334	557	132
384	576	128	391	558	131
448	576	128	449	558	131
512	576	128	508	558	130
576	576	128	568	559	129
640	576	128	628	559	128
704	576	128	688	560	127
768	576	128	749	561	126
832	576	128	809	562	124
896	576	128	870	563	123
960	576	128	931	563	121
1023	576	128	991	564	119
0	640	128	164	619	135
64	640	128	172	619	135
128	640	128	199	619	135
192	640	128	239	619	135
256	640	128	288	619	135
320	640	128	341	619	134
384	640	128	396	619	134
448	640	128	454	620	133
512	640	128	512	620	132
576	640	128	571	620	132
640	640	128	631	621	131
704	640	128	691	622	130
768	640	128	751	622	128
832	640	128	811	623	127
896	640	128	872	624	125
960	640	128	933	624	124
1023	640	128	993	625	122
0	704	128	180	680	138
64	704	128	187	680	138
128	704	128	212	680	138
192	704	128	250	681	137
256	704	128	296	681	137
320	704	128	348	681	137
384	704	128	402	681	136
448	704	128	459	681	136
512	704	128	516	682	135
576	704	128	575	682	134
640	704	128	634	683	133
704	704	128	694	683	132
768	704	128	754	684	131
832	704	128	814	684	130
896	704	128	874	685	128
960	704	128	935	686	127
1023	704	128	995	686	125
0	768	128	196	742	141
64	768	128	203	742	141
128	768	128	225	742	140
192	768	128	261	742	140
256	768	128	305	742	140
320	768	128	355	743	140
384	768	128	409	743	139
448	768	128	464	743	139
512	768	128	521	743	138
576	768	128	579	744	137
640	768	128	638	744	136
704	768	128	697	745	135
768	768	128	757	745	134
832	768	128	817	746	133
896	768	128	877	746	131
960	768	128	937	747	130
1023	768	128	997	748	128
0	832	128	212	804	144
64	832	128	218	804	144
128	832	128	239	804	144
192	832	128	273	804	143
256	832	128	315	804	143
320	832	128	363	804	143
384	832	128	415	805	142
448	832	128	470	805	142
512	832	128	526	805	141
576	832	128	584	805	140
640	832	128	642	806	139
704	832	128	701	806	138
768	832	128	760	807	137
832	832	128	820	807	136
896	832	128	880	808	135
960	832	128	940	808	133
1023	832	128	999	809	132
0	896	128	228	866	147
64	896	128	234	866	147
128	896	128	253	866	147
192	896	128	285	866	147
256	896	128	325	866	146
320	896	128	372	866	146
384	896	128	423	866	146
448	896	128	476	867	145
512	896	128	532	867	144
576	896	128	589	867	144
640	896	128	646	868	143
704	896	128	705	868	142
768	896	128	764	868	141
832	896	128	823	869	140
896	896	128	883	869	138
960	896	128	943	870	137
1023	896	128	1002	870	135
0	960	128	244	928	150
64	960	128	250	928	150
128	960	128	268	928	150
192	960	128	297	928	150
256	960	128	336	928	150
320	960	128	381	928	150
384	960	128	431	928	149
448	960	128	483	928	149
512	960	128	538	929	148
576	960	128	594	929	147
640	960	128	651	929	146
704	960	128	709	930	146
768	960	128	768	930	144
832	960	128	827	930	143
896	960	128	886	931	142
960	960	128	946	931	141
1023	960	128	1005	932	139
0	1023	128	260	989	154
64	1023	128	265	989	154
128	1023	128	282	989	154
192	1023	128	310	989	154
256	1023	128	347	989	154
320	1023	128	391	989	153
384	1023	128	439	989	153
448	1023	128	491	989	152
512	1023	128	544	989	152
576	1023	128	600	990	151
640	1023	128	656	990	150
704	1023	128	714	990	149
768	1023	128	772	991	148
832	1023	128	830	991	147
896	1023	128	890	992	146
960	1023	128	949	992	144
1023	1023	128	1008	993	143
0	0	192	41	26	185
64	0	192	72	27	185
128	0	192	128	29	185
192	0	192	188	33	184
256	0	192	248	38	184
320	0	192	309	43	184
384	0	192	371	49	184
448	0	192	432	55	183
512	0	192	494	62	183
576	0	192	555	68	182
640	0	192	616	75	182
704	0	192	678	82	181
768	0	192	739	89	180
832	0	192	801	96	179
896	0	192	863	103	178
960	0	192	924	109	177
1023	0	192	985	116	176
0	64	192	43	66	185
64	64	192	73	66	185
128	64	192	129	67	185
192	64	192	188	68	184
256	64	192	249	70	184
320	64	192	310	73	184
384	64	192	371	77	184
448	64	192	432	80	183
512	64	192	494	85	183
576	64	192	555	89	182
640	64	192	617	94	182
704	64	192	678	100	181
768	64	192	740	105	180
832	64	192	801	111	179
896	64	192	863	117	178
960	64	192	924	123	177
1023	64	192	985	129	176
0	128	192	50	126	185
64	128	192	77	126	185
128	128	192	131	126	185
192	128	192	189	127	185
256	128	192	250	128	184
320	128	192	310	129	184
384	128	192	372	131	184
448	128	192	433	133	183
512	128	192	494	135	183
576	128	192	555	138	182
640	128	192	617	141	182
704	128	192	678	144	181
768	128	192	740	148	180
832	128	192	801	152	179
896	128	192	863	156	178
960	128	192	924	160	177
1023	128	192	985	165	176
0	192	192	61	187	185
64	192	192	84	187	185
128	192	192	135	187	185
192	192	192	192	187	185
256	192	192	252	188	185
320	192	192	312	189	185
384	192	192	373	190	184
448	192	192	434	191	184
512	192	192	495	193	183
576	192	192	556	195	183
640	192	192	618	197	182
704	192	192	679	199	181
768	192	192	740	201	181
832	192	192	802	204	180
896	192	192	863	207	179
960	192	192	925	210	178
1023	192	192	985	213	176
0	256	192	74	248	186
64	256	192	94	248	186
128	256	192	140	248	186
192	256	192	196	249	185
256	256	192	254	249	185
320	256	192	314	250	185
384	256	192	374	251	185
448	256	192	435	251	184
512	256	192	496	253	184
576	256	192	557	254	183
640	256	192	618	255	183
704	256	192	680	257	182
768	256	192	741	259	181
832	256	192	802	261	180
896	256	192	864	263	179
960	256	192	925	265	178
1023	256	192	986	268	177
0	320	192	89	310	186
64	320	192	105	310	186
128	320	192	147	310	186
192	320	192	201	310	186
256	320	192	258	311	186
320	320	192	317	311	186
384	320	192	377	312	185
448	320	192	437	312	185
512	320	192	498	313	184
576	320	192	559	314	184
640	320	192	620	315	183
704	320	192	681	317	183
768	320	192	742	318	182
832	320	192	803	320	181
896	320	192	865	321	180
960	320	192	926	323	179
1023	320	192	986	325	178
0	384	192	104	372	187
64	384	192	117	372	187
128	384	192	156	372	187
192	384	192	207	372	187
256	384	192	262	372	187
320	384	192	320	373	187
384	384	192	380	373	186
448	384	192	439	374	186
512	384	192	500	374	185
576	384	192	560	375	185
640	384	192	621	376	184
704	384	192	682	377	183
768	384	192	743	378	183
832	384	192	805	379	182
896	384	192	866	381	181
960	384	192	927	382	180
1023	384	192	987	384	179
0	448	192	119	433	188
64	448	192	131	433	188
128	448	192	166	433	188
192	448	192	214	434	188
256	448	192	268	434	188
320	448	192	325	434	188
384	448	192	383	435	187
448	448	192	442	435	187
512	448	192	502	436	186
576	448	192	563	436	186
640	448	192	623	437	185
704	448	192	684	438	184
768	448	192	745	439	184
832	448	192	806	440	183
896	448	192	867	441	182
960	448	192	928	442	181
1023	448	192	989	444	180
0	512	192	134	495	189
64	512	192	145	495	189
128	512	192	177	495	189
192	512	192	222	495	189
256	512	192	274	496	189
320	512	192	330	496	189
384	512	192	387	496	188
448	512	192	446	497	188
512	512	192	505	497	188
576	512	192	565	498	187
640	512	192	625	498	186
704	512	192	686	499	186
768	512	192	747	500	185
832	512	192	808	501	184
896	512	192	869	502	183
960	512	192	930	503	182
1023	512	192	990	504	181
0	576	192	150	557	191
64	576	192	159	557	191
128	576	192	188	557	191
192	576	192	231	557	191
256	576	192	281	557	190
320	576	192	335	558	190
384	576	192	392	558	190
448	576	192	450	558	189
512	576	192	509	559	189
576	576	192	568	559	188
640	576	192	628	560	188
704	576	192	688	560	187
768	576	192	749	561	186
832	576	192	810	562	185
896	576	192	870	563	184
960	576	192	931	564	183
1023	576	192	991	565	182
0	640	192	166	619	192
64	640	192	174	619	192
128	640	192	200	619	192
192	640	192	241	619	192
256	640	192	289	619	192
320	640	192	341	619	192
384	640	192	397	620	191
448	640	192	454	620	191
512	640	192	512	620	190
576	640	192	572	621	190
640	640	192	631	621	189
704	640	192	691	622	189
768	640	192	751	622	188
832	640	192	812	623	187
896	640	192	872	624	186
960	640	192	933	625	185
1023	640	192	993	626	184
0	704	192	182	681	194
64	704	192	189	681	194
128	704	192	213	681	194
192	704	192	251	681	194
256	704	192	297	681	194
320	704	192	348	681	193
384	704	192	403	681	193
448	704	192	459	682	193
512	704	192	517	682	192
576	704	192	575	682	192
640	704	192	634	683	191
704	704	192	694	683	190
768	704	192	754	684	190
832	704	192	814	684	189
896	704	192	875	685	188
960	704	192	935	686	187
1023	704	192	995	687	186
0	768	192	197	742	196
64	768	192	204	742	196
128	768	192	227	742	196
192	768	192	262	742	196
256	768	192	306	743	196
320	768	192	356	743	195
384	768	192	409	743	195
448	768	192	465	743	195
512	768	192	522	744	194
576	768	192	580	744	194
640	768	192	638	744	193
704	768	192	697	745	192
768	768	192	757	745	192
832	768	192	817	746	191
896	768	192	877	746	190
960	768	192	938	747	189
1023	768	192	997	748	188
0	832	192	213	804	198
64	832	192	220	804	198
128	832	192	240	804	198
192	832	192	274	804	198
256	832	192	316	804	198
320	832	192	364	805	197
384	832	192	416	805	197
448	832	192	471	805	197
512	832	192	527	805	196
576	832	192	584	806	196
640	832	192	642	806	195
704	832	192	701	806	195
768	832	192	760	807	194
832	832	192	820	807	193
896	832	192	880	808	192
960	832	192	940	809	191
1023	832	192	1000	809	190
0	896	192	229	866	200
64	896	192	235	866	200
128	896	192	254	866	200
192	896	192	286	866	200
256	896	192	326	866	200
320	896	192	373	866	200
384	896	192	424	867	199
448	896	192	477	867	199
512	896	192	532	867	199
576	896	192	589	867	198
640	896	192	647	868	197
704	896	192	705	868	197
768	896	192	764	868	196
832	896	192	823	869	195
896	896	192	883	869	194
960	896	192	943	870	193
1023	896	192	1002	871	192
0	960	192	245	928	203
64	960	192	251	928	203
128	960	192	269	928	203
192	960	192	298	928	202
256	960	192	337	928	202
320	960	192	382	928	202
384	960	192	431	928	202
448	960	192	484	929	201
512	960	192	538	929	201
576	960	192	594	929	200
640	960	192	652	929	200
704	960	192	709	930	199
768	960	192	768	930	199
832	960	192	827	930	198
896	960	192	886	931	197
960	960	192	946	931	196
1023	960	192	1005	932	195
0	1023	192	261	989	205
64	1023	192	266	989	205
128	1023	192	283	989	205
192	1023	192	311	989	205
256	1023	192	348	989	205
320	1023	192	392	989	205
384	1023	192	440	989	204
448	1023	192	491	989	204
512	1023	192	545	990	204
576	1023	192	600	990	203
640	1023	192	657	990	203
704	1023	192	714	990	202
768	1023	192	772	991	201
832	1023	192	831	991	200
896	1023	192	890	992	200
960	1023	192	949	992	199
1023	1023	192	1008	993	198
0	0	256	54	35	246
64	0	256	79	35	246
128	0	256	132	37	246
192	0	256	190	40	246
256	0	256	250	44	246
320	0	256	311	48	246
384	0	256	372	54	245
448	0	256	433	59	245
512	0	256	494	65	245
576	0	256	556	72	244
640	0	256	617	78	244
704	0	256	679	84	244
768	0	256	740	91	243
832	0	256	801	98	242
896	0	256	863	105	242
960	0	256	924	111	241
1023	0	256	985	118	240
0	64	256	56	69	246
64	64	256	80	69	246
128	64	256	133	70	246
192	64	256	191	72	246
256	64	256	251	74	246
320	64	256	311	76	246
384	64	256	372	79	246
448	64	256	433	83	245
512	64	256	494	87	245
576	64	256	556	92	245
640	64	256	617	97	244
704	64	256	679	102	244
768	64	256	740	107	243
832	64	256	802	113	242
896	64	256	863	118	242
960	64	256	925	124	241
1023	64	256	985	130	240
0	128	256	61	127	246
64	128	256	84	127	246
128	128	256	135	128	246
192	128	256	192	128	246
256	128	256	252	129	246
320	128	256	312	131	246
384	128	256	373	132	246
448	128	256	434	134	245
512	128	256	495	137	245
576	128	256	556	139	245
640	128	256	618	142	244
704	128	256	679	146	244
768	128	256	740	149	243
832	128	256	802	153	242
896	128	256	863	157	242
960	128	256	925	161	241
1023	128	256	985	166	240
0	192	256	70	188	247
64	192	256	91	188	247
128	192	256	138	188	247
192	192	256	194	188	246
256	192	256	253	189	246
320	192	256	313	190	246
384	192	256	374	191	246
448	192	256	435	192	246
512	192	256	496	194	245
576	192	256	557	196	245
640	192	256	618	198	244
704	192	256	679	200	244
768	192	256	741	202	243
832	192	256	802	205	243
896	192	256	864	208	242
960	192	256	925	211	241
1023	192	256	986	214	240
0	256	256	82	249	247
64	256	256	99	249	247
128	256	256	144	249	247
192	256	256	198	249	247
256	256	256	256	250	247
320	256	256	315	250	246
384	256	256	375	251	246
448	256	256	436	252	246
512	256	256	497	253	246
576	256	256	558	255	245
640	256	256	619	256	245
704	256	256	680	258	244
768	256	256	742	259	244
832	256	256	803	261	243
896	256	256	864	264	242
960	256	256	926	266	242
1023	256	256	986	268	241
0	320	256	95	310	247
64	320	256	110	310	247
128	320	256	151	311	247
192	320	256	203	311	247
256	320	256	260	311	247
320	320	256	318	312	247
384	320	256	378	312	247
448	320	256	438	313	246
512	320	256	499	314	246
576	320	256	559	315	246
640	320	256	620	316	245
704	320	256	681	317	245
768	320	256	743	319	244
832	320	256	804	320	244
896	320	256	865	322	243
960	320	256	926	324	242
1023	320	256	987	326	241
0	384	256	109	372	248
64	384	256	122	372	248
128	384	256	159	372	248
192	384	256	209	372	248
256	384	256	264	373	248
320	384	256	322	373	248
384	384	256	381	373	247
448	384	256	440	374	247
512	384	256	501	375	247
576	384	256	561	376	246
640	384	256	622	376	246
704	384	256	683	377	245
768	384	256	744	379	245
832	384	256	805	380	244
896	384	256	866	381	243
960	384	256	927	383	243
1023	384	256	988	384	242
0	448	256	123	434	249
64	448	256	135	434	249
128	448	256	169	434	249
192	448	256	216	434	249
256	448	256	269	434	248
320	448	256	326	434	248
384	448	256	384	435	248
448	448	256	443	435	248
512	448	256	503	436	247
576	448	256	563	437	247
640	448	256	624	437	247
704	448	256	685	438	246
768	448	256	745	439	246
832	448	256	806	440	245
896	448	256	867	441	244
960	448	256	929	443	243
1023	448	256	989	444	243
0	512	256	138	495	250
64	512	256	148	495	250
128	512	256	179	496	249
192	512	256	224	496	249
256	512	256	276	496	249
320	512	256	331	496	249
384	512	256	388	496	249
448	512	256	447	497	249
512	512	256	506	497	248
576	512	256	566	498	248
640	512	256	626	499	247
704	512	256	687	499	247
768	512	256	747	500	246
832	512	256	808	501	246
896	512	256	869	502	245
960	512	256	930	503	244
1023	512	256	990	504	244
0	576	256	153	557	251
64	576	256	162	557	251
128	576	256	191	557	250
192	576	256	233	557	250
256	576	256	282	558	250
320	576	256	336	558	250
384	576	256	393	558	250
448	576	256	451	558	250
512	576	256	509	559	249
576	576	256	569	559	249
640	576	256	629	560	248
704	576	256	689	561	248
768	576	256	749	561	247
832	576	256	810	562	247
896	576	256	871	563	246
960	576	256	932	564	245
1023	576	256	992	565	245
0	640	256	169	619	252
64	640	256	177	619	252
128	640	256	203	619	252
192	640	256	242	619	252
256	640	256	290	619	251
320	640	256	343	619	251
384	640	256	398	620	251
448	640	256	455	620	251
512	640	256	513	620	250
576	640	256	572	621	250
640	640	256	632	621	250
704	640	256	692	622	249
768	640	256	752	623	249
832	640	256	812	623	248
896	640	256	873	624	247
960	640	256	934	625	246
1023	640	256	993	626	246
0	704	256	184	681	253
64	704	256	192	681	253
128	704	256	216	681	253
192	704	256	253	681	253
256	704	256	299	681	253
320	704	256	350	681	252
384	704	256	404	681	252
448	704	256	460	682	252
512	704	256	518	682	252
576	704	256	576	682	251
640	704	256	635	683	251
704	704	256	695	683	250
768	704	256	755	684	250
832	704	256	815	685	249
896	704	256	875	685	248
960	704	256	936	686	248
1023	704	256	995	687	247
0	768	256	200	743	254
64	768	256	207	743	254
128	768	256	229	743	254
192	768	256	264	743	254
256	768	256	308	743	254
320	768	256	357	743	254
384	768	256	410	743	254
448	768	256	465	743	253
512	768	256	522	744	253
576	768	256	580	744	253
640	768	256	639	744	252
704	768	256	698	745	252
768	768	256	758	745	251
832	768	256	817	746	251
896	768	256	878	747	250
960	768	256	938	747	249
1023	768	256	998	748	248
0	832	256	216	804	256
64	832	256	222	804	256
128	832	256	242	804	256
192	832	256	275	804	256
256	832	256	317	805	256
320	832	256	365	805	255
384	832	256	417	805	255
448	832	256	471	805	255
512	832	256	527	805	255
576	832	256	585	806	254
640	832	256	643	806	254
704	832	256	702	807	253
768	832	256	761	807	253
832	832	256	820	808	252
896	832	256	880	808	251
960	832	256	941	809	251
1023	832	256	1000	809	250
0	896	256	231	866	257
64	896	256	237	866	257
128	896	256	256	866	257
192	896	256	287	866	257
256	896	256	328	866	257
320	896	256	374	867	257
384	896	256	425	867	257
448	896	256	478	867	257
512	896	256	533	867	256
576	896	256	590	867	256
640	896	256	647	868	255
704	896	256	706	868	255
768	896	256	765	869	254
832	896	256	824	869	254
896	896	256	883	870	253
960	896	256	943	870	252
1023	896	256	1003	871	252
0	960	256	247	928	259
64	960	256	253	928	259
128	960	256	270	928	259
192	960	256	300	928	259
256	960	256	338	928	259
320	960	256	383	928	259
384	960	256	432	928	259
448	960	256	485	929	258
512	960	256	539	929	258
576	960	256	595	929	258
640	960	256	652	929	257
704	960	256	710	930	257
768	960	256	768	930	256
832	960	256	827	931	256
896	960	256	887	931	255
960	960	256	946	932	254
1023	960	256	1005	932	254
0	1023	256	263	989	261
64	1023	256	268	989	261
128	1023	256	284	989	261
192	1023	256	312	989	261
256	1023	256	349	989	261
320	1023	256	393	989	261
384	1023	256	441	989	261
448	1023	256	492	989	260
512	1023	256	545	990	260
576	1023	256	601	990	260
640	1023	256	657	990	259
704	1023	256	715	991	259
768	1023	256	773	991	258
832	1023	256	831	991	258
896	1023	256	890	992	257
960	1023	256	950	992	256
1023	1023	256	1008	993	255
0	0	320	68	44	308
64	0	320	89	44	308
128	0	320	137	45	308
192	0	320	194	48	308
256	0	320	253	51	308
320	0	320	313	55	307
384	0	320	373	59	307
448	0	320	434	64	307
512	0	320	495	70	307
576	0	320	557	76	306
640	0	320	618	82	306
704	0	320	679	88	306
768	0	320	741	94	305
832	0	320	802	101	305
896	0	320	864	107	304
960	0	320	925	114	304
1023	0	320	985	120	303
0	64	320	69	74	308
64	64	320	90	74	308
128	64	320	138	74	308
192	64	320	194	76	308
256	64	320	253	78	308
320	64	320	313	80	307
384	64	320	374	83	307
448	64	320	434	86	307
512	64	320	496	90	307
576	64	320	557	95	306
640	64	320	618	99	306
704	64	320	679	104	306
768	64	320	741	110	305
832	64	320	802	115	305
896	64	320	864	121	304
960	64	320	925	126	304
1023	64	320	986	132	303
0	128	320	73	129	308
64	128	320	93	129	308
128	128	320	140	130	308
192	128	320	195	130	308
256	128	320	254	131	308
320	128	320	314	133	308
384	128	320	374	134	307
448	128	320	435	136	307
512	128	320	496	139	307
576	128	320	557	141	307
640	128	320	618	144	306
704	128	320	680	147	306
768	128	320	741	151	305
832	128	320	802	155	305
896	128	320	864	159	304
960	128	320	925	163	304
1023	128	320	986	167	303
0	192	320	81	189	308
64	192	320	99	189	308
128	192	320	143	189	308
192	192	320	198	190	308
256	192	320	256	190	308
320	192	320	315	191	308
384	192	320	375	192	308
448	192	320	436	194	307
512	192	320	497	195	307
576	192	320	558	197	307
640	192	320	619	199	306
704	192	320	680	201	306
768	192	320	741	203	306
832	192	320	803	206	305
896	192	320	864	209	305
960	192	320	926	212	304
1023	192	320	986	215	303
0	256	320	91	250	308
64	256	320	107	250	308
128	256	320	149	250	308
192	256	320	201	250	308
256	256	320	258	251	308
320	256	320	317	251	308
384	256	320	377	252	308
448	256	320	437	253	308
512	256	320	498	254	307
576	256	320	559	256	307
640	256	320	620	257	307
704	256	320	681	259	306
768	256	320	742	260	306
832	256	320	804	262	305
896	256	320	865	265	305
960	256	320	926	267	304
1023	256	320	987	269	304
0	320	320	102	311	309
64	320	320	116	311	309
128	320	320	155	311	309
192	320	320	206	311	309
256	320	320	262	312	308
320	320	320	320	312	308
384	320	320	379	313	308
448	320	320	439	314	308
512	320	320	500	314	308
576	320	320	560	315	307
640	320	320	621	317	307
704	320	320	682	318	307
768	320	320	743	319	306
832	320	320	804	321	306
896	320	320	866	323	305
960	320	320	927	324	305
1023	320	320	987	326	304
0	384	320	115	373	309
64	384	320	128	373	309
128	384	320	163	373	309
192	384	320	212	373	309
256	384	320	266	373	309
320	384	320	323	374	309
384	384	320	382	374	309
448	384	320	442	375	308
512	384	320	502	375	308
576	384	320	562	376	308
640	384	320	623	377	307
704	384	320	684	378	307
768	384	320	745	379	307
832	384	320	806	380	306
896	384	320	867	382	306
960	384	320	928	383	305
1023	384	320	988	385	304
0	448	320	129	434	310
64	448	320	140	434	310
128	448	320	173	434	310
192	448	320	219	434	310
256	448	320	272	435	309
320	448	320	328	435	309
384	448	320	386	435	309
448	448	320	445	436	309
512	448	320	504	436	309
576	448	320	564	437	308
640	448	320	625	438	308
704	448	320	685	439	308
768	448	320	746	440	307
832	448	320	807	441	307
896	448	320	868	442	306
960	448	320	929	443	306
1023	448	320	989	445	305
0	512	320	143	496	310
64	512	320	153	496	310
128	512	320	183	496	310
192	512	320	227	496	310
256	512	320	278	496	310
320	512	320	333	497	310
384	512	320	390	497	310
448	512	320	448	497	310
512	512	320	507	498	309
576	512	320	567	498	309
640	512	320	627	499	309
704	512	320	687	500	308
768	512	320	748	501	308
832	512	320	809	501	307
896	512	320	870	502	307
960	512	320	931	504	306
1023	512	320	991	505	306
0	576	320	158	558	311
64	576	320	166	558	311
128	576	320	194	558	311
192	576	320	235	558	311
256	576	320	285	558	311
320	576	320	338	558	311
384	576	320	394	558	311
448	576	320	452	559	310
512	576	320	510	559	310
576	576	320	570	560	310
640	576	320	630	560	309
704	576	320	690	561	309
768	576	320	750	562	309
832	576	320	811	562	308
896	576	320	871	563	308
960	576	320	932	564	307
1023	576	320	992	565	306
0	640	320	173	619	312
64	640	320	180	619	312
128	640	320	206	619	312
192	640	320	245	619	312
256	640	320	292	620	312
320	640	320	344	620	312
384	640	320	399	620	311
448	640	320	456	620	311
512	640	320	514	621	311
576	640	320	573	621	311
640	640	320	633	622	310
704	640	320	692	622	310
768	640	320	752	623	310
832	640	320	813	624	309
896	640	320	873	624	309
960	640	320	934	625	308
1023	640	320	994	626	307
0	704	320	188	681	313
64	704	320	195	681	313
128	704	320	218	681	313
192	704	320	255	681	313
256	704	320	301	681	313
320	704	320	351	681	313
384	704	320	405	682	312
448	704	320	461	682	312
512	704	320	519	682	312
576	704	320	577	683	312
640	704	320	636	683	311
704	704	320	695	684	311
768	704	320	755	684	310
832	704	320	815	685	310
896	704	320	876	686	310
960	704	320	936	686	309
1023	704	320	996	687	308
0	768	320	203	743	314
64	768	320	210	743	314
128	768	320	231	743	314
192	768	320	266	743	314
256	768	320	310	743	314
320	768	320	359	743	314
384	768	320	412	743	313
448	768	320	467	744	313
512	768	320	523	744	313
576	768	320	581	744	313
640	768	320	640	745	312
704	768	320	699	745	312
768	768	320	758	746	312
832	768	320	818	746	311
896	768	320	878	747	311
960	768	320	938	748	310
1023	768	320	998	748	309
0	832	320	219	805	315
64	832	320	225	805	315
128	832	320	245	805	315
192	832	320	277	805	315
256	832	320	319	805	315
320	832	320	367	805	315
384	832	320	418	805	315
448	832	320	473	805	314
512	832	320	528	806	314
576	832	320	586	806	314
640	832	320	644	806	314
704	832	320	702	807	313
768	832	320	762	807	313
832	832	320	821	808	312
896	832	320	881	808	312
960	832	320	941	809	311
1023	832	320	1000	810	311
0	896	320	234	866	316
64	896	320	240	866	316
128	896	320	259	866	316
192	896	320	289	866	316
256	896	320	329	867	316
320	896	320	375	867	316
384	896	320	426	867	316
448	896	320	479	867	316
512	896	320	534	867	315
576	896	320	591	868	315
640	896	320	648	868	315
704	896	320	706	868	315
768	896	320	765	869	314
832	896	320	824	869	314
896	896	320	884	870	313
960	896	320	944	870	313
1023	896	320	1003	871	312
0	960	320	250	928	318
64	960	320	255	928	318
128	960	320	273	928	318
192	960	320	302	928	318
256	960	320	340	928	318
320	960	320	385	928	318
384	960	320	434	929	317
448	960	320	486	929	317
512	960	320	540	929	317
576	960	320	596	929	317
640	960	320	653	930	316
704	960	320	711	930	316
768	960	320	769	930	316
832	960	320	828	931	315
896	960	320	887	931	315
960	960	320	947	932	314
1023	960	320	1006	932	313
0	1023	320	265	989	319
64	1023	320	270	989	319
128	1023	320	287	989	319
192	1023	320	314	989	319
256	1023	320	351	989	319
320	1023	320	394	989	319
384	1023	320	442	989	319
448	1023	320	493	990	319
512	1023	320	546	990	318
576	1023	320	602	990	318
640	1023	320	658	990	318
704	1023	320	715	991	317
768	1023	320	773	991	317
832	1023	320	832	991	317
896	1023	320	891	992	316
960	1023	320	950	992	315
1023	1023	320	1009	993	315
0	0	384	81	52	369
64	0	384	99	53	369
128	0	384	143	54	369
192	0	384	198	55	369
256	0	384	256	58	369
320	0	384	315	62	369
384	0	384	375	66	369
448	0	384	436	70	369
512	0	384	497	75	368
576	0	384	558	80	368
640	0	384	619	86	368
704	0	384	680	92	368
768	0	384	741	98	367
832	0	384	803	104	367
896	0	384	864	110	367
960	0	384	926	117	366
1023	0	384	986	123	366
0	64	384	82	79	369
64	64	384	100	79	369
128	64	384	144	79	369
192	64	384	198	81	369
256	64	384	256	82	369
320	64	384	315	85	369
384	64	384	376	87	369
448	64	384	436	91	369
512	64	384	497	94	369
576	64	384	558	98	368
640	64	384	619	103	368
704	64	384	680	108	368
768	64	384	742	113	367
832	64	384	803	118	367
896	64	384	864	124	367
960	64	384	926	129	366
1023	64	384	986	135	366
0	128	384	86	132	369
64	128	384	103	132	369
128	128	384	146	132	369
192	128	384	200	133	369
256	128	384	257	134	369
320	128	384	316	135	369
384	128	384	376	137	369
448	128	384	437	139	369
512	128	384	497	141	369
576	128	384	558	144	368
640	128	384	619	146	368
704	128	384	681	150	368
768	128	384	742	153	367
832	128	384	803	157	367
896	128	384	865	161	367
960	128	384	926	165	366
1023	128	384	986	169	366
0	192	384	92	191	370
64	192	384	108	191	370
128	192	384	149	191	369
192	192	384	202	191	369
256	192	384	259	192	369
320	192	384	318	193	369
384	192	384	377	194	369
448	192	384	438	195	369
512	192	384	498	197	369
576	192	384	559	198	368
640	192	384	620	200	368
704	192	384	681	203	368
768	192	384	742	205	368
832	192	384	804	208	367
896	192	384	865	210	367
960	192	384	926	213	366
1023	192	384	987	217	366
0	256	384	101	251	370
64	256	384	115	251	370
128	256	384	154	251	370
192	256	384	205	252	370
256	256	384	261	252	370
320	256	384	320	253	369
384	256	384	379	253	369
448	256	384	439	254	369
512	256	384	499	255	369
576	256	384	560	257	369
640	256	384	621	258	368
704	256	384	682	260	368
768	256	384	743	262	368
832	256	384	804	263	367
896	256	384	866	266	367
960	256	384	927	268	367
1023	256	384	987	270	366
0	320	384	111	312	370
64	320	384	124	312	370
128	320	384	161	312	370
192	320	384	210	312	370
256	320	384	265	313	370
320	320	384	322	313	370
384	320	384	381	314	370
448	320	384	441	315	369
512	320	384	501	315	369
576	320	384	561	316	369
640	320	384	622	318	369
704	320	384	683	319	368
768	320	384	744	320	368
832	320	384	805	322	368
896	320	384	866	323	367
960	320	384	928	325	367
1023	320	384	988	327	366
0	384	384	123	373	370
64	384	384	134	373	370
128	384	384	169	373	370
192	384	384	216	374	370
256	384	384	269	374	370
320	384	384	326	374	370
384	384	384	384	375	370
448	384	384	443	375	370
512	384	384	503	376	370
576	384	384	563	377	369
640	384	384	624	378	369
704	384	384	684	379	369
768	384	384	745	380	368
832	384	384	806	381	368
896	384	384	867	383	368
960	384	384	929	384	367
1023	384	384	989	386	367
0	448	384	136	435	371
64	448	384	146	435	371
128	448	384	177	435	371
192	448	384	223	435	371
256	448	384	274	435	371
320	448	384	330	436	371
384	448	384	387	436	370
448	448	384	446	436	370
512	448	384	505	437	370
576	448	384	565	438	370
640	448	384	626	438	370
704	448	384	686	439	369
768	448	384	747	440	369
832	448	384	808	441	368
896	448	384	869	443	368
960	448	384	930	444	368
1023	448	384	990	445	367
0	512	384	149	496	371
64	512	384	158	496	371
128	512	384	187	496	371
192	512	384	230	497	371
256	512	384	280	497	371
320	512	384	335	497	371
384	512	384	391	497	371
448	512	384	449	498	371
512	512	384	508	498	371
576	512	384	568	499	370
640	512	384	628	500	370
704	512	384	688	500	370
768	512	384	749	501	369
832	512	384	809	502	369
896	512	384	870	503	369
960	512	384	931	504	368
1023	512	384	991	505	368
0	576	384	163	558	372
64	576	384	171	558	372
128	576	384	198	558	372
192	576	384	239	558	372
256	576	384	287	558	372
320	576	384	340	559	372
384	576	384	396	559	372
448	576	384	453	559	371
512	576	384	512	560	371
576	576	384	571	560	371
640	576	384	631	561	371
704	576	384	691	561	370
768	576	384	751	562	370
832	576	384	811	563	370
896	576	384	872	564	369
960	576	384	933	565	369
1023	576	384	993	566	368
0	640	384	177	620	373
64	640	384	185	620	373
128	640	384	210	620	373
192	640	384	248	620	373
256	640	384	295	620	373
320	640	384	347	620	372
384	640	384	401	620	372
448	640	384	458	621	372
512	640	384	516	621	372
576	640	384	574	622	372
640	640	384	634	622	371
704	640	384	693	623	371
768	640	384	753	623	371
832	640	384	814	624	370
896	640	384	874	625	370
960	640	384	935	626	369
1023	640	384	995	626	369
0	704	384	192	681	373
64	704	384	199	681	373
128	704	384	222	681	373
192	704	384	258	682	373
256	704	384	303	682	373
320	704	384	353	682	373
384	704	384	407	682	373
448	704	384	463	682	373
512	704	384	520	683	373
576	704	384	578	683	372
640	704	384	637	684	372
704	704	384	696	684	372
768	704	384	756	685	372
832	704	384	816	685	371
896	704	384	876	686	371
960	704	384	937	687	370
1023	704	384	996	687	370
0	768	384	207	743	374
64	768	384	213	743	374
128	768	384	235	743	374
192	768	384	269	743	374
256	768	384	312	743	374
320	768	384	361	744	374
384	768	384	413	744	374
448	768	384	468	744	374
512	768	384	525	744	374
576	768	384	582	745	373
640	768	384	641	745	373
704	768	384	700	746	373
768	768	384	759	746	372
832	768	384	819	747	372
896	768	384	879	747	372
960	768	384	939	748	371
1023	768	384	999	749	371
0	832	384	222	805	375
64	832	384	228	805	375
128	832	384	248	805	375
192	832	384	280	805	375
256	832	384	322	805	375
320	832	384	369	805	375
384	832	384	420	805	375
448	832	384	474	806	375
512	832	384	530	806	374
576	832	384	587	806	374
640	832	384	645	807	374
704	832	384	703	807	374
768	832	384	762	808	373
832	832	384	822	808	373
896	832	384	882	809	373
960	832	384	942	809	372
1023	832	384	1001	810	372
0	896	384	238	867	376
64	896	384	243	867	376
128	896	384	262	867	376
192	896	384	292	867	376
256	896	384	332	867	376
320	896	384	377	867	376
384	896	384	427	867	376
448	896	384	480	867	376
512	896	384	535	868	376
576	896	384	592	868	375
640	896	384	649	868	375
704	896	384	707	869	375
768	896	384	766	869	374
832	896	384	825	870	374
896	896	384	885	870	374
960	896	384	945	871	373
1023	896	384	1004	871	373
0	960	384	253	928	377
64	960	384	258	928	377
128	960	384	275	928	377
192	960	384	304	929	377
256	960	384	342	929	377
320	960	384	386	929	377
384	960	384	435	929	377
448	960	384	487	929	377
512	960	384	541	929	377
576	960	384	597	930	376
640	960	384	654	930	376
704	960	384	712	930	376
768	960	384	770	931	376
832	960	384	829	931	375
896	960	384	888	932	375
960	960	384	948	932	374
1023	960	384	1006	933	374
0	1023	384	268	989	379
64	1023	384	273	989	379
128	1023	384	289	989	379
192	1023	384	317	989	379
256	1023	384	353	989	379
320	1023	384	396	990	378
384	1023	384	443	990	378
448	1023	384	494	990	378
512	1023	384	548	990	378
576	1023	384	603	990	378
640	1023	384	659	991	377
704	1023	384	716	991	377
768	1023	384	774	991	377
832	1023	384	833	992	376
896	1023	384	891	992	376
960	1023	384	951	993	376
1023	1023	384	1009	993	375
0	0	448	95	61	431
64	0	448	110	61	431
128	0	448	151	62	431
192	0	448	203	64	431
256	0	448	259	66	431
320	0	448	318	69	431
384	0	448	378	72	430
448	0	448	438	77	430
512	0	448	498	81	430
576	0	448	559	86	430
640	0	448	620	91	430
704	0	448	681	97	429
768	0	448	743	102	429
832	0	448	804	108	429
896	0	448	865	114	429
960	0	448	926	120	428
1023	0	448	987	127	428
0	64	448	95	84	431
64	64	448	111	84	431
128	64	448	151	85	431
192	64	448	203	86	431
256	64	448	260	88	431
320	64	448	318	90	431
384	64	448	378	92	430
448	64	448	438	95	430
512	64	448	499	99	430
576	64	448	559	103	430
640	64	448	620	107	430
704	64	448	681	112	429
768	64	448	743	117	429
832	64	448	804	122	429
896	64	448	865	127	429
960	64	448	926	132	428
1023	64	448	987	138	428
0	128	448	99	135	431
64	128	448	113	135	431
128	128	448	153	135	431
192	128	448	205	136	431
256	128	448	261	137	431
320	128	448	319	138	431
384	128	448	378	140	431
448	128	448	439	142	430
512	128	448	499	144	430
576	128	448	560	146	430
640	128	448	621	149	430
704	128	448	682	152	430
768	128	448	743	156	429
832	128	448	804	159	429
896	128	448	865	163	429
960	128	448	927	167	428
1023	128	448	987	172	428
0	192	448	104	193	431
64	192	448	118	193	431
128	192	448	156	193	431
192	192	448	207	193	431
256	192	448	262	194	431
320	192	448	320	195	431
384	192	448	380	196	431
448	192	448	440	197	431
512	192	448	500	199	430
576	192	448	560	200	430
640	192	448	621	202	430
704	192	448	682	204	430
768	192	448	743	207	429
832	192	448	805	209	429
896	192	448	866	212	429
960	192	448	927	215	428
1023	192	448	987	218	428
0	256	448	111	252	431
64	256	448	124	253	431
128	256	448	161	253	431
192	256	448	210	253	431
256	256	448	265	253	431
320	256	448	322	254	431
384	256	448	381	255	431
448	256	448	441	256	431
512	256	448	501	257	431
576	256	448	562	258	430
640	256	448	622	260	430
704	256	448	683	261	430
768	256	448	744	263	430
832	256	448	805	265	429
896	256	448	866	267	429
960	256	448	928	269	429
1023	256	448	988	272	428
0	320	448	121	313	431
64	320	448	133	313	431
128	320	448	167	313	431
192	320	448	215	314	431
256	320	448	268	314	431
320	320	448	325	314	431
384	320	448	383	315	431
448	320	448	443	316	431
512	320	448	503	317	431
576	320	448	563	317	431
640	320	448	623	319	430
704	320	448	684	320	430
768	320	448	745	321	430
832	320	448	806	323	429
896	320	448	867	324	429
960	320	448	928	326	429
1023	320	448	989	328	428
0	384	448	131	374	432
64	384	448	142	374	432
128	384	448	175	374	432
192	384	448	220	375	432
256	384	448	273	375	432
320	384	448	329	375	432
384	384	448	386	376	431
448	384	448	445	376	431
512	384	448	505	377	431
576	384	448	565	378	431
640	384	448	625	379	431
704	384	448	686	380	430
768	384	448	746	381	430
832	384	448	807	382	430
896	384	448	868	383	429
960	384	448	929	385	429
1023	384	448	990	387	429
0	448	448	143	436	432
64	448	448	153	436	432
128	448	448	183	436	432
192	448	448	227	436	432
256	448	448	278	436	432
320	448	448	333	436	432
384	448	448	390	437	432
448	448	448	448	437	432
512	448	448	507	438	431
576	448	448	567	438	431
640	448	448	627	439	431
704	448	448	687	440	431
768	448	448	748	441	430
832	448	448	809	442	430
896	448	448	870	443	430
960	448	448	931	445	429
1023	448	448	991	446	429
0	512	448	156	497	433
64	512	448	165	497	433
128	512	448	193	497	433
192	512	448	234	497	432
256	512	448	284	497	432
320	512	448	337	498	432
384	512	448	394	498	432
448	512	448	451	498	432
512	512	448	510	499	432
576	512	448	569	500	432
640	512	448	629	500	431
704	512	448	689	501	431
768	512	448	750	502	431
832	512	448	810	503	431
896	512	448	871	504	430
960	512	448	932	505	430
1023	512	448	992	506	429
0	576	448	169	559	433
64	576	448	177	559	433
128	576	448	203	559	433
192	576	448	243	559	433
256	576	448	291	559	433
320	576	448	343	559	433
384	576	448	398	559	433
448	576	448	455	560	433
512	576	448	513	560	432
576	576	448	572	561	432
640	576	448	632	561	432
704	576	448	692	562	432
768	576	448	752	563	431
832	576	448	812	563	431
896	576	448	873	564	431
960	576	448	934	565	430
1023	576	448	994	566	430
0	640	448	183	620	434
64	640	448	190	620	434
128	640	448	215	620	434
192	640	448	252	620	434
256	640	448	298	620	434
320	640	448	349	621	433
384	640	448	403	621	433
448	640	448	460	621	433
512	640	448	517	622	433
576	640	448	576	622	433
640	640	448	635	623	433
704	640	448	694	623	432
768	640	448	754	624	432
832	640	448	815	624	432
896	640	448	875	625	431
960	640	448	935	626	431
1023	640	448	995	627	431
0	704	448	197	682	434
64	704	448	204	682	434
128	704	448	226	682	434
192	704	448	262	682	434
256	704	448	306	682	434
320	704	448	356	682	434
384	704	448	409	683	434
448	704	448	465	683	434
512	704	448	521	683	434
576	704	448	579	684	433
640	704	448	638	684	433
704	704	448	697	684	433
768	704	448	757	685	433
832	704	448	817	686	432
896	704	448	877	686	432
960	704	448	938	687	432
1023	704	448	997	688	431
0	768	448	212	744	435
64	768	448	218	744	435
128	768	448	239	744	435
192	768	448	272	744	435
256	768	448	315	744	435
320	768	448	363	744	435
384	768	448	415	744	435
448	768	448	470	744	435
512	768	448	526	745	434
576	768	448	584	745	434
640	768	448	642	745	434
704	768	448	701	746	434
768	768	448	760	746	433
832	768	448	820	747	433
896	768	448	880	748	433
960	768	448	940	748	432
1023	768	448	999	749	432
0	832	448	227	805	436
64	832	448	232	805	436
128	832	448	252	805	436
192	832	448	284	805	436
256	832	448	324	805	436
320	832	448	371	806	436
384	832	448	422	806	435
448	832	448	476	806	435
512	832	448	531	806	435
576	832	448	588	807	435
640	832	448	646	807	435
704	832	448	704	807	435
768	832	448	763	808	434
832	832	448	823	808	434
896	832	448	882	809	434
960	832	448	942	810	433
1023	832	448	1002	810	433
0	896	448	242	867	437
64	896	448	247	867	437
128	896	448	265	867	437
192	896	448	295	867	437
256	896	448	334	867	437
320	896	448	380	867	436
384	896	448	429	867	436
448	896	448	482	868	436
512	896	448	537	868	436
576	896	448	593	868	436
640	896	448	650	869	436
704	896	448	708	869	435
768	896	448	767	869	435
832	896	448	826	870	435
896	896	448	886	870	434
960	896	448	945	871	434
1023	896	448	1004	872	434
0	960	448	257	929	438
64	960	448	262	929	438
128	960	448	279	929	438
192	960	448	307	929	438
256	960	448	345	929	438
320	960	448	389	929	437
384	960	448	437	929	437
448	960	448	489	929	437
512	960	448	543	930	437
576	960	448	598	930	437
640	960	448	655	930	437
704	960	448	713	931	436
768	960	448	771	931	436
832	960	448	830	931	436
896	960	448	889	932	435
960	960	448	948	932	435
1023	960	448	1007	933	435
0	1023	448	272	990	439
64	1023	448	276	990	439
128	1023	448	292	990	439
192	1023	448	320	990	439
256	1023	448	355	990	439
320	1023	448	398	990	438
384	1023	448	445	990	438
448	1023	448	496	990	438
512	1023	448	549	990	438
576	1023	448	604	991	438
640	1023	448	660	991	438
704	1023	448	717	991	437
768	1023	448	775	992	437
832	1023	448	833	992	437
896	1023	448	892	992	436
960	1023	448	952	993	436
1023	1023	448	1010	993	436
0	0	512	108	70	492
64	0	512	121	70	492
128	0	512	159	71	492
192	0	512	209	72	492
256	0	512	264	74	492
320	0	512	321	77	492
384	0	512	380	80	492
448	0	512	440	83	492
512	0	512	500	87	492
576	0	512	561	92	492
640	0	512	622	97	491
704	0	512	683	102	491
768	0	512	744	107	491
832	0	512	805	113	491
896	0	512	866	119	490
960	0	512	927	125	490
1023	0	512	988	130	490
0	64	512	109	90	492
64	64	512	122	90	492
128	64	512	159	91	492
192	64	512	209	92	492
256	64	512	264	94	492
320	64	512	322	95	492
384	64	512	381	98	492
448	64	512	440	101	492
512	64	512	501	104	492
576	64	512	561	108	492
640	64	512	622	112	491
704	64	512	683	116	491
768	64	512	744	121	491
832	64	512	805	126	491
896	64	512	866	131	490
960	64	512	927	136	490
1023	64	512	988	141	490
0	128	512	111	139	492
64	128	512	124	139	492
128	128	512	161	139	492
192	128	512	210	140	492
256	128	512	265	140	492
320	128	512	322	142	492
384	128	512	381	143	492
448	128	512	441	145	492
512	128	512	501	147	492
576	128	512	562	150	492
640	128	512	622	152	492
704	128	512	683	155	491
768	128	512	744	159	491
832	128	512	805	162	491
896	128	512	866	166	490
960	128	512	928	170	490
1023	128	512	988	174	490
0	192	512	116	195	493
64	192	512	128	195	493
128	192	512	164	195	493
192	192	512	212	196	492
256	192	512	267	196	492
320	192	512	324	197	492
384	192	512	382	198	492
448	192	512	442	199	492
512	192	512	502	201	492
576	192	512	562	203	492
640	192	512	623	205	492
704	192	512	684	207	491
768	192	512	745	209	491
832	192	512	806	212	491
896	192	512	867	214	491
960	192	512	928	217	490
1023	192	512	988	220	490
0	256	512	123	254	493
64	256	512	134	254	493
128	256	512	169	254	493
192	256	512	216	255	493
256	256	512	269	255	493
320	256	512	326	256	493
384	256	512	384	256	492
448	256	512	443	257	492
512	256	512	503	258	492
576	256	512	563	260	492
640	256	512	624	261	492
704	256	512	684	263	492
768	256	512	745	265	491
832	256	512	806	266	491
896	256	512	867	269	491
960	256	512	929	271	490
1023	256	512	989	273	490
0	320	512	131	314	493
64	320	512	142	314	493
128	320	512	174	315	493
192	320	512	220	315	493
256	320	512	273	315	493
320	320	512	328	316	493
384	320	512	386	316	493
448	320	512	445	317	492
512	320	512	505	318	492
576	320	512	565	319	492
640	320	512	625	320	492
704	320	512	686	321	492
768	320	512	746	323	492
832	320	512	807	324	491
896	320	512	868	326	491
960	320	512	929	328	491
1023	320	512	990	329	490
0	384	512	141	375	493
64	384	512	151	375	493
128	384	512	181	375	493
192	384	512	226	376	493
256	384	512	277	376	493
320	384	512	332	376	493
384	384	512	389	377	493
448	384	512	447	377	493
512	384	512	507	378	493
576	384	512	566	379	492
640	384	512	627	380	492
704	384	512	687	381	492
768	384	512	748	382	492
832	384	512	808	383	491
896	384	512	869	384	491
960	384	512	930	386	491
1023	384	512	990	388	491
0	448	512	152	436	493
64	448	512	161	436	493
128	448	512	190	437	493
192	448	512	232	437	493
256	448	512	282	437	493
320	448	512	336	437	493
384	448	512	392	438	493
448	448	512	450	438	493
512	448	512	509	439	493
576	448	512	569	439	493
640	448	512	628	440	493
704	448	512	689	441	492
768	448	512	749	442	492
832	448	512	810	443	492
896	448	512	871	444	492
960	448	512	932	445	491
1023	448	512	992	447	491
0	512	512	164	498	494
64	512	512	172	498	494
128	512	512	199	498	494
192	512	512	239	498	494
256	512	512	288	498	494
320	512	512	341	498	494
384	512	512	396	499	494
448	512	512	454	499	493
512	512	512	512	500	493
576	512	512	571	500	493
640	512	512	631	501	493
704	512	512	691	502	493
768	512	512	751	502	492
832	512	512	811	503	492
896	512	512	872	504	492
960	512	512	933	505	492
1023	512	512	993	507	491
0	576	512	176	559	494
64	576	512	184	559	494
128	576	512	209	559	494
192	576	512	247	559	494
256	576	512	294	560	494
320	576	512	346	560	494
384	576	512	401	560	494
448	576	512	457	560	494
512	576	512	515	561	494
576	576	512	574	561	494
640	576	512	633	562	493
704	576	512	693	563	493
768	576	512	753	563	493
832	576	512	813	564	493
896	576	512	874	565	492
960	576	512	935	566	492
1023	576	512	994	567	492
0	640	512	190	621	495
64	640	512	197	621	495
128	640	512	220	621	495
192	640	512	256	621	495
256	640	512	302	621	495
320	640	512	352	621	495
384	640	512	406	622	494
448	640	512	462	622	494
512	640	512	519	622	494
576	640	512	577	623	494
640	640	512	636	623	494
704	640	512	696	624	494
768	640	512	756	624	493
832	640	512	816	625	493
896	640	512	876	626	493
960	640	512	936	627	493
1023	640	512	996	628	492
0	704	512	203	682	495
64	704	512	210	682	495
128	704	512	232	682	495
192	704	512	266	682	495
256	704	512	310	683	495
320	704	512	359	683	495
384	704	512	412	683	495
448	704	512	467	683	495
512	704	512	523	684	495
576	704	512	581	684	495
640	704	512	640	685	494
704	704	512	699	685	494
768	704	512	758	686	494
832	704	512	818	686	494
896	704	512	878	687	493
960	704	512	939	688	493
1023	704	512	998	688	493
0	768	512	217	744	496
64	768	512	223	744	496
128	768	512	244	744	496
192	768	512	277	744	496
256	768	512	318	744	496
320	768	512	366	744	496
384	768	512	418	745	496
448	768	512	472	745	496
512	768	512	528	745	495
576	768	512	585	746	495
640	768	512	643	746	495
704	768	512	702	746	495
768	768	512	761	747	495
832	768	512	821	747	494
896	768	512	881	748	494
960	768	512	941	749	494
1023	768	512	1000	749	493
0	832	512	232	806	497
64	832	512	237	806	497
128	832	512	256	806	497
192	832	512	287	806	497
256	832	512	328	806	497
320	832	512	374	806	496
384	832	512	425	806	496
448	832	512	478	806	496
512	832	512	533	807	496
576	832	512	590	807	496
640	832	512	647	807	496
704	832	512	706	808	496
768	832	512	765	808	495
832	832	512	824	809	495
896	832	512	884	809	495
960	832	512	943	810	494
1023	832	512	1003	811	494
0	896	512	246	867	497
64	896	512	252	867	497
128	896	512	269	867	497
192	896	512	299	867	497
256	896	512	338	868	497
320	896	512	383	868	497
384	896	512	432	868	497
448	896	512	484	868	497
512	896	512	539	868	497
576	896	512	595	869	497
640	896	512	652	869	496
704	896	512	710	869	496
768	896	512	768	870	496
832	896	512	827	870	496
896	896	512	887	871	495
960	896	512	946	871	495
1023	896	512	1005	872	495
0	960	512	261	929	498
64	960	512	266	929	498
128	960	512	283	929	498
192	960	512	311	929	498
256	960	512	348	929	498
320	960	512	391	929	498
384	960	512	440	930	498
448	960	512	491	930	498
512	960	512	545	930	498
576	960	512	600	930	497
640	960	512	657	931	497
704	960	512	714	931	497
768	960	512	772	931	497
832	960	512	831	932	497
896	960	512	890	932	496
960	960	512	949	933	496
1023	960	512	1008	933	496
0	1023	512	276	990	499
64	1023	512	280	990	499
128	1023	512	296	990	499
192	1023	512	323	990	499
256	1023	512	358	990	499
320	1023	512	401	990	499
384	1023	512	448	990	499
448	1023	512	498	990	499
512	1023	512	551	991	499
576	1023	512	606	991	498
640	1023	512	662	991	498
704	1023	512	718	992	498
768	1023	512	776	992	498
832	1023	512	835	992	497
896	1023	512	893	993	497
960	1023	512	953	993	497
1023	1023	512	1011	994	497
0	0	576	122	78	554
64	0	576	133	79	554
128	0	576	168	79	554
192	0	576	215	80	554
256	0	576	269	82	554
320	0	576	325	84	554
384	0	576	384	87	554
448	0	576	443	91	554
512	0	576	503	94	553
576	0	576	563	98	553
640	0	576	624	103	553
704	0	576	684	108	553
768	0	576	745	113	553
832	0	576	806	118	552
896	0	576	867	123	552
960	0	576	928	129	552
1023	0	576	989	135	552
0	64	576	122	97	554
64	64	576	134	97	554
128	64	576	168	98	554
192	64	576	215	98	554
256	64	576	269	100	554
320	64	576	326	102	554
384	64	576	384	104	554
448	64	576	443	107	554
512	64	576	503	110	553
576	64	576	563	113	553
640	64	576	624	117	553
704	64	576	684	121	553
768	64	576	745	125	553
832	64	576	806	130	552
896	64	576	867	135	552
960	64	576	929	140	552
1023	64	576	989	145	552
0	128	576	125	143	554
64	128	576	136	143	554
128	128	576	170	143	554
192	128	576	217	144	554
256	128	576	270	144	554
320	128	576	326	146	554
384	128	576	384	147	554
448	128	576	444	149	554
512	128	576	503	151	553
576	128	576	564	153	553
640	128	576	624	156	553
704	128	576	685	159	553
768	128	576	746	162	553
832	128	576	807	166	553
896	128	576	868	169	552
960	128	576	929	173	552
1023	128	576	989	177	552
0	192	576	129	198	554
64	192	576	140	198	554
128	192	576	173	198	554
192	192	576	219	198	554
256	192	576	272	199	554
320	192	576	328	200	554
384	192	576	386	201	554
448	192	576	444	202	554
512	192	576	504	204	554
576	192	576	564	205	553
640	192	576	625	207	553
704	192	576	685	209	553
768	192	576	746	211	553
832	192	576	807	214	553
896	192	576	868	217	552
960	192	576	929	220	552
1023	192	576	989	223	552
0	256	576	135	256	554
64	256	576	145	256	554
128	256	576	177	256	554
192	256	576	222	257	554
256	256	576	274	257	554
320	256	576	330	258	554
384	256	576	387	258	554
448	256	576	446	259	554
512	256	576	505	260	554
576	256	576	565	262	554
640	256	576	626	263	553
704	256	576	686	265	553
768	256	576	747	266	553
832	256	576	808	268	553
896	256	576	869	270	553
960	256	576	930	273	552
1023	256	576	990	275	552
0	320	576	142	316	554
64	320	576	152	316	554
128	320	576	182	316	554
192	320	576	226	316	554
256	320	576	277	317	554
320	320	576	332	317	554
384	320	576	389	318	554
448	320	576	448	318	554
512	320	576	507	319	554
576	320	576	567	320	554
640	320	576	627	321	554
704	320	576	687	323	553
768	320	576	748	324	553
832	320	576	809	326	553
896	320	576	869	327	553
960	320	576	930	329	552
1023	320	576	991	331	552
0	384	576	151	377	555
64	384	576	160	377	555
128	384	576	189	377	555
192	384	576	231	377	555
256	384	576	281	377	555
320	384	576	336	377	554
384	384	576	392	378	554
448	384	576	450	379	554
512	384	576	509	379	554
576	384	576	568	380	554
640	384	576	628	381	554
704	384	576	689	382	554
768	384	576	749	383	553
832	384	576	810	384	553
896	384	576	871	386	553
960	384	576	931	387	553
1023	384	576	991	389	552
0	448	576	161	437	555
64	448	576	170	437	555
128	448	576	197	438	555
192	448	576	238	438	555
256	448	576	286	438	555
320	448	576	340	438	555
384	448	576	395	439	555
448	448	576	453	439	555
512	448	576	511	440	554
576	448	576	571	440	554
640	448	576	630	441	554
704	448	576	690	442	554
768	448	576	751	443	554
832	448	576	811	444	553
896	448	576	872	445	553
960	448	576	933	446	553
1023	448	576	993	448	553
0	512	576	172	499	555
64	512	576	180	499	555
128	512	576	206	499	555
192	512	576	245	499	555
256	512	576	292	499	555
320	512	576	344	499	555
384	512	576	399	500	555
448	512	576	456	500	555
512	512	576	514	501	555
576	512	576	573	501	555
640	512	576	632	502	554
704	512	576	692	503	554
768	512	576	752	503	554
832	512	576	813	504	554
896	512	576	873	505	554
960	512	576	934	506	553
1023	512	576	994	507	553
0	576	576	184	560	556
64	576	576	192	560	556
128	576	576	216	560	556
192	576	576	253	560	556
256	576	576	299	560	555
320	576	576	350	561	555
384	576	576	404	561	555
448	576	576	460	561	555
512	576	576	518	562	555
576	576	576	576	562	555
640	576	576	635	563	555
704	576	576	695	563	555
768	576	576	755	564	554
832	576	576	815	565	554
896	576	576	875	566	554
960	576	576	936	567	554
1023	576	576	995	568	553
0	640	576	197	621	556
64	640	576	204	621	556
128	640	576	226	621	556
192	640	576	262	622	556
256	640	576	306	622	556
320	640	576	356	622	556
384	640	576	409	622	556
448	640	576	464	623	556
512	640	576	521	623	556
576	640	576	579	623	555
640	640	576	638	624	555
704	640	576	697	624	555
768	640	576	757	625	555
832	640	576	817	626	555
896	640	576	877	626	554
960	640	576	938	627	554
1023	640	576	997	628	554
0	704	576	210	683	557
64	704	576	216	683	557
128	704	576	237	683	556
192	704	576	271	683	556
256	704	576	314	683	556
320	704	576	362	683	556
384	704	576	415	684	556
448	704	576	469	684	556
512	704	576	526	684	556
576	704	576	583	685	556
640	704	576	641	685	556
704	704	576	700	686	556
768	704	576	760	686	555
832	704	576	819	687	555
896	704	576	879	687	555
960	704	576	940	688	555
1023	704	576	999	689	554
0	768	576	223	745	557
64	768	576	229	745	557
128	768	576	249	745	557
192	768	576	281	745	557
256	768	576	322	745	557
320	768	576	370	745	557
384	768	576	421	745	557
448	768	576	475	745	557
512	768	576	530	746	557
576	768	576	587	746	556
640	768	576	645	746	556
704	768	576	704	747	556
768	768	576	763	747	556
832	768	576	822	748	556
896	768	576	882	749	555
960	768	576	942	749	555
1023	768	576	1001	750	555
0	832	576	237	806	558
64	832	576	243	806	558
128	832	576	261	806	558
192	832	576	292	806	558
256	832	576	331	806	558
320	832	576	377	807	557
384	832	576	427	807	557
448	832	576	480	807	557
512	832	576	535	807	557
576	832	576	592	808	557
640	832	576	649	808	557
704	832	576	707	808	557
768	832	576	766	809	556
832	832	576	825	809	556
896	832	576	885	810	556
960	832	576	944	810	556
1023	832	576	1004	811	555
0	896	576	252	868	558
64	896	576	257	868	558
128	896	576	274	868	558
192	896	576	303	868	558
256	896	576	341	868	558
320	896	576	386	868	558
384	896	576	435	868	558
448	896	576	487	869	558
512	896	576	541	869	558
576	896	576	597	869	558
640	896	576	653	869	557
704	896	576	711	870	557
768	896	576	770	870	557
832	896	576	828	871	557
896	896	576	888	871	557
960	896	576	947	872	556
1023	896	576	1006	872	556
0	960	576	266	929	559
64	960	576	271	930	559
128	960	576	287	930	559
192	960	576	315	930	559
256	960	576	351	930	559
320	960	576	395	930	559
384	960	576	442	930	559
448	960	576	493	930	559
512	960	576	547	930	559
576	960	576	602	931	558
640	960	576	658	931	558
704	960	576	715	931	558
768	960	576	773	932	558
832	960	576	832	932	558
896	960	576	891	933	557
960	960	576	950	933	557
1023	960	576	1009	934	557
0	1023	576	281	990	560
64	1023	576	285	990	560
128	1023	576	301	990	560
192	1023	576	327	990	560
256	1023	576	362	990	560
320	1023	576	404	991	560
384	1023	576	450	991	560
448	1023	576	500	991	559
512	1023	576	553	991	559
576	1023	576	607	991	559
640	1023	576	663	992	559
704	1023	576	720	992	559
768	1023	576	778	992	559
832	1023	576	836	993	558
896	1023	576	894	993	558
960	1023	576	954	994	558
1023	1023	576	1012	994	558
0	0	640	135	87	615
64	0	640	145	87	615
128	0	640	177	88	615
192	0	640	222	89	615
256	0	640	274	90	615
320	0	640	330	92	615
384	0	640	387	95	615
448	0	640	446	98	615
512	0	640	505	101	615
576	0	640	565	105	615
640	0	640	626	109	615
704	0	640	686	114	615
768	0	640	747	119	614
832	0	640	808	124	614
896	0	640	869	129	614
960	0	640	930	134	614
1023	0	640	990	140	613
0	64	640	136	104	615
64	64	640	146	104	615
128	64	640	178	104	615
192	64	640	223	105	615
256	64	640	274	107	615
320	64	640	330	108	615
384	64	640	387	110	615
448	64	640	446	113	615
512	64	640	506	116	615
576	64	640	565	119	615
640	64	640	626	123	615
704	64	640	686	126	615
768	64	640	747	131	614
832	64	640	808	135	614
896	64	640	869	140	614
960	64	640	930	145	614
1023	64	640	990	150	613
0	128	640	138	147	616
64	128	640	148	147	616
128	128	640	179	147	616
192	128	640	224	148	615
256	128	640	275	149	615
320	128	640	331	150	615
384	128	640	388	151	615
448	128	640	447	153	615
512	128	640	506	155	615
576	128	640	566	157	615
640	128	640	626	160	615
704	128	640	687	163	615
768	128	640	747	166	614
832	128	640	808	169	614
896	128	640	869	173	614
960	128	640	930	177	614
1023	128	640	990	181	614
0	192	640	141	201	616
64	192	640	151	201	616
128	192	640	182	201	616
192	192	640	226	201	616
256	192	640	277	202	616
320	192	640	332	203	615
384	192	640	389	204	615
448	192	640	448	205	615
512	192	640	507	206	615
576	192	640	566	208	615
640	192	640	627	210	615
704	192	640	687	212	615
768	192	640	748	214	615
832	192	640	808	217	614
896	192	640	869	219	614
960	192	640	930	222	614
1023	192	640	990	225	614
0	256	640	147	258	616
64	256	640	156	258	616
128	256	640	186	259	616
192	256	640	229	259	616
256	256	640	279	259	616
320	256	640	334	260	616
384	256	640	391	261	615
448	256	640	449	262	615
512	256	640	508	263	615
576	256	640	568	264	615
640	256	640	628	265	615
704	256	640	688	267	615
768	256	640	748	269	615
832	256	640	809	270	614
896	256	640	870	273	614
960	256	640	931	275	614
1023	256	640	991	277	614
0	320	640	154	318	616
64	320	640	163	318	616
128	320	640	191	318	616
192	320	640	233	318	616
256	320	640	283	318	616
320	320	640	337	319	616
384	320	640	393	319	616
448	320	640	451	320	616
512	320	640	509	321	615
576	320	640	569	322	615
640	320	640	629	323	615
704	320	640	689	324	615
768	320	640	749	326	615
832	320	640	810	327	615
896	320	640	871	329	614
960	320	640	932	331	614
1023	320	640	992	333	614
0	384	640	162	378	616
64	384	640	170	378	616
128	384	640	197	378	616
192	384	640	238	378	616
256	384	640	287	379	616
320	384	640	340	379	616
384	384	640	396	379	616
448	384	640	453	380	616
512	384	640	511	381	616
576	384	640	571	381	616
640	384	640	630	382	615
704	384	640	690	383	615
768	384	640	751	384	615
832	384	640	811	386	615
896	384	640	872	387	615
960	384	640	933	389	614
1023	384	640	993	390	614
0	448	640	171	439	616
64	448	640	179	439	616
128	448	640	205	439	616
192	448	640	244	439	616
256	448	640	291	439	616
320	448	640	344	439	616
384	448	640	399	440	616
448	448	640	456	440	616
512	448	640	514	441	616
576	448	640	573	442	616
640	448	640	632	442	616
704	448	640	692	443	615
768	448	640	752	444	615
832	448	640	813	445	615
896	448	640	873	446	615
960	448	640	934	448	615
1023	448	640	994	449	614
0	512	640	181	500	617
64	512	640	189	500	617
128	512	640	213	500	617
192	512	640	251	500	617
256	512	640	297	500	617
320	512	640	348	500	616
384	512	640	403	501	616
448	512	640	459	501	616
512	512	640	517	502	616
576	512	640	575	502	616
640	512	640	634	503	616
704	512	640	694	504	616
768	512	640	754	504	616
832	512	640	814	505	615
896	512	640	875	506	615
960	512	640	935	507	615
1023	512	640	995	508	615
0	576	640	193	561	617
64	576	640	200	561	617
128	576	640	223	561	617
192	576	640	259	561	617
256	576	640	303	561	617
320	576	640	354	561	617
384	576	640	407	562	617
448	576	640	463	562	617
512	576	640	520	563	617
576	576	640	578	563	616
640	576	640	637	564	616
704	576	640	696	564	616
768	576	640	756	565	616
832	576	640	816	566	616
896	576	640	876	567	615
960	576	640	937	568	615
1023	576	640	997	569	615
0	640	640	205	622	617
64	640	640	211	622	617
128	640	640	233	622	617
192	640	640	267	622	617
256	640	640	311	623	617
320	640	640	360	623	617
384	640	640	412	623	617
448	640	640	467	623	617
512	640	640	524	624	617
576	640	640	582	624	617
640	640	640	640	625	617
704	640	640	699	625	616
768	640	640	759	626	616
832	640	640	818	627	616
896	640	640	878	627	616
960	640	640	939	628	616
1023	640	640	998	629	615
0	704	640	217	684	618
64	704	640	223	684	618
128	704	640	244	684	618
192	704	640	277	684	618
256	704	640	318	684	618
320	704	640	366	684	618
384	704	640	418	684	618
448	704	640	472	685	617
512	704	640	528	685	617
576	704	640	585	685	617
640	704	640	643	686	617
704	704	640	702	686	617
768	704	640	761	687	617
832	704	640	821	687	616
896	704	640	881	688	616
960	704	640	941	689	616
1023	704	640	1000	690	616
0	768	640	230	745	618
64	768	640	236	745	618
128	768	640	255	745	618
192	768	640	286	745	618
256	768	640	327	745	618
320	768	640	373	746	618
384	768	640	424	746	618
448	768	640	477	746	618
512	768	640	533	746	618
576	768	640	589	747	618
640	768	640	647	747	618
704	768	640	705	748	617
768	768	640	764	748	617
832	768	640	824	749	617
896	768	640	883	749	617
960	768	640	943	750	616
1023	768	640	1002	751	616
0	832	640	244	807	619
64	832	640	249	807	619
128	832	640	267	807	619
192	832	640	297	807	619
256	832	640	336	807	619
320	832	640	381	807	619
384	832	640	431	807	619
448	832	640	483	808	618
512	832	640	538	808	618
576	832	640	594	808	618
640	832	640	651	808	618
704	832	640	709	809	618
768	832	640	768	809	618
832	832	640	827	810	617
896	832	640	886	810	617
960	832	640	946	811	617
1023	832	640	1005	812	617
0	896	640	258	868	619
64	896	640	263	868	619
128	896	640	280	868	619
192	896	640	308	868	619
256	896	640	345	869	619
320	896	640	389	869	619
384	896	640	438	869	619
448	896	640	489	869	619
512	896	640	543	869	619
576	896	640	599	870	619
640	896	640	655	870	619
704	896	640	713	870	618
768	896	640	771	871	618
832	896	640	830	871	618
896	896	640	889	872	618
960	896	640	949	872	618
1023	896	640	1007	873	617
0	960	640	272	930	620
64	960	640	276	930	620
128	960	640	292	930	620
192	960	640	319	930	620
256	960	640	355	930	620
320	960	640	398	930	620
384	960	640	445	930	620
448	960	640	496	931	620
512	960	640	549	931	620
576	960	640	604	931	619
640	960	640	660	931	619
704	960	640	717	932	619
768	960	640	775	932	619
832	960	640	833	933	619
896	960	640	892	933	618
960	960	640	952	934	618
1023	960	640	1010	934	618
0	1023	640	286	991	621
64	1023	640	290	991	621
128	1023	640	305	991	621
192	1023	640	331	991	621
256	1023	640	366	991	621
320	1023	640	407	991	620
384	1023	640	453	991	620
448	1023	640	503	991	620
512	1023	640	555	992	620
576	1023	640	610	992	620
640	1023	640	665	992	620
704	1023	640	722	992	620
768	1023	640	779	993	620
832	1023	640	837	993	619
896	1023	640	896	994	619
960	1023	640	955	994	619
1023	1023	640	1013	995	619
0	0	704	149	96	677
64	0	704	158	96	677
128	0	704	187	96	677
192	0	704	230	97	677
256	0	704	280	99	677
320	0	704	335	101	677
384	0	704	391	103	677
448	0	704	449	106	677
512	0	704	508	109	677
576	0	704	568	112	677
640	0	704	628	116	676
704	0	704	688	120	676
768	0	704	749	125	676
832	0	704	809	129	676
896	0	704	870	134	676
960	0	704	931	139	675
1023	0	704	991	145	675
0	64	704	149	111	677
64	64	704	158	111	677
128	64	704	188	112	677
192	64	704	230	112	677
256	64	704	281	114	677
320	64	704	335	115	677
384	64	704	391	117	677
448	64	704	449	119	677
512	64	704	508	122	677
576	64	704	568	125	677
640	64	704	628	129	676
704	64	704	688	132	676
768	64	704	749	136	676
832	64	704	809	140	676
896	64	704	870	145	676
960	64	704	931	150	675
1023	64	704	991	154	675
0	128	704	151	152	677
64	128	704	160	152	677
128	128	704	189	152	677
192	128	704	231	153	677
256	128	704	281	154	677
320	128	704	336	155	677
384	128	704	392	156	677
448	128	704	450	158	677
512	128	704	509	160	677
576	128	704	568	162	677
640	128	704	628	164	676
704	128	704	689	167	676
768	128	704	749	170	676
832	128	704	810	173	676
896	128	704	870	177	676
960	128	704	931	181	676
1023	128	704	991	185	675
0	192	704	154	204	677
64	192	704	163	204	677
128	192	704	191	204	677
192	192	704	233	205	677
256	192	704	283	205	677
320	192	704	337	206	677
384	192	704	393	207	677
448	192	704	451	208	677
512	192	704	510	210	677
576	192	704	569	211	677
640	192	704	629	213	677
704	192	704	689	215	676
768	192	704	750	217	676
832	192	704	810	220	676
896	192	704	871	223	676
960	192	704	932	225	676
1023	192	704	992	228	675
0	256	704	159	261	677
64	256	704	168	261	677
128	256	704	195	261	677
192	256	704	236	261	677
256	256	704	285	262	677
320	256	704	339	262	677
384	256	704	395	263	677
448	256	704	452	264	677
512	256	704	511	265	677
576	256	704	570	266	677
640	256	704	630	268	677
704	256	704	690	269	676
768	256	704	750	271	676
832	256	704	811	273	676
896	256	704	872	275	676
960	256	704	932	277	676
1023	256	704	992	279	675
0	320	704	165	320	677
64	320	704	174	320	677
128	320	704	200	320	677
192	320	704	240	320	677
256	320	704	288	320	677
320	320	704	341	321	677
384	320	704	397	321	677
448	320	704	454	322	677
512	320	704	512	323	677
576	320	704	571	324	677
640	320	704	631	325	677
704	320	704	691	326	677
768	320	704	751	328	676
832	320	704	812	329	676
896	320	704	872	331	676
960	320	704	933	333	676
1023	320	704	993	334	676
0	384	704	173	380	678
64	384	704	181	380	678
128	384	704	206	380	678
192	384	704	245	380	678
256	384	704	292	380	677
320	384	704	345	380	677
384	384	704	400	381	677
448	384	704	456	382	677
512	384	704	514	382	677
576	384	704	573	383	677
640	384	704	633	384	677
704	384	704	692	385	677
768	384	704	752	386	677
832	384	704	813	387	676
896	384	704	873	389	676
960	384	704	934	390	676
1023	384	704	994	392	676
0	448	704	181	440	678
64	448	704	189	440	678
128	448	704	213	440	678
192	448	704	251	440	678
256	448	704	297	440	678
320	448	704	348	441	678
384	448	704	403	441	678
448	448	704	459	442	677
512	448	704	517	442	677
576	448	704	575	443	677
640	448	704	634	444	677
704	448	704	694	444	677
768	448	704	754	445	677
832	448	704	814	446	677
896	448	704	875	448	676
960	448	704	935	449	676
1023	448	704	995	450	676
0	512	704	191	501	678
64	512	704	198	501	678
128	512	704	221	501	678
192	512	704	258	501	678
256	512	704	303	501	678
320	512	704	353	501	678
384	512	704	407	502	678
448	512	704	462	502	678
512	512	704	520	503	678
576	512	704	578	503	678
640	512	704	637	504	677
704	512	704	696	505	677
768	512	704	756	505	677
832	512	704	816	506	677
896	512	704	876	507	677
960	512	704	937	508	676
1023	512	704	996	510	676
0	576	704	202	562	678
64	576	704	208	562	678
128	576	704	230	562	678
192	576	704	265	562	678
256	576	704	309	562	678
320	576	704	358	562	678
384	576	704	411	563	678
448	576	704	466	563	678
512	576	704	523	564	678
576	576	704	581	564	678
640	576	704	639	565	678
704	576	704	698	565	678
768	576	704	758	566	677
832	576	704	818	567	677
896	576	704	878	568	677
960	576	704	938	568	677
1023	576	704	998	569	677
0	640	704	213	623	679
64	640	704	219	623	679
128	640	704	240	623	679
192	640	704	273	623	679
256	640	704	316	623	679
320	640	704	364	624	679
384	640	704	416	624	678
448	640	704	470	624	678
512	640	704	527	625	678
576	640	704	584	625	678
640	640	704	642	625	678
704	640	704	701	626	678
768	640	704	760	627	678
832	640	704	820	627	678
896	640	704	880	628	677
960	640	704	940	629	677
1023	640	704	1000	630	677
0	704	704	225	684	679
64	704	704	231	684	679
128	704	704	251	684	679
192	704	704	282	685	679
256	704	704	323	685	679
320	704	704	370	685	679
384	704	704	422	685	679
448	704	704	475	685	679
512	704	704	531	686	679
576	704	704	588	686	679
640	704	704	645	687	678
704	704	704	704	687	678
768	704	704	763	688	678
832	704	704	822	688	678
896	704	704	882	689	678
960	704	704	942	690	677
1023	704	704	1002	690	677
0	768	704	238	746	679
64	768	704	243	746	679
128	768	704	262	746	679
192	768	704	292	746	679
256	768	704	332	746	679
320	768	704	378	746	679
384	768	704	428	746	679
448	768	704	480	747	679
512	768	704	535	747	679
576	768	704	592	747	679
640	768	704	649	748	679
704	768	704	707	748	679
768	768	704	766	749	679
832	768	704	825	749	678
896	768	704	885	750	678
960	768	704	945	751	678
1023	768	704	1004	751	678
0	832	704	251	807	680
64	832	704	256	807	680
128	832	704	273	807	680
192	832	704	302	807	680
256	832	704	341	808	680
320	832	704	385	808	680
384	832	704	434	808	680
448	832	704	486	808	680
512	832	704	540	808	680
576	832	704	596	809	679
640	832	704	653	809	679
704	832	704	711	810	679
768	832	704	769	810	679
832	832	704	828	811	679
896	832	704	887	811	679
960	832	704	947	812	678
1023	832	704	1006	812	678
0	896	704	264	869	680
64	896	704	269	869	680
128	896	704	285	869	680
192	896	704	313	869	680
256	896	704	350	869	680
320	896	704	393	869	680
384	896	704	441	869	680
448	896	704	492	870	680
512	896	704	546	870	680
576	896	704	601	870	680
640	896	704	658	871	680
704	896	704	715	871	680
768	896	704	773	871	680
832	896	704	831	872	679
896	896	704	891	872	679
960	896	704	950	873	679
1023	896	704	1009	873	679
0	960	704	278	931	681
64	960	704	282	931	681
128	960	704	298	931	681
192	960	704	324	931	681
256	960	704	360	931	681
320	960	704	402	931	681
384	960	704	449	931	681
448	960	704	499	931	681
512	960	704	552	931	681
576	960	704	606	932	681
640	960	704	662	932	680
704	960	704	719	932	680
768	960	704	777	933	680
832	960	704	835	933	680
896	960	704	894	934	680
960	960	704	953	934	679
1023	960	704	1011	935	679
0	1023	704	292	991	682
64	1023	704	296	991	682
128	1023	704	311	991	682
192	1023	704	336	991	682
256	1023	704	370	991	682
320	1023	704	411	991	681
384	1023	704	457	992	681
448	1023	704	506	992	681
512	1023	704	558	992	681
576	1023	704	612	992	681
640	1023	704	667	993	681
704	1023	704	724	993	681
768	1023	704	781	993	681
832	1023	704	839	994	680
896	1023	704	897	994	680
960	1023	704	956	995	680
1023	1023	704	1014	995	680
0	0	768	162	105	739
64	0	768	171	105	739
128	0	768	198	105	739
192	0	768	238	106	739
256	0	768	287	107	739
320	0	768	340	109	738
384	0	768	396	111	738
448	0	768	453	113	738
512	0	768	512	116	738
576	0	768	571	120	738
640	0	768	630	123	738
704	0	768	690	127	738
768	0	768	751	131	738
832	0	768	811	136	738
896	0	768	872	140	737
960	0	768	933	145	737
1023	0	768	993	150	737
0	64	768	162	118	739
64	64	768	171	118	739
128	64	768	198	119	739
192	64	768	238	120	739
256	64	768	287	121	739
320	64	768	340	122	738
384	64	768	396	124	738
448	64	768	453	126	738
512	64	768	512	129	738
576	64	768	571	132	738
640	64	768	630	135	738
704	64	768	690	138	738
768	64	768	751	142	738
832	64	768	811	146	738
896	64	768	872	150	737
960	64	768	933	155	737
1023	64	768	993	160	737
0	128	768	164	157	739
64	128	768	173	157	739
128	128	768	199	157	739
192	128	768	240	158	739
256	128	768	288	159	739
320	128	768	341	160	738
384	128	768	396	161	738
448	128	768	454	163	738
512	128	768	512	165	738
576	128	768	571	167	738
640	128	768	631	169	738
704	128	768	691	172	738
768	128	768	751	175	738
832	128	768	812	178	738
896	128	768	872	181	737
960	128	768	933	185	737
1023	128	768	993	189	737
0	192	768	167	208	739
64	192	768	175	208	739
128	192	768	202	208	739
192	192	768	241	208	739
256	192	768	289	209	739
320	192	768	342	210	739
384	192	768	398	211	738
448	192	768	455	212	738
512	192	768	513	213	738
576	192	768	572	215	738
640	192	768	631	217	738
704	192	768	691	219	738
768	192	768	752	221	738
832	192	768	812	223	738
896	192	768	873	226	737
960	192	768	933	229	737
1023	192	768	993	232	737
0	256	768	172	264	739
64	256	768	179	264	739
128	256	768	205	264	739
192	256	768	244	264	739
256	256	768	292	265	739
320	256	768	344	265	739
384	256	768	399	266	739
448	256	768	456	267	739
512	256	768	514	268	738
576	256	768	573	269	738
640	256	768	632	270	738
704	256	768	692	272	738
768	256	768	752	274	738
832	256	768	813	275	738
896	256	768	873	277	738
960	256	768	934	280	737
1023	256	768	994	282	737
0	320	768	177	322	739
64	320	768	185	322	739
128	320	768	210	322	739
192	320	768	248	322	739
256	320	768	295	323	739
320	320	768	346	323	739
384	320	768	401	324	739
448	320	768	458	324	739
512	320	768	516	325	739
576	320	768	574	326	738
640	320	768	634	327	738
704	320	768	693	328	738
768	320	768	753	330	738
832	320	768	814	331	738
896	320	768	874	333	738
960	320	768	935	335	737
1023	320	768	994	336	737
0	384	768	184	381	739
64	384	768	192	381	739
128	384	768	216	381	739
192	384	768	253	382	739
256	384	768	299	382	739
320	384	768	350	382	739
384	384	768	404	383	739
448	384	768	460	383	739
512	384	768	518	384	739
576	384	768	576	385	739
640	384	768	635	386	738
704	384	768	695	387	738
768	384	768	755	388	738
832	384	768	815	389	738
896	384	768	875	390	738
960	384	768	936	392	738
1023	384	768	995	393	737
0	448	768	192	441	739
64	448	768	199	441	739
128	448	768	222	442	739
192	448	768	258	442	739
256	448	768	303	442	739
320	448	768	353	442	739
384	448	768	407	443	739
448	448	768	463	443	739
512	448	768	520	444	739
576	448	768	578	444	739
640	448	768	637	445	739
704	448	768	696	446	739
768	448	768	756	447	738
832	448	768	816	448	738
896	448	768	876	449	738
960	448	768	937	450	738
1023	448	768	996	452	738
0	512	768	201	502	739
64	512	768	208	502	739
128	512	768	230	502	739
192	512	768	265	502	739
256	512	768	309	502	739
320	512	768	358	503	739
384	512	768	411	503	739
448	512	768	466	503	739
512	512	768	523	504	739
576	512	768	581	505	739
640	512	768	639	505	739
704	512	768	698	506	739
768	512	768	758	507	739
832	512	768	818	508	738
896	512	768	878	509	738
960	512	768	938	510	738
1023	512	768	998	511	738
0	576	768	211	563	740
64	576	768	218	563	740
128	576	768	239	563	740
192	576	768	272	563	740
256	576	768	315	563	740
320	576	768	363	564	740
384	576	768	415	564	740
448	576	768	470	564	739
512	576	768	526	565	739
576	576	768	583	565	739
640	576	768	642	566	739
704	576	768	701	566	739
768	576	768	760	567	739
832	576	768	820	568	739
896	576	768	880	569	739
960	576	768	940	570	738
1023	576	768	999	571	738
0	640	768	222	624	740
64	640	768	228	624	740
128	640	768	248	624	740
192	640	768	280	624	740
256	640	768	322	624	740
320	640	768	369	625	740
384	640	768	420	625	740
448	640	768	474	625	740
512	640	768	530	626	740
576	640	768	587	626	740
640	640	768	645	626	739
704	640	768	703	627	739
768	640	768	762	628	739
832	640	768	822	628	739
896	640	768	882	629	739
960	640	768	942	630	739
1023	640	768	1001	631	738
0	704	768	234	685	740
64	704	768	239	685	740
128	704	768	258	685	740
192	704	768	289	685	740
256	704	768	329	686	740
320	704	768	375	686	740
384	704	768	426	686	740
448	704	768	479	686	740
512	704	768	534	687	740
576	704	768	590	687	740
640	704	768	648	687	740
704	704	768	706	688	740
768	704	768	765	689	740
832	704	768	824	689	739
896	704	768	884	690	739
960	704	768	944	691	739
1023	704	768	1003	691	739
0	768	768	246	747	741
64	768	768	251	747	741
128	768	768	269	747	741
192	768	768	298	747	741
256	768	768	337	747	741
320	768	768	382	747	741
384	768	768	432	747	741
448	768	768	484	748	741
512	768	768	538	748	740
576	768	768	594	748	740
640	768	768	652	749	740
704	768	768	709	749	740
768	768	768	768	750	740
832	768	768	827	750	740
896	768	768	886	751	740
960	768	768	946	751	739
1023	768	768	1005	752	739
0	832	768	258	808	741
64	832	768	263	808	741
128	832	768	280	808	741
192	832	768	308	808	741
256	832	768	346	808	741
320	832	768	390	808	741
384	832	768	438	809	741
448	832	768	490	809	741
512	832	768	543	809	741
576	832	768	599	809	741
640	832	768	656	810	741
704	832	768	713	810	741
768	832	768	771	811	740
832	832	768	830	811	740
896	832	768	889	812	740
960	832	768	949	812	740
1023	832	768	1007	813	740
0	896	768	271	870	742
64	896	768	276	870	742
128	896	768	292	870	742
192	896	768	319	870	742
256	896	768	355	870	742
320	896	768	398	870	742
384	896	768	445	870	741
448	896	768	496	870	741
512	896	768	549	871	741
576	896	768	604	871	741
640	896	768	660	871	741
704	896	768	717	872	741
768	896	768	775	872	741
832	896	768	833	872	741
896	896	768	892	873	740
960	896	768	951	874	740
1023	896	768	1010	874	740
0	960	768	284	931	742
64	960	768	289	931	742
128	960	768	304	931	742
192	960	768	330	931	742
256	960	768	365	931	742
320	960	768	406	931	742
384	960	768	453	932	742
448	960	768	502	932	742
512	960	768	555	932	742
576	960	768	609	932	742
640	960	768	665	933	742
704	960	768	721	933	741
768	960	768	779	933	741
832	960	768	837	934	741
896	960	768	895	934	741
960	960	768	954	935	741
1023	960	768	1013	935	741
0	1023	768	298	992	743
64	1023	768	302	992	743
128	1023	768	316	992	743
192	1023	768	341	992	743
256	1023	768	375	992	743
320	1023	768	415	992	743
384	1023	768	460	992	743
448	1023	768	509	992	742
512	1023	768	561	993	742
576	1023	768	614	993	742
640	1023	768	670	993	742
704	1023	768	726	993	742
768	1023	768	783	994	742
832	1023	768	841	994	742
896	1023	768	899	995	742
960	1023	768	958	995	741
1023	1023	768	1016	996	741
0	0	832	176	113	800
64	0	832	183	113	800
128	0	832	208	114	800
192	0	832	247	115	800
256	0	832	294	116	800
320	0	832	346	117	800
384	0	832	401	119	800
448	0	832	457	121	800
512	0	832	515	124	800
576	0	832	574	127	800
640	0	832	633	130	800
704	0	832	693	134	799
768	0	832	753	138	799
832	0	832	813	142	799
896	0	832	874	147	799
960	0	832	934	151	799
1023	0	832	994	156	799
0	64	832	176	126	800
64	64	832	184	126	800
128	64	832	209	126	800
192	64	832	247	127	800
256	64	832	294	128	800
320	64	832	346	129	800
384	64	832	401	131	800
448	64	832	457	133	800
512	64	832	515	136	800
576	64	832	574	138	800
640	64	832	633	141	800
704	64	832	693	145	799
768	64	832	753	148	799
832	64	832	813	152	799
896	64	832	874	156	799
960	64	832	934	160	799
1023	64	832	994	165	799
0	128	832	177	163	800
64	128	832	185	163	800
128	128	832	210	163	800
192	128	832	248	163	800
256	128	832	295	164	800
320	128	832	347	165	800
384	128	832	401	166	800
448	128	832	458	168	800
512	128	832	516	170	800
576	128	832	574	172	800
640	128	832	634	174	800
704	128	832	693	177	800
768	128	832	753	180	799
832	128	832	814	183	799
896	128	832	874	186	799
960	128	832	935	189	799
1023	128	832	995	193	799
0	192	832	180	212	800
64	192	832	188	212	800
128	192	832	212	212	800
192	192	832	250	212	800
256	192	832	296	213	800
320	192	832	348	214	800
384	192	832	402	215	800
448	192	832	459	216	800
512	192	832	516	217	800
576	192	832	575	219	800
640	192	832	634	220	800
704	192	832	694	222	800
768	192	832	754	224	799
832	192	832	814	227	799
896	192	832	874	229	799
960	192	832	935	232	799
1023	192	832	995	235	799
0	256	832	184	267	800
64	256	832	192	267	800
128	256	832	216	267	800
192	256	832	253	267	800
256	256	832	299	268	800
320	256	832	350	268	800
384	256	832	404	269	800
448	256	832	460	270	800
512	256	832	518	271	800
576	256	832	576	272	800
640	256	832	635	273	800
704	256	832	695	275	800
768	256	832	755	276	800
832	256	832	815	278	799
896	256	832	875	280	799
960	256	832	936	282	799
1023	256	832	995	285	799
0	320	832	189	324	800
64	320	832	197	324	800
128	320	832	220	324	800
192	320	832	256	325	800
256	320	832	302	325	800
320	320	832	352	325	800
384	320	832	406	326	800
448	320	832	462	327	800
512	320	832	519	327	800
576	320	832	577	328	800
640	320	832	636	329	800
704	320	832	696	331	800
768	320	832	756	332	800
832	320	832	816	333	799
896	320	832	876	335	799
960	320	832	936	337	799
1023	320	832	996	339	799
0	384	832	196	383	801
64	384	832	203	383	801
128	384	832	225	383	801
192	384	832	261	384	801
256	384	832	305	384	800
320	384	832	355	384	800
384	384	832	409	385	800
448	384	832	464	385	800
512	384	832	521	386	800
576	384	832	579	387	800
640	384	832	638	388	800
704	384	832	697	389	800
768	384	832	757	390	800
832	384	832	817	391	800
896	384	832	877	392	799
960	384	832	937	394	799
1023	384	832	997	395	799
0	448	832	203	443	801
64	448	832	210	443	801
128	448	832	232	443	801
192	448	832	266	443	801
256	448	832	310	444	801
320	448	832	359	444	801
384	448	832	412	444	801
448	448	832	467	445	801
512	448	832	523	445	800
576	448	832	581	446	800
640	448	832	640	447	800
704	448	832	699	448	800
768	448	832	758	448	800
832	448	832	818	450	800
896	448	832	878	451	800
960	448	832	939	452	799
1023	448	832	998	453	799
0	512	832	212	503	801
64	512	832	218	503	801
128	512	832	239	504	801
192	512	832	273	504	801
256	512	832	315	504	801
320	512	832	363	504	801
384	512	832	415	504	801
448	512	832	470	505	801
512	512	832	526	505	801
576	512	832	584	506	801
640	512	832	642	507	800
704	512	832	701	507	800
768	512	832	760	508	800
832	512	832	820	509	800
896	512	832	880	510	800
960	512	832	940	511	800
1023	512	832	999	512	799
0	576	832	221	564	801
64	576	832	227	564	801
128	576	832	247	564	801
192	576	832	280	564	801
256	576	832	321	565	801
320	576	832	368	565	801
384	576	832	420	565	801
448	576	832	474	565	801
512	576	832	529	566	801
576	576	832	587	566	801
640	576	832	644	567	801
704	576	832	703	568	801
768	576	832	762	568	800
832	576	832	822	569	800
896	576	832	881	570	800
960	576	832	942	571	800
1023	576	832	1001	572	800
0	640	832	232	625	801
64	640	832	237	625	801
128	640	832	256	625	801
192	640	832	287	625	801
256	640	832	328	625	801
320	640	832	374	626	801
384	640	832	425	626	801
448	640	832	478	626	801
512	640	832	533	627	801
576	640	832	590	627	801
640	640	832	647	628	801
704	640	832	706	628	801
768	640	832	765	629	801
832	640	832	824	629	801
896	640	832	883	630	800
960	640	832	943	631	800
1023	640	832	1003	632	800
0	704	832	243	686	802
64	704	832	248	686	802
128	704	832	266	686	802
192	704	832	296	686	802
256	704	832	335	687	802
320	704	832	380	687	802
384	704	832	430	687	802
448	704	832	483	687	802
512	704	832	537	688	801
576	704	832	593	688	801
640	704	832	651	688	801
704	704	832	709	689	801
768	704	832	767	689	801
832	704	832	826	690	801
896	704	832	886	691	801
960	704	832	945	691	801
1023	704	832	1005	692	800
0	768	832	254	747	802
64	768	832	259	748	802
128	768	832	276	748	802
192	768	832	305	748	802
256	768	832	343	748	802
320	768	832	387	748	802
384	768	832	436	748	802
448	768	832	488	748	802
512	768	832	542	749	802
576	768	832	597	749	802
640	768	832	654	749	802
704	768	832	712	750	801
768	768	832	770	750	801
832	768	832	829	751	801
896	768	832	888	752	801
960	768	832	948	752	801
1023	768	832	1007	753	801
0	832	832	266	809	803
64	832	832	271	809	803
128	832	832	287	809	803
192	832	832	315	809	802
256	832	832	351	809	802
320	832	832	395	809	802
384	832	832	442	809	802
448	832	832	493	810	802
512	832	832	547	810	802
576	832	832	602	810	802
640	832	832	658	811	802
704	832	832	715	811	802
768	832	832	773	811	802
832	832	832	832	812	802
896	832	832	891	813	801
960	832	832	950	813	801
1023	832	832	1009	814	801
0	896	832	279	870	803
64	896	832	283	870	803
128	896	832	299	870	803
192	896	832	325	870	803
256	896	832	360	871	803
320	896	832	402	871	803
384	896	832	449	871	803
448	896	832	499	871	803
512	896	832	552	871	803
576	896	832	607	872	803
640	896	832	663	872	802
704	896	832	719	872	802
768	896	832	777	873	802
832	896	832	835	873	802
896	896	832	894	874	802
960	896	832	953	874	802
1023	896	832	1012	875	801
0	960	832	291	932	803
64	960	832	296	932	803
128	960	832	311	932	803
192	960	832	336	932	803
256	960	832	370	932	803
320	960	832	411	932	803
384	960	832	457	932	803
448	960	832	506	932	803
512	960	832	558	933	803
576	960	832	612	933	803
640	960	832	667	933	803
704	960	832	724	934	803
768	960	832	781	934	803
832	960	832	839	934	802
896	960	832	897	935	802
960	960	832	956	935	802
1023	960	832	1014	936	802
0	1023	832	305	992	804
64	1023	832	309	992	804
128	1023	832	323	992	804
192	1023	832	347	992	804
256	1023	832	380	993	804
320	1023	832	420	993	804
384	1023	832	464	993	804
448	1023	832	513	993	804
512	1023	832	564	993	804
576	1023	832	617	993	803
640	1023	832	672	994	803
704	1023	832	728	994	803
768	1023	832	785	994	803
832	1023	832	843	995	803
896	1023	832	901	995	803
960	1023	832	959	996	803
1023	1023	832	1017	996	802
0	0	896	189	122	862
64	0	896	196	122	862
128	0	896	220	122	862
192	0	896	256	123	862
256	0	896	301	124	862
320	0	896	352	126	862
384	0	896	406	127	862
448	0	896	462	129	861
512	0	896	519	132	861
576	0	896	577	135	861
640	0	896	636	138	861
704	0	896	696	141	861
768	0	896	755	145	861
832	0	896	816	149	861
896	0	896	876	153	861
960	0	896	936	157	861
1023	0	896	996	162	860
0	64	896	189	134	862
64	64	896	197	134	862
128	64	896	220	134	862
192	64	896	256	135	862
256	64	896	302	136	862
320	64	896	352	137	862
384	64	896	406	139	862
448	64	896	462	141	861
512	64	896	519	143	861
576	64	896	577	145	861
640	64	896	636	148	861
704	64	896	696	151	861
768	64	896	755	155	861
832	64	896	816	158	861
896	64	896	876	162	861
960	64	896	936	166	861
1023	64	896	996	171	860
0	128	896	191	168	862
64	128	896	198	168	862
128	128	896	221	169	862
192	128	896	257	169	862
256	128	896	302	170	862
320	128	896	353	171	862
384	128	896	406	172	862
448	128	896	462	174	861
512	128	896	520	175	861
576	128	896	578	177	861
640	128	896	637	180	861
704	128	896	696	182	861
768	128	896	756	185	861
832	128	896	816	188	861
896	128	896	876	191	861
960	128	896	937	194	861
1023	128	896	996	198	860
0	192	896	193	216	862
64	192	896	200	216	862
128	192	896	223	216	862
192	192	896	259	217	862
256	192	896	304	217	862
320	192	896	354	218	862
384	192	896	407	219	862
448	192	896	463	220	862
512	192	896	520	221	861
576	192	896	578	223	861
640	192	896	637	224	861
704	192	896	697	226	861
768	192	896	756	228	861
832	192	896	816	231	861
896	192	896	877	233	861
960	192	896	937	236	861
1023	192	896	997	239	860
0	256	896	197	270	862
64	256	896	204	270	862
128	256	896	226	270	862
192	256	896	262	270	862
256	256	896	306	271	862
320	256	896	356	271	862
384	256	896	409	272	862
448	256	896	464	273	862
512	256	896	521	274	862
576	256	896	579	275	861
640	256	896	638	276	861
704	256	896	697	278	861
768	256	896	757	280	861
832	256	896	817	281	861
896	256	896	877	283	861
960	256	896	938	285	861
1023	256	896	997	288	860
0	320	896	202	327	862
64	320	896	208	327	862
128	320	896	230	327	862
192	320	896	265	327	862
256	320	896	309	327	862
320	320	896	358	328	862
384	320	896	411	328	862
448	320	896	466	329	862
512	320	896	523	330	862
576	320	896	581	331	862
640	320	896	639	332	861
704	320	896	698	333	861
768	320	896	758	335	861
832	320	896	818	336	861
896	320	896	878	338	861
960	320	896	938	339	861
1023	320	896	998	341	861
0	384	896	208	385	862
64	384	896	214	385	862
128	384	896	236	385	862
192	384	896	270	386	862
256	384	896	313	386	862
320	384	896	361	386	862
384	384	896	414	387	862
448	384	896	468	387	862
512	384	896	525	388	862
576	384	896	582	389	862
640	384	896	641	390	862
704	384	896	700	391	861
768	384	896	759	392	861
832	384	896	819	393	861
896	384	896	879	394	861
960	384	896	939	396	861
1023	384	896	999	397	861
0	448	896	215	445	862
64	448	896	221	445	862
128	448	896	242	445	862
192	448	896	275	445	862
256	448	896	317	445	862
320	448	896	365	446	862
384	448	896	417	446	862
448	448	896	471	446	862
512	448	896	527	447	862
576	448	896	585	448	862
640	448	896	643	448	862
704	448	896	701	449	862
768	448	896	761	450	862
832	448	896	820	451	861
896	448	896	880	452	861
960	448	896	940	454	861
1023	448	896	1000	455	861
0	512	896	223	505	862
64	512	896	229	505	862
128	512	896	249	505	862
192	512	896	281	505	862
256	512	896	322	505	862
320	512	896	369	506	862
384	512	896	420	506	862
448	512	896	474	506	862
512	512	896	530	507	862
576	512	896	587	507	862
640	512	896	645	508	862
704	512	896	703	509	862
768	512	896	763	510	862
832	512	896	822	510	862
896	512	896	882	511	861
960	512	896	942	512	861
1023	512	896	1001	514	861
0	576	896	232	565	863
64	576	896	237	565	863
128	576	896	256	566	863
192	576	896	288	566	863
256	576	896	328	566	863
320	576	896	374	566	863
384	576	896	425	566	862
448	576	896	478	567	862
512	576	896	533	567	862
576	576	896	590	568	862
640	576	896	647	568	862
704	576	896	706	569	862
768	576	896	765	570	862
832	576	896	824	570	862
896	576	896	884	571	862
960	576	896	943	572	861
1023	576	896	1003	573	861
0	640	896	242	626	863
64	640	896	247	626	863
128	640	896	265	626	863
192	640	896	295	626	863
256	640	896	334	627	863
320	640	896	380	627	863
384	640	896	429	627	863
448	640	896	482	627	863
512	640	896	537	628	863
576	640	896	593	628	863
640	640	896	650	629	862
704	640	896	708	629	862
768	640	896	767	630	862
832	640	896	826	631	862
896	640	896	886	631	862
960	640	896	945	632	862
1023	640	896	1004	633	862
0	704	896	252	687	863
64	704	896	257	687	863
128	704	896	274	687	863
192	704	896	303	687	863
256	704	896	341	688	863
320	704	896	386	688	863
384	704	896	435	688	863
448	704	896	487	688	863
512	704	896	541	689	863
576	704	896	597	689	863
640	704	896	654	689	863
704	704	896	711	690	863
768	704	896	770	690	862
832	704	896	828	691	862
896	704	896	888	692	862
960	704	896	947	693	862
1023	704	896	1006	693	862
0	768	896	263	748	864
64	768	896	268	748	864
128	768	896	284	749	863
192	768	896	312	749	863
256	768	896	349	749	863
320	768	896	393	749	863
384	768	896	441	749	863
448	768	896	492	749	863
512	768	896	545	750	863
576	768	896	601	750	863
640	768	896	657	750	863
704	768	896	715	751	863
768	768	896	773	751	863
832	768	896	831	752	863
896	768	896	890	753	863
960	768	896	950	753	862
1023	768	896	1008	754	862
0	832	896	275	810	864
64	832	896	279	810	864
128	832	896	295	810	864
192	832	896	322	810	864
256	832	896	357	810	864
320	832	896	400	810	864
384	832	896	447	810	864
448	832	896	497	811	864
512	832	896	550	811	864
576	832	896	605	811	863
640	832	896	661	811	863
704	832	896	718	812	863
768	832	896	776	812	863
832	832	896	834	813	863
896	832	896	893	813	863
960	832	896	952	814	863
1023	832	896	1011	815	863
0	896	896	287	871	864
64	896	896	291	871	864
128	896	896	306	871	864
192	896	896	332	871	864
256	896	896	366	871	864
320	896	896	408	871	864
384	896	896	454	872	864
448	896	896	503	872	864
512	896	896	556	872	864
576	896	896	610	872	864
640	896	896	665	873	864
704	896	896	722	873	864
768	896	896	779	873	864
832	896	896	837	874	863
896	896	896	896	874	863
960	896	896	955	875	863
1023	896	896	1013	876	863
0	960	896	299	933	865
64	960	896	303	933	865
128	960	896	318	933	865
192	960	896	342	933	865
256	960	896	376	933	865
320	960	896	416	933	865
384	960	896	461	933	865
448	960	896	510	933	864
512	960	896	561	933	864
576	960	896	615	934	864
640	960	896	670	934	864
704	960	896	726	934	864
768	960	896	783	935	864
832	960	896	841	935	864
896	960	896	899	936	864
960	960	896	958	936	864
1023	960	896	1016	937	863
0	1023	896	312	993	865
64	1023	896	316	993	865
128	1023	896	329	993	865
192	1023	896	353	993	865
256	1023	896	385	993	865
320	1023	896	425	993	865
384	1023	896	469	993	865
448	1023	896	517	994	865
512	1023	896	568	994	865
576	1023	896	620	994	865
640	1023	896	675	994	865
704	1023	896	731	995	865
768	1023	896	787	995	864
832	1023	896	845	995	864
896	1023	896	903	996	864
960	1023	896	961	996	864
1023	1023	896	1019	997	864
0	0	960	203	131	923
64	0	960	209	131	923
128	0	960	231	131	923
192	0	960	266	132	923
256	0	960	309	133	923
320	0	960	359	134	923
384	0	960	411	136	923
448	0	960	466	138	923
512	0	960	523	140	923
576	0	960	581	143	923
640	0	960	639	145	923
704	0	960	699	149	923
768	0	960	758	152	923
832	0	960	818	156	922
896	0	960	878	160	922
960	0	960	938	164	922
1023	0	960	998	168	922
0	64	960	203	142	923
64	64	960	209	142	923
128	64	960	231	142	923
192	64	960	266	143	923
256	64	960	309	143	923
320	64	960	359	145	923
384	64	960	411	146	923
448	64	960	467	148	923
512	64	960	523	150	923
576	64	960	581	152	923
640	64	960	640	155	923
704	64	960	699	158	923
768	64	960	758	161	923
832	64	960	818	165	922
896	64	960	878	169	922
960	64	960	938	172	922
1023	64	960	998	177	922
0	128	960	204	174	923
64	128	960	211	174	923
128	128	960	232	175	923
192	128	960	267	175	923
256	128	960	310	176	923
320	128	960	359	177	923
384	128	960	412	178	923
448	128	960	467	179	923
512	128	960	524	181	923
576	128	960	581	183	923
640	128	960	640	185	923
704	128	960	699	188	923
768	128	960	758	190	923
832	128	960	818	193	922
896	128	960	878	196	922
960	128	960	939	199	922
1023	128	960	998	203	922
0	192	960	206	221	923
64	192	960	213	221	923
128	192	960	234	221	923
192	192	960	269	221	923
256	192	960	312	222	923
320	192	960	361	222	923
384	192	960	413	223	923
448	192	960	468	224	923
512	192	960	524	226	923
576	192	960	582	227	923
640	192	960	640	229	923
704	192	960	699	231	923
768	192	960	759	233	923
832	192	960	819	235	923
896	192	960	879	237	922
960	192	960	939	240	922
1023	192	960	999	243	922
0	256	960	210	273	923
64	256	960	216	273	923
128	256	960	237	274	923
192	256	960	271	274	923
256	256	960	314	274	923
320	256	960	362	275	923
384	256	960	415	275	923
448	256	960	469	276	923
512	256	960	526	277	923
576	256	960	583	278	923
640	256	960	641	280	923
704	256	960	700	281	923
768	256	960	760	283	923
832	256	960	819	285	923
896	256	960	879	287	922
960	256	960	940	289	922
1023	256	960	999	291	922
0	320	960	214	330	923
64	320	960	221	330	923
128	320	960	241	330	923
192	320	960	274	330	923
256	320	960	317	330	923
320	320	960	365	331	923
384	320	960	417	331	923
448	320	960	471	332	923
512	320	960	527	333	923
576	320	960	584	334	923
640	320	960	643	335	923
704	320	960	701	336	923
768	320	960	761	337	923
832	320	960	820	339	923
896	320	960	880	340	923
960	320	960	940	342	922
1023	320	960	1000	344	922
0	384	960	220	388	924
64	384	960	226	388	924
128	384	960	246	388	924
192	384	960	279	388	924
256	384	960	320	388	924
320	384	960	368	389	923
384	384	960	419	389	923
448	384	960	473	390	923
512	384	960	529	390	923
576	384	960	586	391	923
640	384	960	644	392	923
704	384	960	703	393	923
768	384	960	762	394	923
832	384	960	821	395	923
896	384	960	881	396	923
960	384	960	941	398	923
1023	384	960	1001	399	922
0	448	960	227	447	924
64	448	960	232	447	924
128	448	960	252	447	924
192	448	960	284	447	924
256	448	960	324	447	924
320	448	960	371	448	924
384	448	960	422	448	924
448	448	960	476	448	924
512	448	960	531	449	923
576	448	960	588	450	923
640	448	960	646	450	923
704	448	960	704	451	923
768	448	960	763	452	923
832	448	960	823	453	923
896	448	960	882	454	923
960	448	960	942	455	923
1023	448	960	1002	457	923
0	512	960	234	507	924
64	512	960	240	507	924
128	512	960	258	507	924
192	512	960	289	507	924
256	512	960	329	507	924
320	512	960	375	507	924
384	512	960	426	508	924
448	512	960	479	508	924
512	512	960	534	508	924
576	512	960	591	509	924
640	512	960	648	510	923
704	512	960	706	510	923
768	512	960	765	511	923
832	512	960	824	512	923
896	512	960	884	513	923
960	512	960	944	514	923
1023	512	960	1003	515	923
0	576	960	243	567	924
64	576	960	248	567	924
128	576	960	266	567	924
192	576	960	296	567	924
256	576	960	335	567	924
320	576	960	380	568	924
384	576	960	430	568	924
448	576	960	483	568	924
512	576	960	537	569	924
576	576	960	593	569	924
640	576	960	651	570	924
704	576	960	709	570	924
768	576	960	767	571	923
832	576	960	826	572	923
896	576	960	886	573	923
960	576	960	945	573	923
1023	576	960	1005	574	923
0	640	960	252	628	924
64	640	960	257	628	924
128	640	960	274	628	924
192	640	960	303	628	924
256	640	960	341	628	924
320	640	960	386	628	924
384	640	960	435	628	924
448	640	960	487	629	924
512	640	960	541	629	924
576	640	960	597	629	924
640	640	960	653	630	924
704	640	960	711	631	924
768	640	960	770	631	924
832	640	960	828	632	924
896	640	960	888	633	923
960	640	960	947	633	923
1023	640	960	1006	634	923
0	704	960	262	688	925
64	704	960	267	688	925
128	704	960	283	688	925
192	704	960	311	689	925
256	704	960	348	689	925
320	704	960	392	689	925
384	704	960	440	689	924
448	704	960	491	689	924
512	704	960	545	690	924
576	704	960	600	690	924
640	704	960	657	691	924
704	704	960	714	691	924
768	704	960	772	692	924
832	704	960	831	692	924
896	704	960	890	693	924
960	704	960	949	694	924
1023	704	960	1008	694	923
0	768	960	272	749	925
64	768	960	277	749	925
128	768	960	293	750	925
192	768	960	320	750	925
256	768	960	356	750	925
320	768	960	398	750	925
384	768	960	446	750	925
448	768	960	496	750	925
512	768	960	549	751	925
576	768	960	604	751	925
640	768	960	660	751	924
704	768	960	717	752	924
768	768	960	775	752	924
832	768	960	834	753	924
896	768	960	892	754	924
960	768	960	952	754	924
1023	768	960	1010	755	924
0	832	960	283	811	925
64	832	960	288	811	925
128	832	960	303	811	925
192	832	960	329	811	925
256	832	960	364	811	925
320	832	960	406	811	925
384	832	960	452	811	925
448	832	960	502	811	925
512	832	960	554	812	925
576	832	960	609	812	925
640	832	960	664	812	925
704	832	960	721	813	925
768	832	960	778	813	925
832	832	960	837	814	924
896	832	960	895	814	924
960	832	960	954	815	924
1023	832	960	1013	816	924
0	896	960	295	872	926
64	896	960	299	872	926
128	896	960	314	872	926
192	896	960	339	872	926
256	896	960	373	872	926
320	896	960	413	872	926
384	896	960	459	872	925
448	896	960	508	873	925
512	896	960	560	873	925
576	896	960	613	873	925
640	896	960	668	874	925
704	896	960	725	874	925
768	896	960	782	874	925
832	896	960	840	875	925
896	896	960	898	875	925
960	896	960	957	876	925
1023	896	960	1015	876	924
0	960	960	307	933	926
64	960	960	311	933	926
128	960	960	325	933	926
192	960	960	349	933	926
256	960	960	382	933	926
320	960	960	421	934	926
384	960	960	466	934	926
448	960	960	514	934	926
512	960	960	565	934	926
576	960	960	618	934	926
640	960	960	673	935	926
704	960	960	729	935	925
768	960	960	786	936	925
832	960	960	843	936	925
896	960	960	901	936	925
960	960	960	960	937	925
1023	960	960	1018	937	925
0	1023	960	319	994	926
64	1023	960	323	994	926
128	1023	960	337	994	926
192	1023	960	360	994	926
256	1023	960	391	994	926
320	1023	960	430	994	926
384	1023	960	473	994	926
448	1023	960	521	994	926
512	1023	960	571	995	926
576	1023	960	624	995	926
640	1023	960	678	995	926
704	1023	960	733	995	926
768	1023	960	790	996	926
832	1023	960	847	996	926
896	1023	960	905	997	925
960	1023	960	963	997	925
1023	1023	960	1021	998	925
0	0	1023	216	139	984
64	0	1023	222	139	984
128	0	1023	242	140	984
192	0	1023	275	140	984
256	0	1023	317	141	984
320	0	1023	365	142	984
384	0	1023	417	144	984
448	0	1023	472	146	984
512	0	1023	528	148	984
576	0	1023	585	150	983
640	0	1023	643	153	983
704	0	1023	702	156	983
768	0	1023	761	159	983
832	0	1023	821	163	983
896	0	1023	880	167	983
960	0	1023	941	171	983
1023	0	1023	1000	175	983
0	64	1023	216	149	984
64	64	1023	222	149	984
128	64	1023	243	150	984
192	64	1023	276	150	984
256	64	1023	318	151	984
320	64	1023	366	152	984
384	64	1023	417	154	984
448	64	1023	472	155	984
512	64	1023	528	157	984
576	64	1023	585	160	983
640	64	1023	643	162	983
704	64	1023	702	165	983
768	64	1023	761	168	983
832	64	1023	821	171	983
896	64	1023	881	175	983
960	64	1023	941	179	983
1023	64	1023	1000	183	983
0	128	1023	217	181	984
64	128	1023	223	181	984
128	128	1023	244	181	984
192	128	1023	277	181	984
256	128	1023	318	182	984
320	128	1023	366	183	984
384	128	1023	418	184	984
448	128	1023	472	185	984
512	128	1023	528	187	984
576	128	1023	585	189	984
640	128	1023	643	191	983
704	128	1023	702	193	983
768	128	1023	761	196	983
832	128	1023	821	199	983
896	128	1023	881	202	983
960	128	1023	941	205	983
1023	128	1023	1000	208	983
0	192	1023	219	225	984
64	192	1023	225	225	984
128	192	1023	246	225	984
192	192	1023	278	226	984
256	192	1023	320	226	984
320	192	1023	367	227	984
384	192	1023	419	228	984
448	192	1023	473	229	984
512	192	1023	529	230	984
576	192	1023	586	232	984
640	192	1023	644	233	983
704	192	1023	703	235	983
768	192	1023	762	237	983
832	192	1023	821	239	983
896	192	1023	881	242	983
960	192	1023	941	244	983
1023	192	1023	1001	247	983
0	256	1023	223	277	984
64	256	1023	229	277	984
128	256	1023	248	277	984
192	256	1023	281	277	984
256	256	1023	322	278	984
320	256	1023	369	278	984
384	256	1023	420	279	984
448	256	1023	474	280	984
512	256	1023	530	281	984
576	256	1023	587	282	984
640	256	1023	645	283	984
704	256	1023	703	285	983
768	256	1023	762	286	983
832	256	1023	822	288	983
896	256	1023	882	290	983
960	256	1023	942	292	983
1023	256	1023	1001	294	983
0	320	1023	227	332	984
64	320	1023	233	332	984
128	320	1023	252	333	984
192	320	1023	284	333	984
256	320	1023	325	333	984
320	320	1023	371	334	984
384	320	1023	422	334	984
448	320	1023	476	335	984
512	320	1023	531	336	984
576	320	1023	588	337	984
640	320	1023	646	338	984
704	320	1023	704	339	984
768	320	1023	763	340	983
832	320	1023	823	341	983
896	320	1023	883	343	983
960	320	1023	943	345	983
1023	320	1023	1002	347	983
0	384	1023	232	390	984
64	384	1023	238	390	984
128	384	1023	257	390	984
192	384	1023	288	390	984
256	384	1023	328	391	984
320	384	1023	374	391	984
384	384	1023	425	391	984
448	384	1023	478	392	984
512	384	1023	533	393	984
576	384	1023	590	393	984
640	384	1023	647	394	984
704	384	1023	706	395	984
768	384	1023	765	396	984
832	384	1023	824	397	983
896	384	1023	884	399	983
960	384	1023	943	400	983
1023	384	1023	1003	402	983
0	448	1023	238	449	984
64	448	1023	244	449	984
128	448	1023	262	449	984
192	448	1023	293	449	984
256	448	1023	332	449	984
320	448	1023	378	450	984
384	448	1023	428	450	984
448	448	1023	481	450	984
512	448	1023	536	451	984
576	448	1023	592	452	984
640	448	1023	649	452	984
704	448	1023	707	453	984
768	448	1023	766	454	984
832	448	1023	825	455	984
896	448	1023	885	456	983
960	448	1023	945	457	983
1023	448	1023	1004	459	983
0	512	1023	245	508	984
64	512	1023	251	508	984
128	512	1023	269	508	984
192	512	1023	298	509	984
256	512	1023	337	509	984
320	512	1023	382	509	984
384	512	1023	431	509	984
448	512	1023	484	510	984
512	512	1023	538	510	984
576	512	1023	594	511	984
640	512	1023	651	511	984
704	512	1023	709	512	984
768	512	1023	768	513	984
832	512	1023	827	514	984
896	512	1023	886	515	984
960	512	1023	946	516	983
1023	512	1023	1005	517	983
0	576	1023	253	568	985
64	576	1023	258	568	985
128	576	1023	276	569	985
192	576	1023	305	569	985
256	576	1023	342	569	985
320	576	1023	387	569	985
384	576	1023	436	569	985
448	576	1023	487	570	984
512	576	1023	542	570	984
576	576	1023	597	571	984
640	576	1023	654	571	984
704	576	1023	712	572	984
768	576	1023	770	572	984
832	576	1023	829	573	984
896	576	1023	888	574	984
960	576	1023	948	575	984
1023	576	1023	1007	576	983
0	640	1023	262	629	985
64	640	1023	267	629	985
128	640	1023	284	629	985
192	640	1023	312	629	985
256	640	1023	349	629	985
320	640	1023	392	629	985
384	640	1023	440	630	985
448	640	1023	492	630	985
512	640	1023	545	630	985
576	640	1023	600	631	985
640	640	1023	657	631	984
704	640	1023	714	632	984
768	640	1023	772	632	984
832	640	1023	831	633	984
896	640	1023	890	634	984
960	640	1023	949	635	984
1023	640	1023	1008	636	984
0	704	1023	272	690	985
64	704	1023	276	690	985
128	704	1023	292	690	985
192	704	1023	319	690	985
256	704	1023	355	690	985
320	704	1023	398	690	985
384	704	1023	445	690	985
448	704	1023	496	691	985
512	704	1023	549	691	985
576	704	1023	604	691	985
640	704	1023	660	692	985
704	704	1023	717	692	985
768	704	1023	775	693	984
832	704	1023	833	693	984
896	704	1023	892	694	984
960	704	1023	952	695	984
1023	704	1023	1010	696	984
0	768	1023	282	751	985
64	768	1023	286	751	985
128	768	1023	302	751	985
192	768	1023	328	751	985
256	768	1023	363	751	985
320	768	1023	404	751	985
384	768	1023	451	751	985
448	768	1023	501	751	985
512	768	1023	554	752	985
576	768	1023	608	752	985
640	768	1023	664	753	985
704	768	1023	720	753	985
768	768	1023	778	753	985
832	768	1023	836	754	985
896	768	1023	895	755	985
960	768	1023	954	755	984
1023	768	1023	1012	756	984
0	832	1023	292	812	986
64	832	1023	297	812	986
128	832	1023	311	812	986
192	832	1023	337	812	986
256	832	1023	371	812	986
320	832	1023	411	812	986
384	832	1023	457	812	986
448	832	1023	506	812	985
512	832	1023	558	813	985
576	832	1023	612	813	985
640	832	1023	668	813	985
704	832	1023	724	814	985
768	832	1023	781	814	985
832	832	1023	839	815	985
896	832	1023	898	815	985
960	832	1023	956	816	985
1023	832	1023	1015	817	985
0	896	1023	304	873	986
64	896	1023	308	873	986
128	896	1023	322	873	986
192	896	1023	346	873	986
256	896	1023	379	873	986
320	896	1023	419	873	986
384	896	1023	464	873	986
448	896	1023	512	874	986
512	896	1023	564	874	986
576	896	1023	617	874	986
640	896	1023	672	874	986
704	896	1023	728	875	986
768	896	1023	785	875	985
832	896	1023	842	876	985
896	896	1023	900	876	985
960	896	1023	959	877	985
1023	896	1023	1017	877	985
0	960	1023	315	934	986
64	960	1023	319	934	986
128	960	1023	333	934	986
192	960	1023	356	934	986
256	960	1023	388	934	986
320	960	1023	427	934	986
384	960	1023	471	935	986
448	960	1023	519	935	986
512	960	1023	569	935	986
576	960	1023	622	935	986
640	960	1023	676	936	986
704	960	1023	732	936	986
768	960	1023	788	936	986
832	960	1023	846	937	986
896	960	1023	904	937	986
960	960	1023	962	938	985
1023	960	1023	1020	938	985
0	1023	1023	327	995	987
64	1023	1023	331	995	987
128	1023	1023	344	995	987
192	1023	1023	367	995	987
256	1023	1023	398	995	987
320	1023	1023	435	995	987
384	1023	1023	478	995	987
448	1023	1023	525	995	987
512	1023	1023	575	995	987
576	1023	1023	627	996	986
640	1023	1023	681	996	986
704	1023	1023	736	996	986
768	1023	1023	793	997	986
832	1023	1023	850	997	986
896	1023	1023	907	997	986
960	1023	1023	965	998	986
1023	1023	1023	1023	998	986
