0	0	0	0	0	0
64	0	0	57	0	0
128	0	0	119	0	0
192	0	0	177	0	0
256	0	0	236	23	0
320	0	0	295	23	0
384	0	0	355	23	0
448	0	0	415	32	0
512	0	0	471	32	0
576	0	0	527	38	0
640	0	0	587	44	0
704	0	0	643	48	0
768	0	0	698	53	0
832	0	0	755	57	0
896	0	0	815	60	0
960	0	0	871	63	0
1023	0	0	928	69	0
0	64	0	0	60	0
64	64	0	57	60	0
128	64	0	119	66	0
192	64	0	177	66	0
256	64	0	236	63	0
320	64	0	295	63	0
384	64	0	355	66	0
448	64	0	415	66	0
512	64	0	471	69	0
576	64	0	527	69	0
640	64	0	586	72	0
704	64	0	643	75	0
768	64	0	698	77	0
832	64	0	755	80	0
896	64	0	815	82	0
960	64	0	871	87	0
1023	64	0	928	89	0
0	128	0	0	126	0
64	128	0	57	126	0
128	128	0	119	126	0
192	128	0	177	126	0
256	128	0	236	126	0
320	128	0	295	126	0
384	128	0	355	128	0
448	128	0	415	128	0
512	128	0	471	129	0
576	128	0	527	130	0
640	128	0	586	130	0
704	128	0	642	130	0
768	128	0	698	133	0
832	128	0	755	133	0
896	128	0	815	136	0
960	128	0	871	137	0
1023	128	0	928	138	0
0	192	0	0	189	0
64	192	0	57	189	0
128	192	0	119	189	0
192	192	0	177	188	0
256	192	0	236	189	0
320	192	0	294	188	0
384	192	0	355	188	0
448	192	0	414	189	0
512	192	0	470	189	0
576	192	0	526	190	0
640	192	0	586	191	0
704	192	0	642	191	0
768	192	0	697	192	0
832	192	0	755	193	0
896	192	0	814	193	0
960	192	0	871	194	0
1023	192	0	928	195	0
0	256	0	0	252	0
64	256	0	60	252	0
128	256	0	117	252	0
192	256	0	177	252	0
256	256	0	235	252	0
320	256	0	294	251	0
384	256	0	354	250	0
448	256	0	414	251	0
512	256	0	469	252	0
576	256	0	526	252	0
640	256	0	585	252	0
704	256	0	641	252	0
768	256	0	697	253	0
832	256	0	754	253	0
896	256	0	814	253	0
960	256	0	871	254	0
1023	256	0	927	255	0
0	320	0	23	315	0
64	320	0	60	315	0
128	320	0	117	315	0
192	320	0	177	315	0
256	320	0	235	314	0
320	320	0	294	313	0
384	320	0	353	313	0
448	320	0	413	313	0
512	320	0	468	313	0
576	320	0	525	313	0
640	320	0	585	314	0
704	320	0	641	314	0
768	320	0	696	314	0
832	320	0	754	315	0
896	320	0	814	315	0
960	320	0	871	316	0
1023	320	0	927	315	0
0	384	0	23	378	23
64	384	0	63	378	23
128	384	0	119	378	23
192	384	0	177	378	0
256	384	0	236	377	0
320	384	0	294	376	0
384	384	0	354	376	0
448	384	0	413	376	0
512	384	0	468	376	0
576	384	0	525	376	0
640	384	0	585	376	0
704	384	0	641	376	0
768	384	0	696	377	0
832	384	0	754	377	0
896	384	0	814	377	0
960	384	0	871	378	0
1023	384	0	927	377	0
0	448	0	32	440	23
64	448	0	63	440	23
128	448	0	120	439	23
192	448	0	178	439	23
256	448	0	236	438	23
320	448	0	294	438	0
384	448	0	354	437	0
448	448	0	413	437	0
512	448	0	469	437	0
576	448	0	525	437	0
640	448	0	585	437	0
704	448	0	641	438	0
768	448	0	696	438	0
832	448	0	754	438	0
896	448	0	814	438	0
960	448	0	871	438	0
1023	448	0	927	438	0
0	512	0	32	499	23
64	512	0	66	499	23
128	512	0	120	499	23
192	512	0	179	498	23
256	512	0	236	498	23
320	512	0	294	497	23
384	512	0	354	497	0
448	512	0	413	497	0
512	512	0	469	497	0
576	512	0	525	497	0
640	512	0	585	497	0
704	512	0	641	497	0
768	512	0	696	497	0
832	512	0	754	497	0
896	512	0	813	497	0
960	512	0	871	496	0
1023	512	0	927	497	0
0	576	0	38	560	23
64	576	0	66	560	23
128	576	0	122	560	23
192	576	0	179	559	23
256	576	0	236	559	23
320	576	0	295	558	23
384	576	0	355	558	23
448	576	0	413	558	0
512	576	0	469	558	0
576	576	0	525	558	0
640	576	0	585	558	0
704	576	0	641	558	0
768	576	0	696	558	0
832	576	0	754	558	0
896	576	0	813	557	0
960	576	0	870	557	0
1023	576	0	927	558	23
0	640	0	44	623	32
64	640	0	72	623	32
128	640	0	123	623	32
192	640	0	179	623	32
256	640	0	237	622	32
320	640	0	295	621	23
384	640	0	354	621	23
448	640	0	413	621	23
512	640	0	469	621	0
576	640	0	525	621	0
640	640	0	585	621	0
704	640	0	641	621	0
768	640	0	696	621	0
832	640	0	754	621	0
896	640	0	813	621	0
960	640	0	871	621	23
1023	640	0	927	620	23
0	704	0	48	680	32
64	704	0	72	680	32
128	704	0	125	680	32
192	704	0	179	680	32
256	704	0	237	680	32
320	704	0	295	679	32
384	704	0	355	679	32
448	704	0	413	679	23
512	704	0	469	679	23
576	704	0	525	678	0
640	704	0	584	678	0
704	704	0	640	678	0
768	704	0	696	678	0
832	704	0	754	679	0
896	704	0	814	678	23
960	704	0	871	678	23
1023	704	0	927	678	32
0	768	0	48	741	38
64	768	0	75	741	38
128	768	0	125	741	38
192	768	0	180	741	38
256	768	0	238	740	32
320	768	0	295	740	32
384	768	0	355	740	32
448	768	0	413	740	32
512	768	0	469	739	23
576	768	0	525	739	23
640	768	0	584	739	0
704	768	0	640	739	0
768	768	0	696	739	0
832	768	0	754	739	0
896	768	0	814	739	0
960	768	0	870	739	23
1023	768	0	927	739	32
0	832	0	60	805	38
64	832	0	80	805	38
128	832	0	129	805	38
192	832	0	182	804	38
256	832	0	239	804	38
320	832	0	296	803	38
384	832	0	355	803	38
448	832	0	413	803	32
512	832	0	469	803	32
576	832	0	525	803	23
640	832	0	585	803	23
704	832	0	641	803	0
768	832	0	696	803	0
832	832	0	754	803	23
896	832	0	813	803	23
960	832	0	871	803	32
1023	832	0	927	803	32
0	896	0	60	865	44
64	896	0	80	865	44
128	896	0	128	865	44
192	896	0	182	865	44
256	896	0	238	864	44
320	896	0	296	864	38
384	896	0	355	864	38
448	896	0	413	864	38
512	896	0	468	864	32
576	896	0	525	864	32
640	896	0	584	864	32
704	896	0	640	864	32
768	896	0	695	864	23
832	896	0	753	864	23
896	896	0	813	864	23
960	896	0	870	864	32
1023	896	0	927	864	32
0	960	0	66	926	44
64	960	0	85	926	44
128	960	0	129	926	44
192	960	0	183	926	44
256	960	0	239	925	44
320	960	0	296	925	44
384	960	0	355	925	44
448	960	0	413	925	38
512	960	0	468	925	44
576	960	0	524	925	44
640	960	0	584	925	38
704	960	0	640	925	38
768	960	0	695	925	38
832	960	0	753	925	32
896	960	0	813	925	32
960	960	0	870	925	38
1023	960	0	927	925	38
0	1023	0	63	986	48
64	1023	0	85	986	48
128	1023	0	130	985	48
192	1023	0	183	985	48
256	1023	0	238	985	53
320	1023	0	295	985	53
384	1023	0	354	985	48
448	1023	0	412	985	48
512	1023	0	467	985	48
576	1023	0	523	985	48
640	1023	0	583	985	48
704	1023	0	639	985	44
768	1023	0	694	985	48
832	1023	0	752	985	44
896	1023	0	812	985	38
960	1023	0	869	985	44
1023	1023	0	926	985	44
0	0	64	0	0	63
64	0	64	60	0	63
128	0	64	119	0	63
192	0	64	178	0	63
256	0	64	236	23	63
320	0	64	295	23	63
384	0	64	355	23	60
448	0	64	415	32	60
512	0	64	471	32	60
576	0	64	527	38	57
640	0	64	587	44	57
704	0	64	643	48	53
768	0	64	698	53	53
832	0	64	755	57	48
896	0	64	815	60	44
960	0	64	871	63	44
1023	0	64	928	69	38
0	64	64	0	60	63
64	64	64	60	60	63
128	64	64	119	60	63
192	64	64	178	63	63
256	64	64	236	63	63
320	64	64	295	63	63
384	64	64	355	66	60
448	64	64	415	66	60
512	64	64	471	69	60
576	64	64	527	69	57
640	64	64	587	72	57
704	64	64	643	75	53
768	64	64	698	77	53
832	64	64	755	80	48
896	64	64	815	82	44
960	64	64	871	87	44
1023	64	64	928	89	38
0	128	64	0	126	63
64	128	64	60	126	63
128	128	64	119	126	63
192	128	64	178	126	63
256	128	64	236	126	63
320	128	64	295	126	63
384	128	64	355	128	63
448	128	64	415	128	60
512	128	64	471	129	60
576	128	64	527	130	57
640	128	64	586	130	57
704	128	64	642	130	53
768	128	64	697	132	53
832	128	64	755	133	48
896	128	64	814	136	48
960	128	64	871	137	44
1023	128	64	928	138	38
0	192	64	0	189	63
64	192	64	60	189	63
128	192	64	119	189	63
192	192	64	178	188	63
256	192	64	236	189	63
320	192	64	294	188	63
384	192	64	355	188	63
448	192	64	414	189	60
512	192	64	470	189	60
576	192	64	526	190	60
640	192	64	586	191	57
704	192	64	642	191	57
768	192	64	697	192	53
832	192	64	755	193	48
896	192	64	814	193	48
960	192	64	871	194	44
1023	192	64	928	195	38
0	256	64	23	252	63
64	256	64	60	252	63
128	256	64	117	252	63
192	256	64	177	252	63
256	256	64	235	252	63
320	256	64	294	251	63
384	256	64	354	250	63
448	256	64	414	251	60
512	256	64	469	251	60
576	256	64	526	252	60
640	256	64	585	252	57
704	256	64	641	252	57
768	256	64	697	253	53
832	256	64	754	253	48
896	256	64	814	253	48
960	256	64	871	254	44
1023	256	64	927	255	38
0	320	64	23	315	66
64	320	64	60	315	66
128	320	64	117	315	66
192	320	64	177	315	63
256	320	64	236	314	63
320	320	64	294	313	63
384	320	64	354	313	63
448	320	64	413	313	63
512	320	64	468	313	60
576	320	64	525	313	60
640	320	64	585	314	57
704	320	64	641	314	57
768	320	64	696	314	53
832	320	64	754	315	53
896	320	64	813	315	48
960	320	64	871	316	44
1023	320	64	927	315	38
0	384	64	23	378	66
64	384	64	63	378	66
128	384	64	120	378	66
192	384	64	177	378	66
256	384	64	236	377	63
320	384	64	294	376	63
384	384	64	354	376	63
448	384	64	413	376	63
512	384	64	469	376	60
576	384	64	525	376	60
640	384	64	585	376	60
704	384	64	641	376	57
768	384	64	696	377	53
832	384	64	754	377	53
896	384	64	814	377	48
960	384	64	871	378	44
1023	384	64	927	377	38
0	448	64	32	440	66
64	448	64	66	440	66
128	448	64	120	439	66
192	448	64	179	439	66
256	448	64	236	438	66
320	448	64	294	438	66
384	448	64	354	437	63
448	448	64	413	437	63
512	448	64	469	437	63
576	448	64	525	437	60
640	448	64	585	437	60
704	448	64	641	437	57
768	448	64	696	438	57
832	448	64	754	438	53
896	448	64	814	438	48
960	448	64	871	438	48
1023	448	64	927	438	48
0	512	64	38	499	66
64	512	64	66	499	66
128	512	64	120	499	66
192	512	64	179	498	66
256	512	64	236	498	66
320	512	64	295	497	66
384	512	64	355	497	66
448	512	64	413	497	63
512	512	64	469	497	63
576	512	64	525	497	63
640	512	64	584	497	60
704	512	64	641	497	60
768	512	64	696	497	57
832	512	64	754	497	53
896	512	64	813	497	53
960	512	64	871	496	48
1023	512	64	927	497	48
0	576	64	38	560	69
64	576	64	66	560	69
128	576	64	122	560	69
192	576	64	179	559	66
256	576	64	236	559	66
320	576	64	295	558	66
384	576	64	355	558	66
448	576	64	413	558	66
512	576	64	469	558	63
576	576	64	525	557	63
640	576	64	585	558	60
704	576	64	641	558	60
768	576	64	696	558	57
832	576	64	754	558	57
896	576	64	813	557	53
960	576	64	870	557	48
1023	576	64	927	557	48
0	640	64	48	623	69
64	640	64	72	623	69
128	640	64	123	623	69
192	640	64	179	623	69
256	640	64	237	622	69
320	640	64	295	621	69
384	640	64	354	621	66
448	640	64	413	621	66
512	640	64	469	621	66
576	640	64	525	621	63
640	640	64	585	621	63
704	640	64	641	621	60
768	640	64	696	621	60
832	640	64	754	621	57
896	640	64	814	621	57
960	640	64	871	621	57
1023	640	64	927	620	57
0	704	64	48	680	69
64	704	64	72	680	69
128	704	64	125	680	69
192	704	64	179	680	69
256	704	64	237	679	69
320	704	64	295	679	69
384	704	64	355	679	69
448	704	64	413	679	66
512	704	64	469	679	66
576	704	64	525	678	66
640	704	64	585	678	63
704	704	64	640	678	63
768	704	64	696	678	60
832	704	64	754	678	57
896	704	64	813	678	60
960	704	64	871	678	57
1023	704	64	927	678	57
0	768	64	53	741	72
64	768	64	75	741	72
128	768	64	125	741	72
192	768	64	180	741	72
256	768	64	238	740	72
320	768	64	295	740	69
384	768	64	355	740	69
448	768	64	413	739	69
512	768	64	468	739	69
576	768	64	525	739	66
640	768	64	584	739	66
704	768	64	640	739	63
768	768	64	696	739	66
832	768	64	754	739	63
896	768	64	813	739	60
960	768	64	870	739	60
1023	768	64	927	739	60
0	832	64	60	805	72
64	832	64	82	805	72
128	832	64	129	804	72
192	832	64	183	804	72
256	832	64	239	804	72
320	832	64	296	803	72
384	832	64	355	803	72
448	832	64	414	803	69
512	832	64	469	803	69
576	832	64	525	803	69
640	832	64	585	803	66
704	832	64	640	803	69
768	832	64	696	803	66
832	832	64	754	803	63
896	832	64	813	803	63
960	832	64	870	803	63
1023	832	64	927	803	63
0	896	64	60	865	75
64	896	64	80	865	75
128	896	64	128	865	75
192	896	64	182	865	75
256	896	64	238	864	75
320	896	64	296	864	75
384	896	64	355	864	72
448	896	64	413	864	72
512	896	64	468	864	72
576	896	64	524	864	69
640	896	64	584	864	69
704	896	64	640	864	69
768	896	64	695	864	69
832	896	64	753	864	66
896	896	64	813	864	66
960	896	64	870	864	66
1023	896	64	927	864	66
0	960	64	66	926	77
64	960	64	85	926	77
128	960	64	130	926	77
192	960	64	183	925	75
256	960	64	239	925	75
320	960	64	296	925	75
384	960	64	355	925	75
448	960	64	413	925	77
512	960	64	468	925	75
576	960	64	524	925	75
640	960	64	584	925	72
704	960	64	640	925	72
768	960	64	695	925	72
832	960	64	753	925	72
896	960	64	813	925	72
960	960	64	870	925	69
1023	960	64	927	925	66
0	1023	64	66	986	77
64	1023	64	85	986	77
128	1023	64	130	985	77
192	1023	64	183	985	77
256	1023	64	239	985	80
320	1023	64	295	985	80
384	1023	64	354	985	80
448	1023	64	412	985	77
512	1023	64	467	985	77
576	1023	64	524	985	77
640	1023	64	583	985	77
704	1023	64	639	985	77
768	1023	64	694	985	75
832	1023	64	752	985	75
896	1023	64	812	985	75
960	1023	64	869	985	75
1023	1023	64	926	985	72
0	0	128	23	0	130
64	0	128	63	0	130
128	0	128	120	0	130
192	0	128	179	0	130
256	0	128	237	0	130
320	0	128	295	23	129
384	0	128	356	23	129
448	0	128	415	32	128
512	0	128	471	32	128
576	0	128	527	38	126
640	0	128	587	44	126
704	0	128	643	48	125
768	0	128	698	53	125
832	0	128	755	57	123
896	0	128	815	60	123
960	0	128	871	63	122
1023	0	128	928	69	120
0	64	128	23	60	130
64	64	128	63	60	130
128	64	128	120	60	129
192	64	128	179	63	129
256	64	128	236	63	129
320	64	128	295	63	129
384	64	128	355	66	129
448	64	128	415	66	128
512	64	128	471	69	128
576	64	128	527	69	126
640	64	128	587	72	126
704	64	128	643	75	125
768	64	128	698	77	125
832	64	128	755	80	123
896	64	128	815	82	123
960	64	128	871	87	122
1023	64	128	928	89	120
0	128	128	23	126	130
64	128	128	63	126	130
128	128	128	120	126	129
192	128	128	179	126	129
256	128	128	236	126	129
320	128	128	295	126	129
384	128	128	355	128	129
448	128	128	415	126	128
512	128	128	471	128	128
576	128	128	527	129	128
640	128	128	586	129	126
704	128	128	642	130	126
768	128	128	698	132	125
832	128	128	755	133	123
896	128	128	814	136	123
960	128	128	871	137	122
1023	128	128	928	138	120
0	192	128	32	188	130
64	192	128	63	188	130
128	192	128	120	188	130
192	192	128	179	188	129
256	192	128	236	189	129
320	192	128	295	188	129
384	192	128	355	188	129
448	192	128	414	188	128
512	192	128	470	188	128
576	192	128	526	189	128
640	192	128	586	190	126
704	192	128	642	191	126
768	192	128	697	192	125
832	192	128	755	193	123
896	192	128	814	193	123
960	192	128	871	193	122
1023	192	128	928	195	120
0	256	128	32	252	130
64	256	128	63	252	130
128	256	128	119	252	130
192	256	128	178	251	129
256	256	128	236	251	129
320	256	128	295	250	129
384	256	128	354	250	129
448	256	128	414	251	128
512	256	128	469	250	128
576	256	128	526	251	128
640	256	128	585	252	126
704	256	128	641	252	126
768	256	128	697	253	125
832	256	128	754	253	123
896	256	128	814	253	123
960	256	128	871	253	122
1023	256	128	927	255	120
0	320	128	32	315	130
64	320	128	63	315	130
128	320	128	120	315	130
192	320	128	178	314	129
256	320	128	236	314	129
320	320	128	294	313	129
384	320	128	354	313	129
448	320	128	413	313	129
512	320	128	468	313	128
576	320	128	525	313	128
640	320	128	585	313	126
704	320	128	641	314	126
768	320	128	696	314	125
832	320	128	754	314	125
896	320	128	813	314	123
960	320	128	870	315	122
1023	320	128	927	315	120
0	384	128	32	378	130
64	384	128	66	378	130
128	384	128	122	378	130
192	384	128	178	378	130
256	384	128	236	377	130
320	384	128	294	376	129
384	384	128	354	376	129
448	384	128	413	376	129
512	384	128	469	376	128
576	384	128	525	376	128
640	384	128	585	376	128
704	384	128	641	376	126
768	384	128	696	376	125
832	384	128	754	377	125
896	384	128	813	377	123
960	384	128	871	377	122
1023	384	128	927	377	122
0	448	128	38	439	130
64	448	128	69	439	130
128	448	128	122	439	130
192	448	128	179	438	130
256	448	128	236	438	130
320	448	128	295	437	130
384	448	128	354	437	129
448	448	128	413	437	129
512	448	128	469	437	129
576	448	128	525	437	128
640	448	128	585	437	128
704	448	128	641	437	126
768	448	128	696	437	126
832	448	128	754	437	125
896	448	128	813	437	123
960	448	128	871	437	123
1023	448	128	927	437	122
0	512	128	44	499	130
64	512	128	69	499	130
128	512	128	122	498	130
192	512	128	179	498	130
256	512	128	237	498	130
320	512	128	295	497	130
384	512	128	355	496	130
448	512	128	413	497	129
512	512	128	469	496	129
576	512	128	525	496	129
640	512	128	584	496	128
704	512	128	640	496	128
768	512	128	696	497	126
832	512	128	754	496	125
896	512	128	813	496	125
960	512	128	870	496	123
1023	512	128	927	496	122
0	576	128	44	560	132
64	576	128	72	560	132
128	576	128	123	559	132
192	576	128	179	559	132
256	576	128	237	558	130
320	576	128	295	558	130
384	576	128	355	557	130
448	576	128	414	557	130
512	576	128	469	557	129
576	576	128	525	557	129
640	576	128	585	557	128
704	576	128	641	557	128
768	576	128	696	557	126
832	576	128	754	557	126
896	576	128	813	557	125
960	576	128	870	557	123
1023	576	128	927	557	122
0	640	128	53	623	132
64	640	128	75	623	132
128	640	128	125	623	132
192	640	128	180	622	132
256	640	128	237	621	132
320	640	128	295	621	132
384	640	128	355	621	130
448	640	128	413	621	130
512	640	128	469	621	130
576	640	128	525	621	129
640	640	128	585	621	129
704	640	128	641	621	128
768	640	128	696	621	128
832	640	128	754	621	126
896	640	128	813	620	125
960	640	128	871	620	126
1023	640	128	927	620	125
0	704	128	53	680	133
64	704	128	77	680	132
128	704	128	126	680	132
192	704	128	180	680	132
256	704	128	238	679	132
320	704	128	295	678	132
384	704	128	355	678	132
448	704	128	414	678	130
512	704	128	469	678	130
576	704	128	525	678	130
640	704	128	585	678	129
704	704	128	640	678	129
768	704	128	696	678	128
832	704	128	754	678	128
896	704	128	813	678	126
960	704	128	871	678	126
1023	704	128	927	678	125
0	768	128	57	741	133
64	768	128	77	741	133
128	768	128	126	741	133
192	768	128	181	740	133
256	768	128	238	740	133
320	768	128	296	739	132
384	768	128	355	739	132
448	768	128	413	739	132
512	768	128	468	739	132
576	768	128	525	739	130
640	768	128	584	739	130
704	768	128	640	739	129
768	768	128	696	739	129
832	768	128	754	739	128
896	768	128	813	739	126
960	768	128	870	739	128
1023	768	128	927	739	126
0	832	128	63	804	134
64	832	128	85	804	133
128	832	128	130	804	133
192	832	128	184	804	133
256	832	128	239	803	133
320	832	128	296	803	133
384	832	128	355	803	133
448	832	128	414	803	132
512	832	128	469	803	132
576	832	128	525	803	132
640	832	128	585	803	130
704	832	128	640	803	130
768	832	128	696	803	129
832	832	128	754	803	130
896	832	128	813	803	129
960	832	128	870	803	128
1023	832	128	927	803	128
0	896	128	63	865	134
64	896	128	85	865	134
128	896	128	129	865	134
192	896	128	182	864	134
256	896	128	239	864	134
320	896	128	296	864	134
384	896	128	355	864	133
448	896	128	413	864	133
512	896	128	468	864	133
576	896	128	524	864	132
640	896	128	584	863	132
704	896	128	640	864	130
768	896	128	695	864	132
832	896	128	753	864	130
896	896	128	813	864	129
960	896	128	870	864	129
1023	896	128	927	863	129
0	960	128	69	926	136
64	960	128	87	925	136
128	960	128	132	925	136
192	960	128	184	925	136
256	960	128	240	925	134
320	960	128	296	925	134
384	960	128	355	925	134
448	960	128	413	925	134
512	960	128	468	925	133
576	960	128	524	925	133
640	960	128	584	925	132
704	960	128	640	925	133
768	960	128	695	925	132
832	960	128	753	925	132
896	960	128	813	925	132
960	960	128	870	925	130
1023	960	128	927	925	129
0	1023	128	69	985	136
64	1023	128	89	985	136
128	1023	128	133	985	136
192	1023	128	184	985	136
256	1023	128	240	985	136
320	1023	128	295	985	136
384	1023	128	354	985	136
448	1023	128	412	985	134
512	1023	128	467	985	134
576	1023	128	524	985	134
640	1023	128	583	985	134
704	1023	128	639	985	134
768	1023	128	694	985	133
832	1023	128	752	985	133
896	1023	128	812	985	133
960	1023	128	869	985	132
1023	1023	128	926	985	132
0	0	192	38	0	196
64	0	192	69	0	196
128	0	192	123	0	196
192	0	192	180	0	196
256	0	192	238	0	195
320	0	192	296	23	194
384	0	192	356	23	193
448	0	192	415	32	193
512	0	192	471	32	193
576	0	192	527	38	193
640	0	192	587	44	193
704	0	192	643	48	192
768	0	192	698	53	192
832	0	192	755	57	191
896	0	192	815	60	190
960	0	192	871	63	190
1023	0	192	928	69	189
0	64	192	38	60	195
64	64	192	69	60	195
128	64	192	123	60	195
192	64	192	180	63	195
256	64	192	238	63	194
320	64	192	296	63	194
384	64	192	356	66	193
448	64	192	415	66	193
512	64	192	471	69	193
576	64	192	527	69	193
640	64	192	587	72	193
704	64	192	642	75	192
768	64	192	697	77	192
832	64	192	755	80	191
896	64	192	815	82	190
960	64	192	871	87	190
1023	64	192	928	89	189
0	128	192	38	125	195
64	128	192	69	126	195
128	128	192	123	126	195
192	128	192	180	126	195
256	128	192	238	126	194
320	128	192	296	125	194
384	128	192	356	126	193
448	128	192	415	126	193
512	128	192	471	128	193
576	128	192	527	129	193
640	128	192	586	129	193
704	128	192	642	130	192
768	128	192	697	132	192
832	128	192	755	133	191
896	128	192	814	134	190
960	128	192	871	137	190
1023	128	192	928	138	189
0	192	192	38	188	195
64	192	192	69	188	195
128	192	192	122	188	195
192	192	192	179	188	195
256	192	192	237	188	195
320	192	192	295	188	194
384	192	192	355	188	193
448	192	192	415	188	193
512	192	192	470	188	193
576	192	192	526	189	193
640	192	192	586	190	193
704	192	192	642	191	192
768	192	192	697	192	192
832	192	192	755	192	191
896	192	192	814	193	191
960	192	192	871	193	190
1023	192	192	927	195	189
0	256	192	44	252	195
64	256	192	69	251	195
128	256	192	122	251	195
192	256	192	179	251	195
256	256	192	237	251	195
320	256	192	295	250	194
384	256	192	355	250	194
448	256	192	414	250	193
512	256	192	469	250	193
576	256	192	526	250	193
640	256	192	585	251	193
704	256	192	641	252	193
768	256	192	696	252	192
832	256	192	754	252	191
896	256	192	814	253	191
960	256	192	871	253	190
1023	256	192	927	254	189
0	320	192	44	314	194
64	320	192	69	314	194
128	320	192	122	314	194
192	320	192	179	314	194
256	320	192	237	313	194
320	320	192	295	312	193
384	320	192	355	313	193
448	320	192	413	312	193
512	320	192	468	313	193
576	320	192	525	312	193
640	320	192	585	313	192
704	320	192	640	313	192
768	320	192	696	313	191
832	320	192	754	314	190
896	320	192	813	314	190
960	320	192	870	315	189
1023	320	192	927	314	188
0	384	192	48	377	195
64	384	192	72	377	195
128	384	192	125	377	195
192	384	192	179	376	195
256	384	192	238	376	194
320	384	192	295	375	193
384	384	192	355	375	193
448	384	192	413	375	193
512	384	192	469	375	193
576	384	192	525	375	193
640	384	192	585	375	192
704	384	192	641	376	192
768	384	192	696	376	191
832	384	192	754	376	191
896	384	192	813	376	190
960	384	192	870	376	189
1023	384	192	927	376	188
0	448	192	48	438	195
64	448	192	75	438	195
128	448	192	125	438	195
192	448	192	180	438	195
256	448	192	238	437	195
320	448	192	295	436	193
384	448	192	355	436	193
448	448	192	413	436	193
512	448	192	469	436	193
576	448	192	525	436	193
640	448	192	585	436	193
704	448	192	640	436	192
768	448	192	696	436	192
832	448	192	754	437	191
896	448	192	813	437	190
960	448	192	870	437	189
1023	448	192	927	436	189
0	512	192	53	498	195
64	512	192	75	498	195
128	512	192	125	498	195
192	512	192	180	497	195
256	512	192	238	497	194
320	512	192	295	496	194
384	512	192	355	496	193
448	512	192	413	496	193
512	512	192	469	495	193
576	512	192	525	495	193
640	512	192	584	496	193
704	512	192	640	496	192
768	512	192	696	496	192
832	512	192	754	496	191
896	512	192	813	495	191
960	512	192	870	495	190
1023	512	192	927	496	189
0	576	192	53	559	196
64	576	192	77	559	196
128	576	192	126	559	194
192	576	192	181	558	194
256	576	192	238	557	194
320	576	192	296	557	194
384	576	192	355	557	194
448	576	192	413	557	194
512	576	192	469	557	193
576	576	192	525	557	193
640	576	192	585	557	193
704	576	192	641	557	193
768	576	192	696	557	192
832	576	192	754	557	192
896	576	192	813	557	191
960	576	192	870	556	190
1023	576	192	927	556	189
0	640	192	60	622	196
64	640	192	80	622	196
128	640	192	128	622	195
192	640	192	182	621	195
256	640	192	238	621	195
320	640	192	296	620	194
384	640	192	355	620	194
448	640	192	413	620	194
512	640	192	469	620	194
576	640	192	525	620	193
640	640	192	584	620	193
704	640	192	640	620	193
768	640	192	696	620	193
832	640	192	754	620	192
896	640	192	813	620	191
960	640	192	870	620	190
1023	640	192	927	620	190
0	704	192	60	679	196
64	704	192	80	679	196
128	704	192	129	679	196
192	704	192	182	679	195
256	704	192	239	678	195
320	704	192	296	678	195
384	704	192	355	678	195
448	704	192	414	678	194
512	704	192	469	678	194
576	704	192	525	678	194
640	704	192	584	677	193
704	704	192	640	677	193
768	704	192	695	677	193
832	704	192	754	678	192
896	704	192	813	677	192
960	704	192	870	677	191
1023	704	192	927	677	191
0	768	192	63	740	197
64	768	192	82	740	197
128	768	192	129	740	197
192	768	192	183	740	197
256	768	192	240	739	196
320	768	192	296	739	195
384	768	192	355	739	195
448	768	192	413	739	195
512	768	192	468	738	194
576	768	192	525	738	194
640	768	192	584	738	194
704	768	192	640	738	193
768	768	192	695	738	193
832	768	192	753	738	193
896	768	192	813	738	192
960	768	192	870	738	191
1023	768	192	927	738	192
0	832	192	69	804	196
64	832	192	89	804	196
128	832	192	133	804	196
192	832	192	185	803	196
256	832	192	240	803	196
320	832	192	297	803	195
384	832	192	355	802	195
448	832	192	414	802	194
512	832	192	469	802	194
576	832	192	525	802	194
640	832	192	585	803	194
704	832	192	640	802	194
768	832	192	696	802	193
832	832	192	754	803	193
896	832	192	813	803	193
960	832	192	870	802	192
1023	832	192	927	802	192
0	896	192	69	864	198
64	896	192	87	864	198
128	896	192	132	864	198
192	896	192	184	864	197
256	896	192	240	864	197
320	896	192	296	863	195
384	896	192	355	863	195
448	896	192	413	863	195
512	896	192	468	863	195
576	896	192	524	863	194
640	896	192	584	863	194
704	896	192	640	863	194
768	896	192	695	863	194
832	896	192	753	863	193
896	896	192	813	863	193
960	896	192	870	863	193
1023	896	192	926	863	193
0	960	192	75	925	198
64	960	192	91	925	198
128	960	192	134	925	197
192	960	192	186	925	197
256	960	192	241	925	197
320	960	192	297	924	196
384	960	192	355	924	196
448	960	192	413	924	196
512	960	192	468	924	195
576	960	192	524	924	196
640	960	192	584	924	195
704	960	192	640	924	195
768	960	192	695	924	194
832	960	192	753	924	194
896	960	192	813	925	194
960	960	192	870	925	193
1023	960	192	927	925	193
0	1023	192	77	985	198
64	1023	192	93	985	198
128	1023	192	134	985	198
192	1023	192	186	985	198
256	1023	192	240	985	198
320	1023	192	296	985	197
384	1023	192	355	985	196
448	1023	192	412	985	196
512	1023	192	467	985	196
576	1023	192	524	985	195
640	1023	192	583	985	195
704	1023	192	639	985	195
768	1023	192	694	985	195
832	1023	192	752	985	194
896	1023	192	812	985	194
960	1023	192	869	985	194
1023	1023	192	926	985	193
0	0	256	53	0	261
64	0	256	80	0	261
128	0	256	128	0	261
192	0	256	182	0	261
256	0	256	239	0	261
320	0	256	297	23	260
384	0	256	357	23	259
448	0	256	415	32	259
512	0	256	471	32	259
576	0	256	527	38	258
640	0	256	587	44	259
704	0	256	642	48	258
768	0	256	697	53	258
832	0	256	755	57	258
896	0	256	814	60	256
960	0	256	871	63	256
1023	0	256	928	69	256
0	64	256	53	60	261
64	64	256	80	60	261
128	64	256	128	60	260
192	64	256	182	63	260
256	64	256	239	63	260
320	64	256	297	63	260
384	64	256	357	63	259
448	64	256	415	66	259
512	64	256	471	69	259
576	64	256	527	69	258
640	64	256	587	72	259
704	64	256	642	75	258
768	64	256	697	77	258
832	64	256	755	80	258
896	64	256	814	82	256
960	64	256	871	87	256
1023	64	256	928	89	256
0	128	256	53	125	261
64	128	256	80	125	261
128	128	256	128	126	261
192	128	256	181	126	261
256	128	256	239	125	260
320	128	256	297	125	260
384	128	256	356	126	259
448	128	256	415	126	259
512	128	256	471	128	259
576	128	256	527	128	258
640	128	256	586	129	259
704	128	256	642	130	258
768	128	256	697	132	258
832	128	256	755	133	258
896	128	256	814	134	256
960	128	256	871	137	256
1023	128	256	927	137	256
0	192	256	53	188	261
64	192	256	77	188	261
128	192	256	126	188	261
192	192	256	182	188	261
256	192	256	239	187	261
320	192	256	296	188	260
384	192	256	356	188	260
448	192	256	415	188	259
512	192	256	470	188	259
576	192	256	526	188	258
640	192	256	586	189	258
704	192	256	642	190	258
768	192	256	697	191	258
832	192	256	755	192	258
896	192	256	814	193	257
960	192	256	871	193	256
1023	192	256	927	194	256
0	256	256	53	250	261
64	256	256	77	250	261
128	256	256	126	250	261
192	256	256	182	250	261
256	256	256	238	250	261
320	256	256	296	249	260
384	256	256	355	249	260
448	256	256	414	250	259
512	256	256	469	249	259
576	256	256	526	250	259
640	256	256	585	250	258
704	256	256	641	251	259
768	256	256	696	252	258
832	256	256	754	252	258
896	256	256	814	252	257
960	256	256	871	252	256
1023	256	256	927	253	256
0	320	256	57	313	259
64	320	256	77	313	259
128	320	256	126	313	259
192	320	256	181	313	259
256	320	256	238	312	259
320	320	256	296	311	259
384	320	256	355	312	259
448	320	256	414	311	258
512	320	256	469	312	258
576	320	256	525	312	258
640	320	256	585	312	257
704	320	256	640	312	257
768	320	256	696	312	256
832	320	256	754	313	256
896	320	256	813	313	256
960	320	256	870	314	255
1023	320	256	927	314	255
0	384	256	60	376	260
64	384	256	80	376	260
128	384	256	129	376	260
192	384	256	182	375	260
256	384	256	239	375	259
320	384	256	296	374	259
384	384	256	355	374	259
448	384	256	413	374	258
512	384	256	469	374	258
576	384	256	525	374	258
640	384	256	585	375	257
704	384	256	640	375	257
768	384	256	696	375	256
832	384	256	754	375	256
896	384	256	813	375	256
960	384	256	870	375	255
1023	384	256	927	375	255
0	448	256	60	438	259
64	448	256	82	438	259
128	448	256	129	437	259
192	448	256	182	437	259
256	448	256	239	436	259
320	448	256	296	435	258
384	448	256	355	435	258
448	448	256	414	435	258
512	448	256	469	435	258
576	448	256	525	435	258
640	448	256	585	435	258
704	448	256	640	435	257
768	448	256	695	435	257
832	448	256	754	435	256
896	448	256	813	436	256
960	448	256	870	435	255
1023	448	256	927	435	255
0	512	256	63	497	259
64	512	256	82	497	259
128	512	256	129	497	259
192	512	256	183	496	259
256	512	256	239	495	259
320	512	256	296	495	259
384	512	256	355	495	258
448	512	256	414	495	258
512	512	256	469	494	258
576	512	256	525	495	257
640	512	256	585	495	258
704	512	256	640	495	257
768	512	256	695	495	257
832	512	256	753	495	256
896	512	256	813	494	256
960	512	256	870	494	255
1023	512	256	927	495	255
0	576	256	66	558	259
64	576	256	85	558	259
128	576	256	130	557	259
192	576	256	183	557	259
256	576	256	240	556	259
320	576	256	296	556	258
384	576	256	355	556	258
448	576	256	414	556	258
512	576	256	469	555	258
576	576	256	525	556	258
640	576	256	584	556	257
704	576	256	640	556	257
768	576	256	695	556	257
832	576	256	753	555	256
896	576	256	813	556	256
960	576	256	870	555	255
1023	576	256	927	555	255
0	640	256	66	621	259
64	640	256	87	621	259
128	640	256	132	621	259
192	640	256	185	620	259
256	640	256	240	620	259
320	640	256	296	619	258
384	640	256	355	619	258
448	640	256	414	619	258
512	640	256	469	619	258
576	640	256	525	619	258
640	640	256	584	619	258
704	640	256	640	619	257
768	640	256	695	619	257
832	640	256	753	619	256
896	640	256	813	619	256
960	640	256	870	619	255
1023	640	256	927	619	255
0	704	256	69	678	260
64	704	256	87	678	260
128	704	256	133	678	260
192	704	256	185	678	259
256	704	256	240	678	259
320	704	256	297	677	259
384	704	256	355	677	259
448	704	256	413	677	258
512	704	256	469	677	258
576	704	256	525	677	258
640	704	256	584	677	258
704	704	256	640	677	258
768	704	256	695	677	257
832	704	256	753	677	256
896	704	256	813	676	256
960	704	256	870	676	256
1023	704	256	927	676	255
0	768	256	75	739	261
64	768	256	91	739	261
128	768	256	133	739	261
192	768	256	186	739	261
256	768	256	240	739	261
320	768	256	297	738	259
384	768	256	355	738	259
448	768	256	414	738	259
512	768	256	468	738	258
576	768	256	525	738	258
640	768	256	584	738	258
704	768	256	640	738	258
768	768	256	695	738	258
832	768	256	753	738	257
896	768	256	813	738	256
960	768	256	870	738	256
1023	768	256	927	737	256
0	832	256	77	803	260
64	832	256	95	803	260
128	832	256	136	803	260
192	832	256	188	803	260
256	832	256	242	802	259
320	832	256	297	802	259
384	832	256	356	802	259
448	832	256	414	802	259
512	832	256	469	802	259
576	832	256	525	802	259
640	832	256	585	802	258
704	832	256	640	802	258
768	832	256	695	802	258
832	832	256	753	802	257
896	832	256	813	802	257
960	832	256	870	802	256
1023	832	256	927	802	256
0	896	256	77	864	261
64	896	256	93	864	261
128	896	256	136	864	261
192	896	256	187	863	261
256	896	256	241	863	261
320	896	256	297	863	259
384	896	256	355	863	259
448	896	256	413	863	259
512	896	256	468	862	259
576	896	256	524	863	259
640	896	256	584	863	259
704	896	256	639	863	258
768	896	256	695	863	258
832	896	256	753	863	258
896	896	256	813	863	257
960	896	256	870	863	256
1023	896	256	926	863	256
0	960	256	82	925	261
64	960	256	97	925	261
128	960	256	137	925	261
192	960	256	188	924	261
256	960	256	242	924	261
320	960	256	298	924	259
384	960	256	356	924	259
448	960	256	413	924	259
512	960	256	468	924	259
576	960	256	524	924	259
640	960	256	584	924	259
704	960	256	639	924	259
768	960	256	695	924	258
832	960	256	753	924	258
896	960	256	813	924	258
960	960	256	870	924	257
1023	960	256	927	924	256
0	1023	256	85	985	261
64	1023	256	99	985	261
128	1023	256	138	985	261
192	1023	256	188	985	261
256	1023	256	241	985	261
320	1023	256	297	984	260
384	1023	256	355	984	260
448	1023	256	413	984	259
512	1023	256	467	984	259
576	1023	256	523	984	259
640	1023	256	583	984	258
704	1023	256	638	984	259
768	1023	256	694	985	258
832	1023	256	752	985	258
896	1023	256	812	985	258
960	1023	256	869	985	257
1023	1023	256	926	985	256
0	0	320	66	0	327
64	0	320	87	0	327
128	0	320	133	0	327
192	0	320	185	0	327
256	0	320	242	0	327
320	0	320	299	23	324
384	0	320	358	23	324
448	0	320	416	32	324
512	0	320	471	32	324
576	0	320	527	38	323
640	0	320	587	44	323
704	0	320	643	44	322
768	0	320	697	48	322
832	0	320	755	57	322
896	0	320	815	60	322
960	0	320	871	63	322
1023	0	320	928	66	321
0	64	320	66	60	326
64	64	320	87	60	326
128	64	320	133	60	325
192	64	320	185	60	325
256	64	320	242	63	325
320	64	320	299	63	324
384	64	320	358	63	324
448	64	320	416	66	324
512	64	320	471	69	324
576	64	320	527	69	323
640	64	320	587	72	323
704	64	320	642	75	322
768	64	320	697	77	322
832	64	320	755	80	322
896	64	320	815	82	322
960	64	320	871	85	322
1023	64	320	928	89	321
0	128	320	66	125	326
64	128	320	87	125	326
128	128	320	133	123	326
192	128	320	185	125	325
256	128	320	242	125	325
320	128	320	298	125	324
384	128	320	357	126	324
448	128	320	416	126	324
512	128	320	471	128	324
576	128	320	527	128	323
640	128	320	587	129	323
704	128	320	642	130	322
768	128	320	697	132	322
832	128	320	755	133	322
896	128	320	814	133	322
960	128	320	871	136	322
1023	128	320	927	137	321
0	192	320	66	188	326
64	192	320	89	188	326
128	192	320	132	188	326
192	192	320	185	187	325
256	192	320	241	187	325
320	192	320	298	187	324
384	192	320	357	187	324
448	192	320	415	188	324
512	192	320	471	188	324
576	192	320	527	188	324
640	192	320	586	189	323
704	192	320	642	190	323
768	192	320	697	190	322
832	192	320	755	191	322
896	192	320	814	192	322
960	192	320	871	193	322
1023	192	320	927	193	321
0	256	320	66	250	326
64	256	320	87	250	326
128	256	320	132	250	326
192	256	320	185	249	326
256	256	320	240	249	325
320	256	320	297	249	324
384	256	320	357	248	324
448	256	320	415	249	324
512	256	320	470	249	324
576	256	320	526	249	324
640	256	320	586	250	323
704	256	320	641	250	323
768	256	320	696	251	322
832	256	320	754	251	322
896	256	320	814	252	322
960	256	320	871	252	322
1023	256	320	927	253	321
0	320	320	69	312	325
64	320	320	89	312	325
128	320	320	132	312	325
192	320	320	185	312	324
256	320	320	240	312	324
320	320	320	297	311	323
384	320	320	356	310	323
448	320	320	414	311	323
512	320	320	469	311	323
576	320	320	525	311	323
640	320	320	585	311	322
704	320	320	640	311	322
768	320	320	696	312	322
832	320	320	754	312	322
896	320	320	813	312	321
960	320	320	870	313	321
1023	320	320	927	313	320
0	384	320	72	375	326
64	384	320	89	375	325
128	384	320	134	375	325
192	384	320	186	375	325
256	384	320	241	375	324
320	384	320	298	374	323
384	384	320	357	373	323
448	384	320	414	373	323
512	384	320	469	373	323
576	384	320	526	374	323
640	384	320	585	374	323
704	384	320	641	374	322
768	384	320	696	374	322
832	384	320	754	374	322
896	384	320	813	374	321
960	384	320	870	374	321
1023	384	320	927	375	320
0	448	320	72	437	325
64	448	320	89	437	325
128	448	320	134	436	325
192	448	320	186	436	325
256	448	320	242	435	324
320	448	320	298	434	324
384	448	320	356	434	323
448	448	320	414	434	323
512	448	320	469	434	323
576	448	320	525	435	322
640	448	320	585	434	322
704	448	320	641	434	322
768	448	320	696	434	322
832	448	320	754	434	322
896	448	320	813	435	321
960	448	320	870	435	321
1023	448	320	927	434	321
0	512	320	72	496	325
64	512	320	93	496	325
128	512	320	134	496	325
192	512	320	187	495	324
256	512	320	241	495	324
320	512	320	297	494	324
384	512	320	356	494	324
448	512	320	414	494	323
512	512	320	469	494	323
576	512	320	525	494	323
640	512	320	585	494	322
704	512	320	640	494	322
768	512	320	696	494	322
832	512	320	754	494	322
896	512	320	813	494	321
960	512	320	870	494	321
1023	512	320	927	494	320
0	576	320	77	557	325
64	576	320	93	557	325
128	576	320	136	557	325
192	576	320	187	556	324
256	576	320	242	556	324
320	576	320	298	555	323
384	576	320	357	555	323
448	576	320	414	555	323
512	576	320	469	555	323
576	576	320	525	555	323
640	576	320	585	555	322
704	576	320	640	555	322
768	576	320	695	555	322
832	576	320	753	555	322
896	576	320	813	555	321
960	576	320	870	554	321
1023	576	320	927	554	320
0	640	320	77	620	325
64	640	320	95	620	325
128	640	320	137	620	325
192	640	320	188	620	325
256	640	320	242	619	324
320	640	320	298	619	324
384	640	320	357	619	323
448	640	320	414	619	323
512	640	320	469	619	323
576	640	320	525	619	323
640	640	320	585	619	322
704	640	320	640	618	322
768	640	320	695	618	322
832	640	320	753	618	322
896	640	320	813	618	321
960	640	320	870	618	321
1023	640	320	927	618	321
0	704	320	80	678	325
64	704	320	97	678	325
128	704	320	138	678	325
192	704	320	188	677	325
256	704	320	242	677	324
320	704	320	298	676	324
384	704	320	357	676	324
448	704	320	414	676	323
512	704	320	469	676	323
576	704	320	525	676	323
640	704	320	584	676	322
704	704	320	640	676	322
768	704	320	695	676	322
832	704	320	753	676	322
896	704	320	813	676	322
960	704	320	870	676	321
1023	704	320	927	676	321
0	768	320	85	739	326
64	768	320	99	739	326
128	768	320	138	738	326
192	768	320	189	738	325
256	768	320	243	738	325
320	768	320	299	737	324
384	768	320	357	737	324
448	768	320	414	737	323
512	768	320	469	737	323
576	768	320	525	737	323
640	768	320	584	737	323
704	768	320	640	737	322
768	768	320	695	737	322
832	768	320	753	737	322
896	768	320	813	737	322
960	768	320	870	737	321
1023	768	320	927	737	321
0	832	320	87	803	325
64	832	320	103	803	325
128	832	320	141	803	325
192	832	320	190	802	325
256	832	320	243	802	324
320	832	320	299	801	324
384	832	320	357	801	324
448	832	320	415	801	323
512	832	320	469	801	323
576	832	320	525	802	323
640	832	320	585	802	323
704	832	320	640	802	323
768	832	320	695	802	322
832	832	320	754	801	322
896	832	320	813	801	322
960	832	320	870	801	321
1023	832	320	927	801	321
0	896	320	87	863	326
64	896	320	101	863	326
128	896	320	141	863	326
192	896	320	189	863	326
256	896	320	243	863	325
320	896	320	299	862	324
384	896	320	357	862	324
448	896	320	414	862	324
512	896	320	468	862	324
576	896	320	525	862	323
640	896	320	584	862	323
704	896	320	640	862	322
768	896	320	695	862	323
832	896	320	753	862	322
896	896	320	813	862	322
960	896	320	870	862	322
1023	896	320	927	862	321
0	960	320	91	925	326
64	960	320	104	924	326
128	960	320	142	924	326
192	960	320	191	924	325
256	960	320	244	924	325
320	960	320	299	924	324
384	960	320	357	924	324
448	960	320	414	924	324
512	960	320	468	924	323
576	960	320	525	924	323
640	960	320	584	924	323
704	960	320	639	924	323
768	960	320	695	924	322
832	960	320	753	924	322
896	960	320	813	924	322
960	960	320	870	924	321
1023	960	320	927	924	321
0	1023	320	93	985	325
64	1023	320	106	985	325
128	1023	320	142	985	325
192	1023	320	191	985	325
256	1023	320	243	984	324
320	1023	320	299	984	323
384	1023	320	356	984	323
448	1023	320	413	984	323
512	1023	320	468	984	323
576	1023	320	524	984	323
640	1023	320	583	984	322
704	1023	320	639	984	322
768	1023	320	694	984	322
832	1023	320	753	984	322
896	1023	320	812	985	322
960	1023	320	870	985	321
1023	1023	320	926	984	320
0	0	384	82	0	393
64	0	384	97	0	393
128	0	384	139	0	393
192	0	384	189	0	392
256	0	384	245	0	392
320	0	384	301	0	392
384	0	384	360	23	391
448	0	384	417	23	391
512	0	384	473	32	391
576	0	384	528	38	391
640	0	384	588	38	390
704	0	384	643	44	390
768	0	384	698	48	390
832	0	384	756	53	390
896	0	384	815	60	389
960	0	384	872	63	389
1023	0	384	928	66	388
0	64	384	82	60	392
64	64	384	97	60	392
128	64	384	139	60	392
192	64	384	189	60	392
256	64	384	245	63	392
320	64	384	301	63	391
384	64	384	360	63	391
448	64	384	417	66	391
512	64	384	473	66	391
576	64	384	528	69	391
640	64	384	588	72	390
704	64	384	643	75	390
768	64	384	698	77	390
832	64	384	756	80	390
896	64	384	815	82	389
960	64	384	872	85	389
1023	64	384	928	89	388
0	128	384	80	125	392
64	128	384	97	123	392
128	128	384	139	123	392
192	128	384	189	123	392
256	128	384	245	125	392
320	128	384	301	125	391
384	128	384	359	125	391
448	128	384	417	126	391
512	128	384	472	128	391
576	128	384	528	128	391
640	128	384	588	129	391
704	128	384	643	130	390
768	128	384	698	132	390
832	128	384	756	132	390
896	128	384	815	133	389
960	128	384	872	136	389
1023	128	384	928	137	388
0	192	384	80	188	393
64	192	384	99	188	393
128	192	384	138	188	393
192	192	384	189	187	393
256	192	384	244	187	393
320	192	384	300	187	392
384	192	384	359	187	392
448	192	384	417	187	391
512	192	384	472	188	391
576	192	384	528	188	391
640	192	384	587	189	391
704	192	384	642	188	390
768	192	384	697	189	390
832	192	384	755	191	390
896	192	384	815	192	389
960	192	384	871	193	389
1023	192	384	928	193	389
0	256	384	80	250	393
64	256	384	99	250	393
128	256	384	138	250	393
192	256	384	189	249	393
256	256	384	243	248	393
320	256	384	300	248	392
384	256	384	358	248	392
448	256	384	416	249	391
512	256	384	471	248	391
576	256	384	527	249	391
640	256	384	586	250	391
704	256	384	642	250	390
768	256	384	697	250	390
832	256	384	755	251	390
896	256	384	814	252	389
960	256	384	871	252	389
1023	256	384	927	252	389
0	320	384	82	312	390
64	320	384	99	312	390
128	320	384	138	312	390
192	320	384	189	311	390
256	320	384	243	311	390
320	320	384	300	310	390
384	320	384	358	310	389
448	320	384	415	310	389
512	320	384	470	310	389
576	320	384	526	311	389
640	320	384	586	311	389
704	320	384	641	311	388
768	320	384	697	312	388
832	320	384	754	312	388
896	320	384	814	312	387
960	320	384	871	312	387
1023	320	384	927	313	386
0	384	384	85	375	391
64	384	384	99	375	391
128	384	384	141	375	391
192	384	384	190	375	391
256	384	384	244	374	391
320	384	384	300	373	390
384	384	384	358	373	390
448	384	384	416	373	389
512	384	384	470	373	389
576	384	384	526	373	389
640	384	384	586	373	389
704	384	384	641	374	389
768	384	384	696	374	388
832	384	384	754	374	388
896	384	384	814	374	388
960	384	384	871	374	387
1023	384	384	927	374	386
0	448	384	85	436	391
64	448	384	101	436	391
128	448	384	141	436	390
192	448	384	190	436	390
256	448	384	245	435	390
320	448	384	300	434	389
384	448	384	358	434	389
448	448	384	416	434	389
512	448	384	470	434	389
576	448	384	526	434	389
640	448	384	586	434	388
704	448	384	641	434	388
768	448	384	696	434	388
832	448	384	754	434	388
896	448	384	814	434	387
960	448	384	871	434	386
1023	448	384	927	434	386
0	512	384	87	496	390
64	512	384	103	496	390
128	512	384	141	495	390
192	512	384	191	495	390
256	512	384	244	494	390
320	512	384	300	494	389
384	512	384	358	494	389
448	512	384	416	493	389
512	512	384	470	493	389
576	512	384	526	494	389
640	512	384	586	494	389
704	512	384	641	493	388
768	512	384	696	493	388
832	512	384	754	493	387
896	512	384	814	493	387
960	512	384	871	494	386
1023	512	384	927	493	386
0	576	384	89	557	390
64	576	384	103	557	390
128	576	384	143	557	390
192	576	384	191	556	390
256	576	384	245	555	390
320	576	384	301	555	390
384	576	384	359	555	389
448	576	384	416	555	389
512	576	384	470	555	389
576	576	384	526	555	389
640	576	384	586	554	388
704	576	384	641	554	388
768	576	384	696	555	388
832	576	384	754	554	387
896	576	384	813	554	387
960	576	384	871	554	387
1023	576	384	927	554	386
0	640	384	91	620	390
64	640	384	106	620	390
128	640	384	143	620	390
192	640	384	193	620	390
256	640	384	245	619	390
320	640	384	300	618	389
384	640	384	359	618	389
448	640	384	416	618	389
512	640	384	470	618	389
576	640	384	526	618	389
640	640	384	586	618	388
704	640	384	641	618	388
768	640	384	696	618	388
832	640	384	754	618	388
896	640	384	813	618	387
960	640	384	871	618	387
1023	640	384	927	618	386
0	704	384	93	677	390
64	704	384	106	677	390
128	704	384	144	677	390
192	704	384	193	677	390
256	704	384	245	676	390
320	704	384	301	676	389
384	704	384	359	676	389
448	704	384	416	676	389
512	704	384	470	676	389
576	704	384	526	676	389
640	704	384	585	676	388
704	704	384	641	676	388
768	704	384	696	676	388
832	704	384	754	676	388
896	704	384	813	676	387
960	704	384	871	676	386
1023	704	384	927	675	386
0	768	384	93	738	391
64	768	384	108	738	391
128	768	384	144	738	391
192	768	384	193	738	391
256	768	384	245	737	391
320	768	384	301	737	389
384	768	384	359	737	389
448	768	384	416	737	389
512	768	384	470	737	389
576	768	384	526	737	389
640	768	384	586	737	388
704	768	384	641	737	388
768	768	384	696	737	388
832	768	384	754	737	388
896	768	384	813	737	387
960	768	384	871	737	387
1023	768	384	927	737	386
0	832	384	97	802	390
64	832	384	109	802	390
128	832	384	148	802	390
192	832	384	194	802	390
256	832	384	247	802	390
320	832	384	302	801	389
384	832	384	359	801	389
448	832	384	416	801	389
512	832	384	470	801	389
576	832	384	526	801	389
640	832	384	586	801	389
704	832	384	641	801	388
768	832	384	696	801	388
832	832	384	754	801	388
896	832	384	814	801	387
960	832	384	871	801	386
1023	832	384	927	801	386
0	896	384	97	863	392
64	896	384	109	863	392
128	896	384	147	863	391
192	896	384	193	863	391
256	896	384	247	862	391
320	896	384	301	862	389
384	896	384	359	862	389
448	896	384	415	862	389
512	896	384	469	862	389
576	896	384	526	862	389
640	896	384	585	862	388
704	896	384	640	862	388
768	896	384	696	862	388
832	896	384	754	862	388
896	896	384	813	862	387
960	896	384	870	862	387
1023	896	384	927	862	386
0	960	384	101	924	390
64	960	384	113	924	390
128	960	384	148	924	390
192	960	384	195	924	390
256	960	384	247	924	390
320	960	384	302	924	389
384	960	384	359	924	389
448	960	384	415	924	389
512	960	384	470	924	389
576	960	384	526	924	388
640	960	384	585	924	388
704	960	384	640	924	388
768	960	384	696	924	388
832	960	384	754	924	388
896	960	384	813	924	387
960	960	384	871	924	387
1023	960	384	927	924	386
0	1023	384	101	985	390
64	1023	384	113	985	390
128	1023	384	148	984	390
192	1023	384	195	984	390
256	1023	384	246	984	390
320	1023	384	301	984	389
384	1023	384	358	984	389
448	1023	384	415	984	388
512	1023	384	469	984	388
576	1023	384	525	984	388
640	1023	384	584	984	388
704	1023	384	639	984	388
768	1023	384	695	984	387
832	1023	384	753	984	387
896	1023	384	813	984	386
960	1023	384	870	984	386
1023	1023	384	927	984	386
0	0	448	95	0	455
64	0	448	108	0	455
128	0	448	147	0	455
192	0	448	195	0	455
256	0	448	248	0	455
320	0	448	304	0	454
384	0	448	363	23	453
448	0	448	420	23	453
512	0	448	474	32	453
576	0	448	530	38	453
640	0	448	590	38	453
704	0	448	644	44	452
768	0	448	699	48	452
832	0	448	757	53	452
896	0	448	816	60	451
960	0	448	873	63	451
1023	0	448	928	66	451
0	64	448	95	60	454
64	64	448	108	60	454
128	64	448	147	60	454
192	64	448	195	60	454
256	64	448	248	60	454
320	64	448	304	63	453
384	64	448	362	63	453
448	64	448	420	66	453
512	64	448	474	66	453
576	64	448	530	69	453
640	64	448	589	72	453
704	64	448	644	75	452
768	64	448	699	77	452
832	64	448	757	80	452
896	64	448	816	82	451
960	64	448	872	85	451
1023	64	448	928	89	451
0	128	448	95	123	454
64	128	448	109	123	454
128	128	448	147	123	454
192	128	448	194	123	454
256	128	448	248	125	454
320	128	448	304	125	454
384	128	448	362	125	453
448	128	448	419	126	453
512	128	448	474	126	453
576	128	448	530	128	453
640	128	448	589	129	453
704	128	448	644	130	452
768	128	448	699	132	452
832	128	448	757	132	452
896	128	448	816	133	451
960	128	448	872	134	451
1023	128	448	928	137	451
0	192	448	95	188	455
64	192	448	109	188	454
128	192	448	147	187	454
192	192	448	195	187	454
256	192	448	248	187	454
320	192	448	304	186	454
384	192	448	361	187	453
448	192	448	419	187	453
512	192	448	473	188	453
576	192	448	529	188	453
640	192	448	589	188	453
704	192	448	643	188	452
768	192	448	698	189	452
832	192	448	756	190	452
896	192	448	815	192	451
960	192	448	872	193	451
1023	192	448	928	193	451
0	256	448	95	250	455
64	256	448	109	250	455
128	256	448	145	249	455
192	256	448	195	249	455
256	256	448	247	248	454
320	256	448	303	248	454
384	256	448	361	248	453
448	256	448	418	248	453
512	256	448	473	248	453
576	256	448	528	249	453
640	256	448	588	250	453
704	256	448	643	249	452
768	256	448	698	250	452
832	256	448	756	250	452
896	256	448	815	252	451
960	256	448	872	252	451
1023	256	448	928	252	451
0	320	448	97	312	453
64	320	448	109	312	453
128	320	448	145	312	453
192	320	448	194	311	453
256	320	448	247	311	453
320	320	448	303	310	452
384	320	448	360	310	452
448	320	448	417	310	451
512	320	448	472	310	451
576	320	448	528	310	451
640	320	448	587	311	451
704	320	448	642	311	451
768	320	448	697	311	451
832	320	448	755	312	450
896	320	448	814	312	450
960	320	448	871	312	449
1023	320	448	928	312	449
0	384	448	97	375	454
64	384	448	111	375	454
128	384	448	148	375	453
192	384	448	195	374	453
256	384	448	248	374	453
320	384	448	303	373	452
384	384	448	361	373	452
448	384	448	417	373	452
512	384	448	472	373	451
576	384	448	528	373	451
640	384	448	587	373	451
704	384	448	642	373	451
768	384	448	697	374	451
832	384	448	755	374	451
896	384	448	815	374	450
960	384	448	871	374	449
1023	384	448	928	374	449
0	448	448	99	436	453
64	448	448	113	436	453
128	448	448	148	435	453
192	448	448	195	435	453
256	448	448	248	435	452
320	448	448	303	434	451
384	448	448	361	434	451
448	448	448	418	434	451
512	448	448	472	434	451
576	448	448	528	434	451
640	448	448	587	434	451
704	448	448	642	434	451
768	448	448	697	434	450
832	448	448	755	434	450
896	448	448	814	434	450
960	448	448	872	434	449
1023	448	448	928	434	448
0	512	448	101	495	453
64	512	448	113	495	453
128	512	448	148	495	453
192	512	448	196	495	452
256	512	448	248	494	452
320	512	448	304	493	451
384	512	448	361	493	451
448	512	448	417	493	451
512	512	448	472	493	451
576	512	448	528	493	451
640	512	448	587	493	451
704	512	448	642	493	450
768	512	448	697	493	450
832	512	448	755	493	450
896	512	448	814	493	449
960	512	448	871	493	449
1023	512	448	928	493	449
0	576	448	101	556	452
64	576	448	114	556	452
128	576	448	150	556	452
192	576	448	197	556	452
256	576	448	249	555	452
320	576	448	304	554	451
384	576	448	361	554	451
448	576	448	418	554	451
512	576	448	472	554	451
576	576	448	528	554	451
640	576	448	587	554	451
704	576	448	642	554	451
768	576	448	697	554	450
832	576	448	755	554	450
896	576	448	814	554	449
960	576	448	871	554	449
1023	576	448	928	554	448
0	640	448	103	620	453
64	640	448	116	620	453
128	640	448	150	620	452
192	640	448	198	619	452
256	640	448	249	619	452
320	640	448	304	618	451
384	640	448	361	618	451
448	640	448	418	618	451
512	640	448	472	618	451
576	640	448	527	618	451
640	640	448	587	618	451
704	640	448	642	618	450
768	640	448	697	618	450
832	640	448	755	618	450
896	640	448	814	618	449
960	640	448	871	618	449
1023	640	448	928	617	448
0	704	448	104	677	453
64	704	448	116	677	453
128	704	448	151	677	453
192	704	448	198	677	453
256	704	448	249	676	452
320	704	448	304	676	451
384	704	448	361	676	451
448	704	448	417	676	451
512	704	448	471	675	451
576	704	448	527	675	451
640	704	448	587	676	451
704	704	448	642	676	450
768	704	448	697	675	450
832	704	448	755	676	450
896	704	448	814	675	450
960	704	448	871	675	449
1023	704	448	928	675	448
0	768	448	106	739	453
64	768	448	117	738	453
128	768	448	152	738	453
192	768	448	198	738	453
256	768	448	250	737	453
320	768	448	304	737	451
384	768	448	361	737	451
448	768	448	418	737	451
512	768	448	471	737	451
576	768	448	528	737	451
640	768	448	587	737	451
704	768	448	642	737	451
768	768	448	697	737	450
832	768	448	755	737	450
896	768	448	814	737	449
960	768	448	871	737	449
1023	768	448	928	737	448
0	832	448	108	802	452
64	832	448	122	802	452
128	832	448	155	802	452
192	832	448	199	802	452
256	832	448	250	802	452
320	832	448	305	801	451
384	832	448	362	801	451
448	832	448	418	801	451
512	832	448	472	801	451
576	832	448	528	801	450
640	832	448	587	801	450
704	832	448	642	801	450
768	832	448	697	801	450
832	832	448	755	801	450
896	832	448	814	801	449
960	832	448	872	801	449
1023	832	448	928	801	449
0	896	448	108	863	453
64	896	448	119	863	453
128	896	448	153	863	453
192	896	448	198	863	453
256	896	448	250	862	453
320	896	448	304	862	451
384	896	448	361	862	451
448	896	448	417	862	451
512	896	448	471	862	451
576	896	448	527	862	451
640	896	448	586	862	451
704	896	448	641	862	450
768	896	448	697	862	450
832	896	448	755	862	450
896	896	448	814	862	449
960	896	448	871	862	449
1023	896	448	928	862	448
0	960	448	111	924	453
64	960	448	122	924	453
128	960	448	155	924	453
192	960	448	200	924	452
256	960	448	251	924	452
320	960	448	305	924	451
384	960	448	362	924	451
448	960	448	418	924	451
512	960	448	471	924	451
576	960	448	527	924	451
640	960	448	587	924	450
704	960	448	641	924	450
768	960	448	697	924	450
832	960	448	755	924	449
896	960	448	814	924	449
960	960	448	871	924	449
1023	960	448	928	924	448
0	1023	448	113	984	452
64	1023	448	123	984	452
128	1023	448	155	984	452
192	1023	448	200	984	451
256	1023	448	250	984	451
320	1023	448	304	984	451
384	1023	448	360	984	450
448	1023	448	417	984	450
512	1023	448	470	984	450
576	1023	448	526	984	449
640	1023	448	586	984	449
704	1023	448	640	984	449
768	1023	448	696	984	449
832	1023	448	754	984	449
896	1023	448	814	984	448
960	1023	448	871	984	448
1023	1023	448	928	984	447
0	0	512	108	0	518
64	0	512	120	0	517
128	0	512	155	0	517
192	0	512	202	0	517
256	0	512	253	0	517
320	0	512	308	0	517
384	0	512	365	23	515
448	0	512	422	23	515
512	0	512	476	32	515
576	0	512	532	32	514
640	0	512	591	38	514
704	0	512	645	44	514
768	0	512	700	48	514
832	0	512	758	53	514
896	0	512	817	57	513
960	0	512	873	63	512
1023	0	512	929	66	512
0	64	512	108	60	516
64	64	512	120	60	516
128	64	512	155	60	516
192	64	512	202	60	516
256	64	512	253	60	516
320	64	512	308	63	515
384	64	512	365	63	515
448	64	512	422	63	515
512	64	512	476	66	515
576	64	512	531	69	514
640	64	512	591	72	514
704	64	512	645	72	514
768	64	512	700	75	514
832	64	512	758	80	514
896	64	512	816	82	513
960	64	512	873	85	512
1023	64	512	929	87	512
0	128	512	108	123	516
64	128	512	120	123	516
128	128	512	155	123	516
192	128	512	202	123	516
256	128	512	253	123	516
320	128	512	308	125	515
384	128	512	365	125	515
448	128	512	422	126	515
512	128	512	476	126	515
576	128	512	531	128	514
640	128	512	591	129	514
704	128	512	645	130	514
768	128	512	700	130	514
832	128	512	758	132	514
896	128	512	816	133	513
960	128	512	873	134	512
1023	128	512	929	137	512
0	192	512	109	186	516
64	192	512	120	186	516
128	192	512	155	187	516
192	192	512	201	187	516
256	192	512	252	186	516
320	192	512	308	186	515
384	192	512	365	187	515
448	192	512	421	187	515
512	192	512	475	188	515
576	192	512	531	187	514
640	192	512	590	188	514
704	192	512	644	188	514
768	192	512	700	189	514
832	192	512	757	190	514
896	192	512	816	191	513
960	192	512	873	192	512
1023	192	512	929	193	512
0	256	512	109	249	517
64	256	512	120	249	517
128	256	512	155	249	517
192	256	512	201	249	516
256	256	512	253	248	516
320	256	512	307	248	515
384	256	512	364	248	515
448	256	512	420	248	515
512	256	512	474	248	515
576	256	512	530	249	514
640	256	512	589	248	514
704	256	512	644	249	514
768	256	512	699	250	514
832	256	512	757	250	514
896	256	512	816	251	513
960	256	512	872	252	512
1023	256	512	929	252	512
0	320	512	109	312	515
64	320	512	120	312	515
128	320	512	155	311	515
192	320	512	200	311	515
256	320	512	252	310	514
320	320	512	307	310	514
384	320	512	363	310	514
448	320	512	420	310	513
512	320	512	473	310	513
576	320	512	529	310	513
640	320	512	589	311	513
704	320	512	643	311	513
768	320	512	698	311	512
832	320	512	756	312	512
896	320	512	815	312	512
960	320	512	872	312	511
1023	320	512	928	312	511
0	384	512	111	375	516
64	384	512	122	375	516
128	384	512	156	375	515
192	384	512	201	374	515
256	384	512	253	373	515
320	384	512	307	373	514
384	384	512	364	373	514
448	384	512	420	373	514
512	384	512	474	373	513
576	384	512	529	373	513
640	384	512	589	373	513
704	384	512	643	373	513
768	384	512	698	373	512
832	384	512	756	373	512
896	384	512	815	374	512
960	384	512	872	374	511
1023	384	512	929	374	511
0	448	512	111	436	515
64	448	512	123	436	515
128	448	512	157	435	515
192	448	512	202	435	515
256	448	512	253	434	514
320	448	512	307	434	513
384	448	512	364	433	513
448	448	512	420	433	513
512	448	512	474	434	513
576	448	512	529	434	513
640	448	512	589	434	513
704	448	512	643	434	512
768	448	512	699	434	512
832	448	512	756	434	512
896	448	512	815	434	511
960	448	512	872	434	511
1023	448	512	929	434	511
0	512	512	113	495	515
64	512	512	123	495	515
128	512	512	157	495	514
192	512	512	202	494	514
256	512	512	253	494	514
320	512	512	307	493	513
384	512	512	364	493	513
448	512	512	420	493	513
512	512	512	473	493	513
576	512	512	529	493	512
640	512	512	589	493	512
704	512	512	643	493	512
768	512	512	698	493	512
832	512	512	756	493	511
896	512	512	815	493	511
960	512	512	872	493	511
1023	512	512	929	492	510
0	576	512	114	556	514
64	576	512	126	556	514
128	576	512	158	556	514
192	576	512	202	555	514
256	576	512	253	555	514
320	576	512	307	554	513
384	576	512	364	554	513
448	576	512	420	554	513
512	576	512	474	554	513
576	576	512	529	554	513
640	576	512	589	554	512
704	576	512	643	554	512
768	576	512	698	554	512
832	576	512	756	554	511
896	576	512	815	554	511
960	576	512	872	554	511
1023	576	512	929	554	510
0	640	512	116	620	515
64	640	512	126	620	515
128	640	512	158	619	514
192	640	512	203	619	514
256	640	512	254	619	514
320	640	512	308	618	513
384	640	512	364	618	513
448	640	512	420	618	513
512	640	512	474	618	513
576	640	512	529	618	512
640	640	512	589	618	512
704	640	512	643	618	512
768	640	512	698	618	512
832	640	512	756	618	512
896	640	512	815	618	511
960	640	512	872	618	511
1023	640	512	929	617	510
0	704	512	116	677	515
64	704	512	128	677	515
128	704	512	159	677	515
192	704	512	203	677	514
256	704	512	253	676	514
320	704	512	307	675	513
384	704	512	364	675	513
448	704	512	420	675	513
512	704	512	474	675	513
576	704	512	529	675	512
640	704	512	589	675	512
704	704	512	643	675	512
768	704	512	698	675	512
832	704	512	756	675	512
896	704	512	815	675	511
960	704	512	872	675	511
1023	704	512	929	675	510
0	768	512	117	738	515
64	768	512	128	738	515
128	768	512	160	738	515
192	768	512	204	738	515
256	768	512	255	737	514
320	768	512	308	737	513
384	768	512	365	737	513
448	768	512	420	737	513
512	768	512	474	737	513
576	768	512	529	737	513
640	768	512	589	737	512
704	768	512	643	737	512
768	768	512	698	737	512
832	768	512	756	737	512
896	768	512	815	737	511
960	768	512	872	737	511
1023	768	512	929	736	510
0	832	512	120	802	514
64	832	512	132	802	514
128	832	512	162	802	514
192	832	512	206	802	514
256	832	512	255	801	514
320	832	512	308	801	513
384	832	512	365	801	513
448	832	512	420	801	512
512	832	512	474	801	512
576	832	512	529	801	512
640	832	512	589	801	512
704	832	512	643	801	512
768	832	512	699	801	512
832	832	512	756	801	511
896	832	512	816	801	511
960	832	512	872	801	511
1023	832	512	929	801	510
0	896	512	119	863	515
64	896	512	130	863	515
128	896	512	161	863	515
192	896	512	205	862	515
256	896	512	255	862	514
320	896	512	308	862	513
384	896	512	364	862	513
448	896	512	420	862	512
512	896	512	473	862	512
576	896	512	529	862	512
640	896	512	588	862	512
704	896	512	643	862	512
768	896	512	698	862	512
832	896	512	756	862	511
896	896	512	815	862	511
960	896	512	872	862	510
1023	896	512	929	862	510
0	960	512	122	924	514
64	960	512	132	924	514
128	960	512	163	924	514
192	960	512	206	924	514
256	960	512	255	924	514
320	960	512	308	923	513
384	960	512	365	923	513
448	960	512	420	923	512
512	960	512	473	923	512
576	960	512	529	923	512
640	960	512	588	923	512
704	960	512	642	923	512
768	960	512	698	924	511
832	960	512	756	924	511
896	960	512	815	924	511
960	960	512	872	924	510
1023	960	512	929	924	510
0	1023	512	122	984	514
64	1023	512	132	984	514
128	1023	512	163	984	513
192	1023	512	206	984	513
256	1023	512	255	984	513
320	1023	512	308	984	512
384	1023	512	364	984	512
448	1023	512	419	984	511
512	1023	512	472	984	511
576	1023	512	528	984	511
640	1023	512	587	984	511
704	1023	512	642	984	511
768	1023	512	697	984	511
832	1023	512	755	984	510
896	1023	512	815	984	510
960	1023	512	872	984	510
1023	1023	512	928	984	509
0	0	576	122	0	583
64	0	576	133	0	583
128	0	576	163	0	583
192	0	576	208	0	583
256	0	576	259	0	582
320	0	576	312	0	582
384	0	576	369	0	582
448	0	576	425	23	581
512	0	576	478	32	580
576	0	576	534	32	580
640	0	576	593	38	580
704	0	576	646	44	580
768	0	576	702	48	580
832	0	576	759	53	579
896	0	576	818	57	579
960	0	576	874	60	578
1023	0	576	930	66	578
0	64	576	122	60	582
64	64	576	133	60	582
128	64	576	163	60	582
192	64	576	208	60	582
256	64	576	259	60	581
320	64	576	312	60	581
384	64	576	369	63	581
448	64	576	424	63	581
512	64	576	478	66	580
576	64	576	534	69	580
640	64	576	593	69	580
704	64	576	646	72	580
768	64	576	702	75	580
832	64	576	759	77	579
896	64	576	818	82	579
960	64	576	874	85	578
1023	64	576	930	87	578
0	128	576	122	123	582
64	128	576	132	123	582
128	128	576	164	123	582
192	128	576	208	123	582
256	128	576	258	123	582
320	128	576	312	125	581
384	128	576	368	125	581
448	128	576	424	125	581
512	128	576	478	126	581
576	128	576	533	128	580
640	128	576	592	129	580
704	128	576	646	128	580
768	128	576	701	129	580
832	128	576	759	132	579
896	128	576	818	133	579
960	128	576	874	134	578
1023	128	576	930	136	578
0	192	576	122	186	582
64	192	576	132	186	582
128	192	576	164	186	582
192	192	576	208	187	582
256	192	576	258	186	582
320	192	576	312	186	581
384	192	576	368	186	581
448	192	576	424	187	581
512	192	576	477	188	581
576	192	576	533	187	580
640	192	576	592	188	580
704	192	576	646	188	580
768	192	576	701	189	580
832	192	576	759	190	579
896	192	576	817	191	579
960	192	576	874	192	579
1023	192	576	930	193	578
0	256	576	122	248	583
64	256	576	132	248	582
128	256	576	164	248	582
192	256	576	207	248	582
256	256	576	258	248	582
320	256	576	311	248	581
384	256	576	367	248	581
448	256	576	423	248	581
512	256	576	477	248	581
576	256	576	532	248	580
640	256	576	591	248	580
704	256	576	645	249	580
768	256	576	700	250	580
832	256	576	758	250	579
896	256	576	817	250	579
960	256	576	874	252	579
1023	256	576	930	252	578
0	320	576	122	312	581
64	320	576	133	312	581
128	320	576	164	311	580
192	320	576	207	311	580
256	320	576	257	310	580
320	320	576	310	310	580
384	320	576	367	310	580
448	320	576	423	310	579
512	320	576	476	310	579
576	320	576	531	310	579
640	320	576	591	310	579
704	320	576	645	310	579
768	320	576	700	311	578
832	320	576	758	311	578
896	320	576	816	312	578
960	320	576	873	312	577
1023	320	576	929	312	577
0	384	576	123	374	581
64	384	576	134	374	581
128	384	576	165	375	581
192	384	576	208	374	581
256	384	576	258	373	581
320	384	576	311	373	580
384	384	576	367	373	580
448	384	576	423	373	579
512	384	576	476	373	579
576	384	576	531	373	579
640	384	576	591	373	579
704	384	576	645	373	579
768	384	576	700	373	578
832	384	576	758	373	578
896	384	576	817	373	578
960	384	576	873	374	577
1023	384	576	930	374	577
0	448	576	125	436	581
64	448	576	136	435	581
128	448	576	165	435	581
192	448	576	209	435	580
256	448	576	258	434	580
320	448	576	311	434	579
384	448	576	367	433	579
448	448	576	423	433	579
512	448	576	476	433	579
576	448	576	531	433	579
640	448	576	591	434	578
704	448	576	645	434	578
768	448	576	700	434	578
832	448	576	758	434	578
896	448	576	817	434	577
960	448	576	873	434	577
1023	448	576	930	434	576
0	512	576	126	495	580
64	512	576	136	495	580
128	512	576	166	494	580
192	512	576	209	494	580
256	512	576	258	494	580
320	512	576	311	493	579
384	512	576	367	493	579
448	512	576	423	493	579
512	512	576	476	493	579
576	512	576	531	493	578
640	512	576	591	493	578
704	512	576	644	493	578
768	512	576	700	493	578
832	512	576	758	493	577
896	512	576	816	493	577
960	512	576	873	493	577
1023	512	576	930	492	576
0	576	576	128	556	580
64	576	576	137	556	580
128	576	576	166	555	580
192	576	576	209	555	580
256	576	576	258	555	580
320	576	576	312	554	579
384	576	576	367	554	579
448	576	576	423	554	579
512	576	576	476	554	579
576	576	576	531	554	579
640	576	576	591	554	578
704	576	576	644	554	578
768	576	576	700	554	578
832	576	576	757	554	577
896	576	576	817	554	577
960	576	576	873	554	577
1023	576	576	930	554	576
0	640	576	128	620	580
64	640	576	137	620	580
128	640	576	168	619	580
192	640	576	209	619	580
256	640	576	259	619	580
320	640	576	312	618	579
384	640	576	368	618	579
448	640	576	423	618	579
512	640	576	476	618	579
576	640	576	531	618	579
640	640	576	591	618	578
704	640	576	645	618	578
768	640	576	700	618	578
832	640	576	758	618	578
896	640	576	816	618	577
960	640	576	873	617	577
1023	640	576	930	617	576
0	704	576	129	677	580
64	704	576	138	677	580
128	704	576	168	677	580
192	704	576	210	676	580
256	704	576	259	676	580
320	704	576	312	675	579
384	704	576	367	675	579
448	704	576	423	675	579
512	704	576	476	675	579
576	704	576	531	675	578
640	704	576	591	675	578
704	704	576	644	675	578
768	704	576	700	675	578
832	704	576	758	675	578
896	704	576	817	675	577
960	704	576	873	675	577
1023	704	576	930	675	576
0	768	576	130	738	581
64	768	576	141	738	581
128	768	576	169	738	581
192	768	576	210	738	580
256	768	576	259	737	580
320	768	576	312	737	579
384	768	576	368	737	579
448	768	576	423	737	579
512	768	576	476	737	579
576	768	576	531	737	579
640	768	576	591	737	578
704	768	576	644	737	578
768	768	576	700	737	578
832	768	576	758	736	578
896	768	576	816	737	577
960	768	576	873	736	577
1023	768	576	930	736	576
0	832	576	133	802	580
64	832	576	142	802	580
128	832	576	171	802	580
192	832	576	212	801	580
256	832	576	261	801	579
320	832	576	313	801	579
384	832	576	368	801	578
448	832	576	423	801	578
512	832	576	476	801	578
576	832	576	531	801	578
640	832	576	590	801	578
704	832	576	644	801	578
768	832	576	700	801	578
832	832	576	758	801	577
896	832	576	816	801	577
960	832	576	873	801	577
1023	832	576	930	801	576
0	896	576	133	863	581
64	896	576	142	863	581
128	896	576	170	863	581
192	896	576	212	862	580
256	896	576	259	862	580
320	896	576	312	862	579
384	896	576	367	862	579
448	896	576	423	862	579
512	896	576	476	862	578
576	896	576	531	862	578
640	896	576	590	862	578
704	896	576	644	862	578
768	896	576	700	862	578
832	896	576	757	862	577
896	896	576	816	862	577
960	896	576	873	862	577
1023	896	576	930	862	576
0	960	576	134	924	580
64	960	576	144	924	580
128	960	576	172	924	580
192	960	576	213	924	580
256	960	576	261	923	580
320	960	576	312	923	579
384	960	576	368	923	579
448	960	576	423	923	578
512	960	576	476	923	578
576	960	576	531	923	578
640	960	576	590	923	578
704	960	576	644	923	578
768	960	576	699	923	578
832	960	576	757	923	577
896	960	576	816	923	577
960	960	576	873	924	576
1023	960	576	930	924	576
0	1023	576	133	984	580
64	1023	576	143	984	580
128	1023	576	171	984	579
192	1023	576	212	984	579
256	1023	576	259	984	579
320	1023	576	311	984	578
384	1023	576	367	984	578
448	1023	576	422	984	578
512	1023	576	475	984	578
576	1023	576	530	984	577
640	1023	576	590	984	577
704	1023	576	643	984	577
768	1023	576	699	984	577
832	1023	576	757	984	576
896	1023	576	816	984	576
960	1023	576	873	984	576
1023	1023	576	929	984	575
0	0	640	136	0	644
64	0	640	145	0	644
128	0	640	174	0	644
192	0	640	216	0	644
256	0	640	264	0	644
320	0	640	317	0	644
384	0	640	373	0	644
448	0	640	428	23	643
512	0	640	481	23	643
576	0	640	536	32	642
640	0	640	595	38	642
704	0	640	648	44	642
768	0	640	704	48	642
832	0	640	761	53	641
896	0	640	819	57	641
960	0	640	876	60	641
1023	0	640	932	66	640
0	64	640	136	57	644
64	64	640	145	57	644
128	64	640	174	57	644
192	64	640	216	60	643
256	64	640	264	60	643
320	64	640	317	60	643
384	64	640	373	63	643
448	64	640	428	63	643
512	64	640	481	66	643
576	64	640	536	66	642
640	64	640	595	69	642
704	64	640	648	72	642
768	64	640	703	75	642
832	64	640	761	77	641
896	64	640	819	80	641
960	64	640	876	85	641
1023	64	640	932	87	640
0	128	640	136	123	644
64	128	640	145	123	644
128	128	640	174	123	644
192	128	640	215	123	644
256	128	640	264	123	643
320	128	640	317	123	643
384	128	640	372	125	643
448	128	640	428	125	643
512	128	640	481	126	643
576	128	640	536	128	642
640	128	640	595	128	642
704	128	640	648	128	642
768	128	640	703	129	642
832	128	640	761	130	641
896	128	640	819	133	641
960	128	640	876	134	641
1023	128	640	931	136	640
0	192	640	134	186	644
64	192	640	145	186	644
128	192	640	173	186	644
192	192	640	215	186	644
256	192	640	263	186	644
320	192	640	316	186	643
384	192	640	372	186	643
448	192	640	427	187	643
512	192	640	480	186	643
576	192	640	535	187	642
640	192	640	595	188	642
704	192	640	648	188	642
768	192	640	703	189	642
832	192	640	761	190	642
896	192	640	819	191	641
960	192	640	875	191	641
1023	192	640	931	193	640
0	256	640	136	248	645
64	256	640	144	248	645
128	256	640	173	248	645
192	256	640	215	248	644
256	256	640	263	248	644
320	256	640	316	248	643
384	256	640	371	247	643
448	256	640	426	248	643
512	256	640	479	248	643
576	256	640	535	248	642
640	256	640	594	248	642
704	256	640	647	249	642
768	256	640	702	250	642
832	256	640	760	250	642
896	256	640	818	250	641
960	256	640	875	251	641
1023	256	640	931	252	641
0	320	640	136	311	642
64	320	640	144	311	642
128	320	640	174	311	642
192	320	640	215	311	642
256	320	640	263	310	642
320	320	640	316	309	641
384	320	640	371	310	641
448	320	640	426	310	641
512	320	640	479	310	641
576	320	640	534	310	641
640	320	640	593	310	641
704	320	640	647	310	641
768	320	640	702	311	640
832	320	640	759	311	640
896	320	640	818	311	640
960	320	640	875	312	639
1023	320	640	931	312	639
0	384	640	137	374	643
64	384	640	147	374	643
128	384	640	175	374	643
192	384	640	215	374	643
256	384	640	263	373	643
320	384	640	316	373	642
384	384	640	371	372	641
448	384	640	426	373	641
512	384	640	479	373	641
576	384	640	534	372	641
640	384	640	593	373	641
704	384	640	647	373	641
768	384	640	702	373	640
832	384	640	760	373	640
896	384	640	818	373	640
960	384	640	875	374	639
1023	384	640	931	373	639
0	448	640	138	435	642
64	448	640	148	435	642
128	448	640	176	435	642
192	448	640	216	435	642
256	448	640	264	434	642
320	448	640	316	433	641
384	448	640	371	433	641
448	448	640	426	433	641
512	448	640	479	433	641
576	448	640	534	433	640
640	448	640	593	433	640
704	448	640	646	433	640
768	448	640	702	433	640
832	448	640	759	434	640
896	448	640	818	434	640
960	448	640	875	433	639
1023	448	640	931	433	639
0	512	640	139	495	642
64	512	640	148	495	642
128	512	640	176	494	642
192	512	640	216	494	641
256	512	640	264	493	641
320	512	640	316	493	641
384	512	640	371	492	641
448	512	640	426	492	640
512	512	640	479	492	640
576	512	640	534	492	640
640	512	640	593	492	640
704	512	640	646	493	640
768	512	640	702	493	640
832	512	640	759	492	639
896	512	640	818	492	639
960	512	640	874	492	639
1023	512	640	931	492	638
0	576	640	139	555	641
64	576	640	148	555	641
128	576	640	177	555	641
192	576	640	216	555	641
256	576	640	264	554	641
320	576	640	316	554	641
384	576	640	371	553	640
448	576	640	426	553	640
512	576	640	479	553	640
576	576	640	534	553	640
640	576	640	593	553	640
704	576	640	646	554	640
768	576	640	701	553	640
832	576	640	759	554	639
896	576	640	818	554	639
960	576	640	875	553	639
1023	576	640	931	553	638
0	640	640	142	619	642
64	640	640	150	619	642
128	640	640	177	619	641
192	640	640	218	619	641
256	640	640	265	618	641
320	640	640	317	618	641
384	640	640	371	618	640
448	640	640	426	618	640
512	640	640	479	618	640
576	640	640	534	618	640
640	640	640	593	618	640
704	640	640	646	617	640
768	640	640	702	618	640
832	640	640	759	617	639
896	640	640	818	617	639
960	640	640	875	617	639
1023	640	640	931	617	638
0	704	640	142	677	642
64	704	640	151	676	642
128	704	640	178	676	642
192	704	640	217	676	641
256	704	640	265	675	641
320	704	640	317	675	640
384	704	640	371	675	640
448	704	640	426	675	640
512	704	640	479	675	640
576	704	640	534	675	640
640	704	640	593	675	640
704	704	640	646	675	640
768	704	640	701	675	639
832	704	640	759	675	639
896	704	640	818	675	639
960	704	640	875	675	639
1023	704	640	931	675	638
0	768	640	143	738	642
64	768	640	151	738	642
128	768	640	178	737	642
192	768	640	218	737	642
256	768	640	265	737	642
320	768	640	317	736	641
384	768	640	372	736	640
448	768	640	426	736	640
512	768	640	478	736	640
576	768	640	534	736	640
640	768	640	593	736	640
704	768	640	646	736	639
768	768	640	701	736	639
832	768	640	759	736	639
896	768	640	818	736	639
960	768	640	874	736	639
1023	768	640	931	736	638
0	832	640	144	802	641
64	832	640	153	802	641
128	832	640	179	801	641
192	832	640	220	801	641
256	832	640	266	801	640
320	832	640	317	801	640
384	832	640	372	800	640
448	832	640	426	800	640
512	832	640	479	800	640
576	832	640	533	800	639
640	832	640	593	801	639
704	832	640	646	800	639
768	832	640	701	800	639
832	832	640	759	801	639
896	832	640	818	801	639
960	832	640	875	801	638
1023	832	640	931	800	638
0	896	640	144	862	642
64	896	640	152	862	642
128	896	640	179	862	642
192	896	640	218	862	641
256	896	640	265	862	641
320	896	640	317	861	640
384	896	640	372	861	640
448	896	640	426	861	640
512	896	640	478	862	640
576	896	640	533	862	639
640	896	640	593	862	639
704	896	640	646	861	639
768	896	640	701	862	639
832	896	640	759	862	639
896	896	640	817	862	639
960	896	640	875	862	638
1023	896	640	931	862	638
0	960	640	147	924	641
64	960	640	155	924	641
128	960	640	181	924	641
192	960	640	219	923	641
256	960	640	266	923	641
320	960	640	317	923	640
384	960	640	372	923	640
448	960	640	425	923	639
512	960	640	478	923	639
576	960	640	533	923	639
640	960	640	592	923	639
704	960	640	645	923	639
768	960	640	701	923	639
832	960	640	759	923	638
896	960	640	817	923	638
960	960	640	874	923	638
1023	960	640	931	923	638
0	1023	640	147	984	640
64	1023	640	155	984	640
128	1023	640	179	984	640
192	1023	640	219	984	640
256	1023	640	265	984	640
320	1023	640	317	984	639
384	1023	640	371	984	639
448	1023	640	424	984	639
512	1023	640	477	984	639
576	1023	640	532	984	639
640	1023	640	591	984	638
704	1023	640	644	984	638
768	1023	640	700	984	638
832	1023	640	758	984	638
896	1023	640	817	984	637
960	1023	640	874	984	637
1023	1023	640	930	984	637
0	0	704	149	0	706
64	0	704	157	0	706
128	0	704	184	0	706
192	0	704	223	0	706
256	0	704	270	0	705
320	0	704	322	0	705
384	0	704	377	0	705
448	0	704	431	0	705
512	0	704	484	23	703
576	0	704	538	32	703
640	0	704	598	38	702
704	0	704	650	38	702
768	0	704	705	44	702
832	0	704	763	53	702
896	0	704	821	57	702
960	0	704	877	60	703
1023	0	704	933	63	703
0	64	704	149	57	704
64	64	704	157	57	704
128	64	704	184	57	704
192	64	704	223	57	704
256	64	704	270	60	704
320	64	704	322	60	703
384	64	704	377	60	703
448	64	704	431	63	703
512	64	704	484	63	703
576	64	704	538	66	703
640	64	704	598	69	702
704	64	704	650	72	702
768	64	704	705	75	702
832	64	704	763	77	702
896	64	704	821	80	702
960	64	704	877	82	703
1023	64	704	933	87	703
0	128	704	149	122	704
64	128	704	158	122	704
128	128	704	184	122	704
192	128	704	223	123	704
256	128	704	270	123	704
320	128	704	322	123	703
384	128	704	376	125	703
448	128	704	431	125	703
512	128	704	483	125	703
576	128	704	538	126	703
640	128	704	597	126	702
704	128	704	650	128	702
768	128	704	705	129	702
832	128	704	762	130	702
896	128	704	820	132	702
960	128	704	877	134	703
1023	128	704	933	136	703
0	192	704	149	186	704
64	192	704	158	186	704
128	192	704	184	186	704
192	192	704	223	185	704
256	192	704	270	185	704
320	192	704	322	186	703
384	192	704	376	185	703
448	192	704	430	186	703
512	192	704	483	186	703
576	192	704	538	187	703
640	192	704	597	188	702
704	192	704	649	188	702
768	192	704	704	189	702
832	192	704	762	190	702
896	192	704	820	190	702
960	192	704	877	191	703
1023	192	704	933	193	703
0	256	704	149	248	704
64	256	704	158	248	704
128	256	704	183	248	704
192	256	704	223	248	704
256	256	704	269	247	704
320	256	704	321	247	703
384	256	704	375	247	703
448	256	704	430	247	703
512	256	704	482	247	703
576	256	704	537	248	703
640	256	704	596	248	702
704	256	704	648	249	702
768	256	704	704	250	702
832	256	704	762	250	702
896	256	704	820	250	702
960	256	704	876	250	703
1023	256	704	932	251	703
0	320	704	150	310	704
64	320	704	158	310	704
128	320	704	183	310	704
192	320	704	223	310	704
256	320	704	269	310	703
320	320	704	321	309	703
384	320	704	375	309	703
448	320	704	429	309	703
512	320	704	481	309	702
576	320	704	537	309	703
640	320	704	595	310	702
704	320	704	648	310	702
768	320	704	704	310	702
832	320	704	761	311	702
896	320	704	819	311	701
960	320	704	876	311	701
1023	320	704	932	311	701
0	384	704	151	374	704
64	384	704	159	374	704
128	384	704	185	373	704
192	384	704	223	373	704
256	384	704	270	373	704
320	384	704	321	372	703
384	384	704	375	372	703
448	384	704	429	372	703
512	384	704	481	372	703
576	384	704	537	372	703
640	384	704	595	372	702
704	384	704	648	373	702
768	384	704	704	373	702
832	384	704	761	373	702
896	384	704	819	373	701
960	384	704	876	373	701
1023	384	704	932	373	701
0	448	704	151	435	704
64	448	704	161	435	704
128	448	704	186	434	704
192	448	704	224	434	704
256	448	704	270	433	703
320	448	704	321	433	703
384	448	704	375	433	703
448	448	704	429	433	703
512	448	704	482	433	703
576	448	704	536	433	702
640	448	704	595	433	702
704	448	704	648	433	702
768	448	704	703	433	702
832	448	704	761	433	702
896	448	704	819	433	701
960	448	704	876	433	701
1023	448	704	932	433	701
0	512	704	152	494	704
64	512	704	161	494	704
128	512	704	186	494	704
192	512	704	225	493	703
256	512	704	270	493	703
320	512	704	322	492	702
384	512	704	375	492	702
448	512	704	429	492	702
512	512	704	481	492	702
576	512	704	536	492	702
640	512	704	595	492	702
704	512	704	648	492	702
768	512	704	703	492	702
832	512	704	761	492	702
896	512	704	819	492	701
960	512	704	876	492	701
1023	512	704	932	492	701
0	576	704	153	555	704
64	576	704	161	555	704
128	576	704	187	555	704
192	576	704	225	554	703
256	576	704	270	553	703
320	576	704	321	553	702
384	576	704	375	553	702
448	576	704	429	553	702
512	576	704	481	553	702
576	576	704	536	553	702
640	576	704	595	553	702
704	576	704	648	553	702
768	576	704	703	553	701
832	576	704	761	553	701
896	576	704	819	553	701
960	576	704	876	553	700
1023	576	704	932	553	700
0	640	704	153	619	704
64	640	704	162	619	704
128	640	704	188	619	703
192	640	704	225	618	703
256	640	704	271	618	703
320	640	704	322	617	702
384	640	704	375	617	702
448	640	704	429	617	702
512	640	704	482	617	702
576	640	704	536	617	702
640	640	704	595	617	702
704	640	704	648	617	702
768	640	704	703	617	702
832	640	704	761	617	701
896	640	704	819	617	701
960	640	704	876	617	701
1023	640	704	932	616	700
0	704	704	155	676	704
64	704	704	162	676	704
128	704	704	188	676	704
192	704	704	225	675	703
256	704	704	271	675	703
320	704	704	322	675	702
384	704	704	376	675	702
448	704	704	429	675	702
512	704	704	481	675	702
576	704	704	536	675	702
640	704	704	595	675	702
704	704	704	648	675	702
768	704	704	703	675	702
832	704	704	761	675	701
896	704	704	819	675	701
960	704	704	876	674	700
1023	704	704	932	674	700
0	768	704	156	737	704
64	768	704	163	737	704
128	768	704	188	737	703
192	768	704	226	736	703
256	768	704	271	736	703
320	768	704	322	736	702
384	768	704	375	736	702
448	768	704	429	736	702
512	768	704	481	736	702
576	768	704	536	736	702
640	768	704	595	736	702
704	768	704	647	736	702
768	768	704	703	736	701
832	768	704	761	736	701
896	768	704	819	736	701
960	768	704	876	736	701
1023	768	704	932	736	700
0	832	704	158	802	704
64	832	704	166	802	704
128	832	704	190	801	704
192	832	704	227	801	703
256	832	704	272	801	703
320	832	704	322	800	703
384	832	704	376	800	702
448	832	704	430	800	702
512	832	704	482	800	702
576	832	704	536	800	702
640	832	704	595	800	702
704	832	704	648	800	702
768	832	704	703	801	701
832	832	704	762	801	701
896	832	704	819	801	701
960	832	704	876	800	700
1023	832	704	932	800	700
0	896	704	157	862	703
64	896	704	164	862	703
128	896	704	189	862	703
192	896	704	226	862	703
256	896	704	271	861	702
320	896	704	322	861	702
384	896	704	376	861	702
448	896	704	429	861	702
512	896	704	481	861	702
576	896	704	535	861	701
640	896	704	595	861	701
704	896	704	647	861	701
768	896	704	703	861	701
832	896	704	761	861	701
896	896	704	819	861	701
960	896	704	876	861	701
1023	896	704	932	861	700
0	960	704	159	924	703
64	960	704	166	924	703
128	960	704	190	923	703
192	960	704	228	923	703
256	960	704	272	923	702
320	960	704	322	923	702
384	960	704	376	923	702
448	960	704	429	923	702
512	960	704	481	923	701
576	960	704	535	923	701
640	960	704	595	923	701
704	960	704	647	923	701
768	960	704	702	923	701
832	960	704	761	923	701
896	960	704	819	923	700
960	960	704	876	923	700
1023	960	704	932	923	700
0	1023	704	159	984	702
64	1023	704	166	984	702
128	1023	704	189	984	702
192	1023	704	227	984	701
256	1023	704	271	984	701
320	1023	704	321	983	701
384	1023	704	374	983	701
448	1023	704	428	983	700
512	1023	704	480	983	700
576	1023	704	535	983	700
640	1023	704	594	984	700
704	1023	704	646	984	700
768	1023	704	702	984	700
832	1023	704	760	984	700
896	1023	704	818	984	700
960	1023	704	875	984	699
1023	1023	704	932	984	699
0	0	768	162	0	771
64	0	768	171	0	771
128	0	768	194	0	770
192	0	768	232	0	770
256	0	768	277	0	770
320	0	768	328	0	770
384	0	768	381	0	770
448	0	768	434	0	770
512	0	768	487	23	769
576	0	768	541	23	769
640	0	768	600	32	768
704	0	768	652	38	768
768	0	768	707	44	768
832	0	768	764	48	768
896	0	768	822	53	768
960	0	768	879	63	767
1023	0	768	934	63	767
0	64	768	162	57	770
64	64	768	171	57	770
128	64	768	194	57	770
192	64	768	232	57	769
256	64	768	277	57	769
320	64	768	327	60	769
384	64	768	381	60	769
448	64	768	434	63	769
512	64	768	487	63	769
576	64	768	541	66	769
640	64	768	600	69	768
704	64	768	652	72	768
768	64	768	707	75	768
832	64	768	764	77	768
896	64	768	822	80	768
960	64	768	878	85	767
1023	64	768	934	87	767
0	128	768	162	122	770
64	128	768	171	122	770
128	128	768	194	122	770
192	128	768	232	122	769
256	128	768	277	123	769
320	128	768	327	123	769
384	128	768	381	123	769
448	128	768	434	123	769
512	128	768	486	123	769
576	128	768	540	125	769
640	128	768	600	126	768
704	128	768	651	128	768
768	128	768	707	129	768
832	128	768	764	130	768
896	128	768	822	132	768
960	128	768	878	133	767
1023	128	768	934	136	767
0	192	768	162	186	770
64	192	768	170	186	770
128	192	768	194	186	770
192	192	768	232	185	770
256	192	768	276	185	769
320	192	768	327	184	769
384	192	768	381	185	769
448	192	768	434	185	769
512	192	768	486	186	769
576	192	768	540	187	769
640	192	768	599	187	768
704	192	768	651	188	768
768	192	768	706	188	768
832	192	768	764	188	768
896	192	768	822	190	768
960	192	768	878	191	767
1023	192	768	934	192	767
0	256	768	162	248	770
64	256	768	170	248	770
128	256	768	194	248	770
192	256	768	232	247	770
256	256	768	276	247	770
320	256	768	327	247	769
384	256	768	380	247	769
448	256	768	433	247	769
512	256	768	485	247	769
576	256	768	539	248	769
640	256	768	598	248	768
704	256	768	650	248	768
768	256	768	706	248	768
832	256	768	763	248	768
896	256	768	821	250	768
960	256	768	878	250	767
1023	256	768	934	250	767
0	320	768	163	310	769
64	320	768	170	310	769
128	320	768	194	310	769
192	320	768	231	309	769
256	320	768	276	309	768
320	320	768	327	309	768
384	320	768	380	308	768
448	320	768	432	309	768
512	320	768	485	309	768
576	320	768	539	309	768
640	320	768	598	309	768
704	320	768	650	310	767
768	320	768	705	310	767
832	320	768	763	310	767
896	320	768	821	310	767
960	320	768	878	311	767
1023	320	768	933	311	766
0	384	768	164	373	769
64	384	768	171	373	769
128	384	768	196	373	769
192	384	768	232	372	769
256	384	768	276	372	769
320	384	768	327	372	768
384	384	768	380	372	768
448	384	768	432	371	768
512	384	768	485	372	768
576	384	768	539	372	768
640	384	768	598	372	768
704	384	768	650	372	767
768	384	768	705	372	767
832	384	768	763	372	767
896	384	768	821	372	767
960	384	768	878	372	767
1023	384	768	934	372	766
0	448	768	165	434	769
64	448	768	173	434	769
128	448	768	196	434	769
192	448	768	232	433	768
256	448	768	277	433	768
320	448	768	327	432	768
384	448	768	380	432	768
448	448	768	433	432	768
512	448	768	485	432	768
576	448	768	539	432	768
640	448	768	598	432	767
704	448	768	650	432	767
768	448	768	705	432	767
832	448	768	763	432	767
896	448	768	821	432	767
960	448	768	878	433	767
1023	448	768	934	432	766
0	512	768	166	493	769
64	512	768	173	494	769
128	512	768	196	493	769
192	512	768	233	493	768
256	512	768	277	492	768
320	512	768	327	492	768
384	512	768	380	492	768
448	512	768	432	491	768
512	512	768	485	491	767
576	512	768	539	492	767
640	512	768	598	491	767
704	512	768	650	491	767
768	512	768	705	491	767
832	512	768	763	492	767
896	512	768	821	492	767
960	512	768	878	492	766
1023	512	768	934	491	766
0	576	768	166	554	769
64	576	768	173	554	769
128	576	768	198	554	768
192	576	768	233	554	768
256	576	768	277	553	768
320	576	768	327	553	768
384	576	768	380	553	768
448	576	768	432	553	768
512	576	768	485	553	768
576	576	768	539	553	767
640	576	768	598	553	767
704	576	768	650	553	767
768	576	768	705	553	767
832	576	768	763	553	767
896	576	768	821	553	767
960	576	768	878	553	766
1023	576	768	934	553	766
0	640	768	167	618	769
64	640	768	175	618	769
128	640	768	198	618	768
192	640	768	234	618	768
256	640	768	277	617	768
320	640	768	327	617	768
384	640	768	380	617	768
448	640	768	433	617	768
512	640	768	485	617	767
576	640	768	539	617	767
640	640	768	598	617	767
704	640	768	650	617	767
768	640	768	705	617	767
832	640	768	763	617	767
896	640	768	821	616	767
960	640	768	878	616	766
1023	640	768	934	616	766
0	704	768	168	676	769
64	704	768	175	676	769
128	704	768	198	675	769
192	704	768	234	675	768
256	704	768	278	675	768
320	704	768	327	675	768
384	704	768	380	674	768
448	704	768	432	674	767
512	704	768	485	674	767
576	704	768	539	674	767
640	704	768	598	674	767
704	704	768	650	674	767
768	704	768	705	674	767
832	704	768	763	674	767
896	704	768	821	674	767
960	704	768	878	674	766
1023	704	768	934	674	766
0	768	768	169	737	769
64	768	768	176	737	769
128	768	768	198	737	769
192	768	768	234	736	768
256	768	768	277	736	768
320	768	768	327	736	768
384	768	768	380	735	768
448	768	768	432	736	767
512	768	768	485	735	767
576	768	768	539	736	767
640	768	768	598	735	767
704	768	768	649	736	767
768	768	768	705	736	767
832	768	768	763	736	767
896	768	768	821	736	767
960	768	768	878	735	766
1023	768	768	934	735	766
0	832	768	170	801	768
64	832	768	178	801	768
128	832	768	200	801	768
192	832	768	236	801	768
256	832	768	279	800	768
320	832	768	328	800	767
384	832	768	381	800	767
448	832	768	433	800	767
512	832	768	485	800	767
576	832	768	539	800	767
640	832	768	598	800	767
704	832	768	650	800	767
768	832	768	705	800	767
832	832	768	763	800	767
896	832	768	821	800	766
960	832	768	878	800	766
1023	832	768	934	800	766
0	896	768	169	862	769
64	896	768	176	862	769
128	896	768	199	862	769
192	896	768	234	862	768
256	896	768	278	861	768
320	896	768	327	861	767
384	896	768	380	861	767
448	896	768	432	861	767
512	896	768	485	861	767
576	896	768	538	861	767
640	896	768	597	861	767
704	896	768	649	861	767
768	896	768	705	861	767
832	896	768	763	861	767
896	896	768	821	861	767
960	896	768	878	861	766
1023	896	768	934	861	766
0	960	768	171	923	768
64	960	768	178	923	768
128	960	768	201	923	768
192	960	768	236	923	768
256	960	768	279	923	768
320	960	768	328	923	767
384	960	768	381	923	767
448	960	768	432	923	767
512	960	768	484	923	767
576	960	768	538	923	767
640	960	768	597	923	767
704	960	768	649	923	767
768	960	768	705	923	767
832	960	768	763	923	766
896	960	768	821	923	766
960	960	768	878	923	766
1023	960	768	934	923	765
0	1023	768	171	984	767
64	1023	768	178	984	767
128	1023	768	199	984	767
192	1023	768	235	983	767
256	1023	768	278	983	767
320	1023	768	327	983	767
384	1023	768	379	983	767
448	1023	768	431	983	767
512	1023	768	483	983	766
576	1023	768	537	983	766
640	1023	768	596	983	766
704	1023	768	648	983	766
768	1023	768	704	983	766
832	1023	768	762	984	766
896	1023	768	820	984	766
960	1023	768	877	984	765
1023	1023	768	933	984	765
0	0	832	177	0	835
64	0	832	183	0	835
128	0	832	206	0	835
192	0	832	241	0	834
256	0	832	284	0	834
320	0	832	334	0	834
384	0	832	386	0	834
448	0	832	438	0	834
512	0	832	490	0	834
576	0	832	544	23	833
640	0	832	603	32	832
704	0	832	654	38	832
768	0	832	709	44	832
832	0	832	767	48	832
896	0	832	824	53	832
960	0	832	880	57	832
1023	0	832	936	63	831
0	64	832	177	57	834
64	64	832	183	57	834
128	64	832	206	57	834
192	64	832	241	57	833
256	64	832	284	57	833
320	64	832	334	57	833
384	64	832	386	60	833
448	64	832	438	60	833
512	64	832	490	63	833
576	64	832	544	66	833
640	64	832	603	66	832
704	64	832	654	69	832
768	64	832	709	72	832
832	64	832	767	75	832
896	64	832	824	80	832
960	64	832	880	82	832
1023	64	832	936	85	831
0	128	832	177	122	834
64	128	832	183	122	834
128	128	832	206	122	834
192	128	832	241	122	833
256	128	832	284	120	833
320	128	832	334	122	833
384	128	832	386	122	833
448	128	832	438	122	833
512	128	832	490	123	833
576	128	832	544	125	833
640	128	832	602	126	833
704	128	832	654	126	832
768	128	832	709	128	832
832	128	832	767	130	832
896	128	832	824	132	832
960	128	832	880	133	832
1023	128	832	936	134	831
0	192	832	177	184	834
64	192	832	183	184	834
128	192	832	206	184	834
192	192	832	241	184	833
256	192	832	284	184	833
320	192	832	334	184	833
384	192	832	386	184	833
448	192	832	438	185	833
512	192	832	489	186	833
576	192	832	543	185	833
640	192	832	602	186	833
704	192	832	653	187	832
768	192	832	708	188	832
832	192	832	766	188	832
896	192	832	823	189	832
960	192	832	880	191	832
1023	192	832	935	191	832
0	256	832	177	247	834
64	256	832	183	247	834
128	256	832	206	247	834
192	256	832	240	247	834
256	256	832	284	246	833
320	256	832	333	246	833
384	256	832	385	247	833
448	256	832	437	246	833
512	256	832	489	247	833
576	256	832	543	247	833
640	256	832	601	247	833
704	256	832	653	247	832
768	256	832	708	248	832
832	256	832	766	248	832
896	256	832	823	249	832
960	256	832	880	250	832
1023	256	832	935	250	832
0	320	832	177	309	833
64	320	832	183	309	833
128	320	832	206	309	833
192	320	832	240	309	833
256	320	832	283	308	833
320	320	832	332	308	833
384	320	832	385	308	832
448	320	832	436	308	832
512	320	832	488	308	832
576	320	832	542	308	832
640	320	832	601	308	832
704	320	832	652	309	832
768	320	832	707	309	832
832	320	832	765	309	832
896	320	832	823	310	832
960	320	832	880	310	832
1023	320	832	935	310	831
0	384	832	178	372	833
64	384	832	185	372	833
128	384	832	206	372	833
192	384	832	241	372	833
256	384	832	284	371	833
320	384	832	333	371	833
384	384	832	385	371	833
448	384	832	437	371	832
512	384	832	488	371	832
576	384	832	542	371	832
640	384	832	601	371	832
704	384	832	652	371	832
768	384	832	708	372	832
832	384	832	765	372	832
896	384	832	823	372	832
960	384	832	880	372	832
1023	384	832	935	372	831
0	448	832	179	433	833
64	448	832	186	433	833
128	448	832	207	433	833
192	448	832	242	432	833
256	448	832	284	432	833
320	448	832	333	432	833
384	448	832	385	431	833
448	448	832	437	431	833
512	448	832	488	431	832
576	448	832	542	432	832
640	448	832	601	432	832
704	448	832	652	432	832
768	448	832	708	432	832
832	448	832	765	432	832
896	448	832	823	432	832
960	448	832	879	432	831
1023	448	832	935	432	831
0	512	832	179	493	833
64	512	832	186	493	833
128	512	832	208	492	833
192	512	832	242	492	833
256	512	832	284	491	833
320	512	832	333	491	833
384	512	832	385	491	833
448	512	832	437	491	833
512	512	832	488	491	832
576	512	832	542	491	832
640	512	832	601	491	832
704	512	832	652	491	832
768	512	832	708	491	832
832	512	832	765	491	832
896	512	832	823	491	832
960	512	832	879	491	831
1023	512	832	935	491	831
0	576	832	179	554	833
64	576	832	187	554	833
128	576	832	208	553	833
192	576	832	243	553	833
256	576	832	285	553	833
320	576	832	334	553	833
384	576	832	385	552	832
448	576	832	437	552	832
512	576	832	489	552	832
576	576	832	542	552	832
640	576	832	601	552	832
704	576	832	652	552	832
768	576	832	707	552	832
832	576	832	765	552	832
896	576	832	823	552	832
960	576	832	879	552	831
1023	576	832	935	552	831
0	640	832	180	618	833
64	640	832	187	618	833
128	640	832	209	617	833
192	640	832	243	617	833
256	640	832	285	617	833
320	640	832	334	616	832
384	640	832	386	616	832
448	640	832	437	616	832
512	640	832	488	616	832
576	640	832	542	616	832
640	640	832	601	616	832
704	640	832	652	616	832
768	640	832	707	616	832
832	640	832	765	616	832
896	640	832	823	616	831
960	640	832	879	616	831
1023	640	832	935	615	831
0	704	832	180	675	833
64	704	832	188	675	833
128	704	832	209	675	833
192	704	832	243	675	833
256	704	832	285	674	833
320	704	832	334	674	832
384	704	832	385	674	832
448	704	832	437	674	832
512	704	832	488	674	832
576	704	832	542	674	832
640	704	832	601	674	832
704	704	832	652	674	832
768	704	832	707	674	832
832	704	832	765	674	832
896	704	832	823	674	831
960	704	832	879	674	831
1023	704	832	935	673	831
0	768	832	181	736	833
64	768	832	188	736	833
128	768	832	209	736	833
192	768	832	243	736	833
256	768	832	285	735	832
320	768	832	334	735	832
384	768	832	385	735	832
448	768	832	437	735	832
512	768	832	488	735	832
576	768	832	542	735	832
640	768	832	601	735	832
704	768	832	652	735	832
768	768	832	708	735	832
832	768	832	765	735	832
896	768	832	823	735	831
960	768	832	879	735	831
1023	768	832	935	735	831
0	832	832	183	801	833
64	832	832	189	800	833
128	832	832	211	800	833
192	832	832	245	800	833
256	832	832	286	800	832
320	832	832	334	800	832
384	832	832	386	800	832
448	832	832	437	800	832
512	832	832	488	799	832
576	832	832	542	800	832
640	832	832	601	800	832
704	832	832	652	800	832
768	832	832	707	800	832
832	832	832	765	800	831
896	832	832	823	800	831
960	832	832	879	799	831
1023	832	832	935	799	831
0	896	832	182	861	833
64	896	832	189	861	833
128	896	832	210	861	833
192	896	832	244	861	833
256	896	832	285	861	832
320	896	832	334	861	832
384	896	832	385	861	832
448	896	832	437	861	832
512	896	832	488	861	832
576	896	832	541	861	832
640	896	832	600	861	831
704	896	832	651	861	831
768	896	832	707	861	831
832	896	832	765	861	831
896	896	832	822	861	831
960	896	832	879	861	831
1023	896	832	935	861	831
0	960	832	184	923	833
64	960	832	190	923	833
128	960	832	211	923	832
192	960	832	244	923	832
256	960	832	286	923	832
320	960	832	334	923	832
384	960	832	385	923	832
448	960	832	437	922	832
512	960	832	488	923	832
576	960	832	541	922	831
640	960	832	601	923	831
704	960	832	652	923	831
768	960	832	707	923	831
832	960	832	765	923	831
896	960	832	823	923	831
960	960	832	880	923	831
1023	960	832	935	923	831
0	1023	832	184	984	832
64	1023	832	189	984	832
128	1023	832	211	984	832
192	1023	832	244	983	832
256	1023	832	285	983	832
320	1023	832	334	983	832
384	1023	832	385	983	832
448	1023	832	436	983	831
512	1023	832	487	983	831
576	1023	832	541	983	831
640	1023	832	600	983	831
704	1023	832	651	983	831
768	1023	832	707	983	831
832	1023	832	765	983	831
896	1023	832	822	984	831
960	1023	832	879	984	830
1023	1023	832	935	983	830
0	0	896	190	0	898
64	0	896	196	0	898
128	0	896	218	0	898
192	0	896	250	0	898
256	0	896	293	0	898
320	0	896	341	0	897
384	0	896	392	0	897
448	0	896	443	0	897
512	0	896	494	0	897
576	0	896	547	23	897
640	0	896	606	32	897
704	0	896	657	38	897
768	0	896	712	44	897
832	0	896	769	48	897
896	0	896	826	53	897
960	0	896	882	60	896
1023	0	896	938	66	896
0	64	896	190	53	897
64	64	896	196	53	897
128	64	896	218	53	897
192	64	896	250	53	897
256	64	896	293	57	897
320	64	896	340	57	897
384	64	896	392	57	897
448	64	896	443	60	897
512	64	896	494	63	897
576	64	896	547	63	897
640	64	896	606	66	897
704	64	896	657	69	897
768	64	896	712	72	897
832	64	896	769	75	897
896	64	896	826	77	897
960	64	896	882	85	896
1023	64	896	937	85	896
0	128	896	190	120	898
64	128	896	197	120	898
128	128	896	218	120	898
192	128	896	250	122	898
256	128	896	292	120	898
320	128	896	340	120	897
384	128	896	392	122	897
448	128	896	443	122	897
512	128	896	494	123	897
576	128	896	547	123	897
640	128	896	606	125	897
704	128	896	656	126	897
768	128	896	711	128	897
832	128	896	769	129	897
896	128	896	826	130	897
960	128	896	882	133	896
1023	128	896	937	134	896
0	192	896	190	184	898
64	192	896	197	184	898
128	192	896	217	184	898
192	192	896	251	183	898
256	192	896	292	183	898
320	192	896	340	184	897
384	192	896	392	184	897
448	192	896	442	184	897
512	192	896	494	184	897
576	192	896	547	185	897
640	192	896	606	186	897
704	192	896	656	187	897
768	192	896	711	188	897
832	192	896	769	188	897
896	192	896	825	189	897
960	192	896	882	190	896
1023	192	896	937	191	896
0	256	896	189	247	898
64	256	896	196	247	898
128	256	896	217	246	898
192	256	896	250	246	898
256	256	896	291	245	898
320	256	896	339	246	897
384	256	896	391	245	897
448	256	896	442	246	897
512	256	896	492	246	897
576	256	896	546	247	897
640	256	896	605	247	897
704	256	896	655	247	897
768	256	896	710	248	897
832	256	896	768	248	897
896	256	896	825	248	897
960	256	896	881	249	896
1023	256	896	937	250	896
0	320	896	190	308	897
64	320	896	196	308	897
128	320	896	217	308	897
192	320	896	250	308	896
256	320	896	291	308	896
320	320	896	339	308	896
384	320	896	390	308	896
448	320	896	441	308	896
512	320	896	492	308	896
576	320	896	546	308	896
640	320	896	604	308	896
704	320	896	655	308	896
768	320	896	710	308	896
832	320	896	768	309	896
896	320	896	825	309	895
960	320	896	881	310	895
1023	320	896	937	310	895
0	384	896	191	372	897
64	384	896	197	372	897
128	384	896	218	371	897
192	384	896	250	371	897
256	384	896	292	370	897
320	384	896	339	370	896
384	384	896	390	370	896
448	384	896	441	370	896
512	384	896	492	370	896
576	384	896	546	370	896
640	384	896	604	370	896
704	384	896	655	371	896
768	384	896	710	371	896
832	384	896	768	371	896
896	384	896	825	371	895
960	384	896	881	371	895
1023	384	896	937	372	895
0	448	896	192	433	896
64	448	896	198	432	896
128	448	896	218	432	896
192	448	896	251	432	896
256	448	896	292	431	896
320	448	896	340	431	896
384	448	896	391	431	896
448	448	896	441	431	896
512	448	896	492	431	896
576	448	896	545	431	896
640	448	896	604	431	896
704	448	896	655	431	896
768	448	896	710	431	895
832	448	896	768	431	895
896	448	896	825	431	895
960	448	896	881	431	895
1023	448	896	937	431	895
0	512	896	193	492	896
64	512	896	198	492	896
128	512	896	218	492	896
192	512	896	252	491	896
256	512	896	292	490	896
320	512	896	340	491	896
384	512	896	390	490	896
448	512	896	441	490	896
512	512	896	492	490	896
576	512	896	545	490	896
640	512	896	604	490	896
704	512	896	654	491	896
768	512	896	710	491	895
832	512	896	768	491	895
896	512	896	825	491	895
960	512	896	881	490	895
1023	512	896	937	491	895
0	576	896	193	553	896
64	576	896	198	553	896
128	576	896	219	553	896
192	576	896	252	552	896
256	576	896	292	552	896
320	576	896	340	552	896
384	576	896	391	552	896
448	576	896	441	552	896
512	576	896	492	552	896
576	576	896	546	552	896
640	576	896	604	552	896
704	576	896	655	552	896
768	576	896	710	552	895
832	576	896	768	552	895
896	576	896	825	552	895
960	576	896	881	552	895
1023	576	896	937	552	895
0	640	896	193	617	896
64	640	896	200	617	896
128	640	896	220	617	896
192	640	896	252	617	896
256	640	896	293	616	896
320	640	896	340	616	896
384	640	896	391	616	896
448	640	896	441	616	896
512	640	896	492	616	896
576	640	896	545	616	896
640	640	896	604	616	896
704	640	896	655	616	896
768	640	896	710	616	896
832	640	896	768	616	895
896	640	896	825	616	895
960	640	896	881	615	895
1023	640	896	937	615	895
0	704	896	194	675	896
64	704	896	200	675	896
128	704	896	221	675	896
192	704	896	252	674	896
256	704	896	293	674	896
320	704	896	340	674	896
384	704	896	391	673	896
448	704	896	441	673	896
512	704	896	492	673	896
576	704	896	545	673	896
640	704	896	604	673	896
704	704	896	655	674	896
768	704	896	710	673	896
832	704	896	768	673	895
896	704	896	825	673	895
960	704	896	881	673	895
1023	704	896	937	673	895
0	768	896	195	736	897
64	768	896	201	736	897
128	768	896	221	736	897
192	768	896	253	736	897
256	768	896	293	735	897
320	768	896	340	735	896
384	768	896	391	735	896
448	768	896	441	735	896
512	768	896	492	735	896
576	768	896	545	735	896
640	768	896	604	735	896
704	768	896	654	735	896
768	768	896	710	735	896
832	768	896	767	735	896
896	768	896	825	735	895
960	768	896	881	735	895
1023	768	896	937	735	895
0	832	896	196	800	896
64	832	896	202	800	896
128	832	896	222	800	896
192	832	896	253	800	896
256	832	896	293	799	896
320	832	896	340	799	896
384	832	896	391	799	896
448	832	896	441	799	896
512	832	896	492	799	896
576	832	896	545	800	896
640	832	896	604	799	895
704	832	896	654	799	895
768	832	896	710	799	895
832	832	896	768	799	895
896	832	896	825	799	895
960	832	896	881	799	895
1023	832	896	937	799	895
0	896	896	195	861	897
64	896	896	201	861	897
128	896	896	221	861	897
192	896	896	253	861	897
256	896	896	293	861	896
320	896	896	340	860	896
384	896	896	390	860	896
448	896	896	441	860	896
512	896	896	492	861	896
576	896	896	545	861	896
640	896	896	603	860	896
704	896	896	654	861	895
768	896	896	710	861	895
832	896	896	767	861	895
896	896	896	825	861	895
960	896	896	881	861	895
1023	896	896	937	861	895
0	960	896	197	923	896
64	960	896	202	923	896
128	960	896	221	923	896
192	960	896	253	922	896
256	960	896	293	922	896
320	960	896	340	922	896
384	960	896	391	922	896
448	960	896	441	922	896
512	960	896	491	922	896
576	960	896	545	922	895
640	960	896	603	922	895
704	960	896	654	922	895
768	960	896	709	922	895
832	960	896	767	922	895
896	960	896	824	922	895
960	960	896	881	922	895
1023	960	896	937	922	895
0	1023	896	196	983	896
64	1023	896	202	983	896
128	1023	896	221	983	896
192	1023	896	253	983	896
256	1023	896	292	983	895
320	1023	896	340	983	895
384	1023	896	389	983	895
448	1023	896	440	983	895
512	1023	896	491	983	895
576	1023	896	544	983	895
640	1023	896	603	983	895
704	1023	896	653	983	895
768	1023	896	709	983	895
832	1023	896	767	983	895
896	1023	896	824	983	895
960	1023	896	881	983	895
1023	1023	896	937	983	894
0	0	960	203	0	961
64	0	960	209	0	961
128	0	960	229	0	961
192	0	960	261	0	961
256	0	960	301	0	961
320	0	960	347	0	961
384	0	960	398	0	961
448	0	960	447	0	961
512	0	960	498	0	961
576	0	960	551	0	960
640	0	960	609	23	960
704	0	960	659	32	960
768	0	960	714	44	960
832	0	960	771	44	960
896	0	960	828	53	960
960	0	960	884	60	960
1023	0	960	939	63	960
0	64	960	203	53	961
64	64	960	209	53	961
128	64	960	229	53	961
192	64	960	260	53	961
256	64	960	301	53	961
320	64	960	347	57	961
384	64	960	398	57	961
448	64	960	447	60	961
512	64	960	498	60	961
576	64	960	551	63	960
640	64	960	609	66	960
704	64	960	659	69	960
768	64	960	714	75	960
832	64	960	771	75	960
896	64	960	828	80	960
960	64	960	884	82	960
1023	64	960	939	87	960
0	128	960	203	120	961
64	128	960	209	120	961
128	128	960	229	120	961
192	128	960	260	119	961
256	128	960	300	120	961
320	128	960	347	120	961
384	128	960	398	120	961
448	128	960	447	122	961
512	128	960	498	122	961
576	128	960	551	123	960
640	128	960	609	125	960
704	128	960	659	126	960
768	128	960	714	128	960
832	128	960	771	129	960
896	128	960	827	130	960
960	128	960	884	132	960
1023	128	960	939	134	960
0	192	960	203	183	961
64	192	960	209	183	961
128	192	960	229	183	961
192	192	960	260	183	961
256	192	960	300	183	961
320	192	960	347	182	961
384	192	960	397	183	961
448	192	960	447	183	961
512	192	960	497	184	961
576	192	960	550	185	960
640	192	960	609	185	960
704	192	960	658	186	960
768	192	960	713	187	960
832	192	960	771	187	960
896	192	960	827	189	960
960	192	960	884	189	960
1023	192	960	939	190	960
0	256	960	203	246	961
64	256	960	209	246	961
128	256	960	228	245	961
192	256	960	260	245	961
256	256	960	299	245	961
320	256	960	346	245	961
384	256	960	396	245	961
448	256	960	446	245	961
512	256	960	497	245	961
576	256	960	549	246	961
640	256	960	608	245	960
704	256	960	658	246	960
768	256	960	713	247	960
832	256	960	770	247	960
896	256	960	827	248	960
960	256	960	883	248	960
1023	256	960	939	248	960
0	320	960	204	308	960
64	320	960	209	308	960
128	320	960	228	308	960
192	320	960	259	307	960
256	320	960	299	307	960
320	320	960	346	307	960
384	320	960	396	307	960
448	320	960	445	307	960
512	320	960	496	307	960
576	320	960	549	307	960
640	320	960	607	308	960
704	320	960	657	308	960
768	320	960	713	308	960
832	320	960	770	308	959
896	320	960	827	308	959
960	320	960	883	308	959
1023	320	960	939	309	959
0	384	960	205	371	960
64	384	960	210	371	960
128	384	960	229	370	960
192	384	960	260	370	960
256	384	960	300	370	960
320	384	960	346	370	960
384	384	960	396	369	960
448	384	960	445	369	960
512	384	960	496	370	960
576	384	960	549	370	960
640	384	960	607	370	960
704	384	960	657	370	960
768	384	960	713	370	960
832	384	960	770	370	960
896	384	960	827	370	959
960	384	960	883	370	959
1023	384	960	939	370	959
0	448	960	205	432	960
64	448	960	210	431	960
128	448	960	230	431	960
192	448	960	261	431	960
256	448	960	300	431	960
320	448	960	346	430	960
384	448	960	396	430	960
448	448	960	445	430	960
512	448	960	496	431	960
576	448	960	549	430	960
640	448	960	607	430	960
704	448	960	657	431	960
768	448	960	712	431	959
832	448	960	770	430	959
896	448	960	827	431	959
960	448	960	883	431	959
1023	448	960	939	430	959
0	512	960	205	491	960
64	512	960	211	491	960
128	512	960	230	491	960
192	512	960	261	491	960
256	512	960	300	490	960
320	512	960	346	490	960
384	512	960	396	490	960
448	512	960	446	489	960
512	512	960	496	489	960
576	512	960	549	489	960
640	512	960	607	489	960
704	512	960	657	489	959
768	512	960	712	489	959
832	512	960	770	489	959
896	512	960	827	490	959
960	512	960	883	490	959
1023	512	960	939	489	959
0	576	960	206	552	960
64	576	960	212	552	960
128	576	960	231	552	960
192	576	960	261	551	960
256	576	960	300	551	960
320	576	960	346	551	960
384	576	960	397	551	960
448	576	960	445	551	960
512	576	960	496	551	960
576	576	960	549	550	960
640	576	960	607	550	960
704	576	960	657	551	960
768	576	960	712	551	959
832	576	960	770	551	959
896	576	960	827	551	959
960	576	960	883	551	959
1023	576	960	939	550	959
0	640	960	206	616	960
64	640	960	212	616	960
128	640	960	231	616	960
192	640	960	262	615	960
256	640	960	301	615	960
320	640	960	347	615	960
384	640	960	397	615	960
448	640	960	446	615	960
512	640	960	496	615	960
576	640	960	549	615	960
640	640	960	607	615	960
704	640	960	657	615	960
768	640	960	712	615	960
832	640	960	770	615	959
896	640	960	827	615	959
960	640	960	883	615	959
1023	640	960	939	614	959
0	704	960	207	674	960
64	704	960	212	674	960
128	704	960	232	673	960
192	704	960	262	673	960
256	704	960	301	673	960
320	704	960	347	673	960
384	704	960	397	672	960
448	704	960	445	672	960
512	704	960	496	672	960
576	704	960	549	672	960
640	704	960	607	672	960
704	704	960	657	672	960
768	704	960	712	672	960
832	704	960	770	672	959
896	704	960	827	672	959
960	704	960	883	672	959
1023	704	960	939	672	959
0	768	960	207	735	960
64	768	960	213	735	960
128	768	960	232	735	960
192	768	960	262	735	960
256	768	960	301	734	960
320	768	960	347	734	960
384	768	960	397	734	960
448	768	960	446	734	960
512	768	960	496	734	960
576	768	960	549	734	960
640	768	960	607	734	960
704	768	960	657	734	960
768	768	960	712	734	960
832	768	960	770	734	959
896	768	960	827	734	959
960	768	960	883	734	959
1023	768	960	939	734	959
0	832	960	209	799	960
64	832	960	214	799	960
128	832	960	233	799	960
192	832	960	262	799	960
256	832	960	302	799	960
320	832	960	348	799	960
384	832	960	397	798	960
448	832	960	446	799	959
512	832	960	496	799	959
576	832	960	549	798	960
640	832	960	607	799	960
704	832	960	657	799	960
768	832	960	712	799	959
832	832	960	770	799	959
896	832	960	827	799	959
960	832	960	883	799	959
1023	832	960	939	798	959
0	896	960	208	861	960
64	896	960	213	861	960
128	896	960	232	860	960
192	896	960	262	860	960
256	896	960	301	860	960
320	896	960	347	860	960
384	896	960	396	860	960
448	896	960	445	860	960
512	896	960	495	860	960
576	896	960	548	860	959
640	896	960	607	860	960
704	896	960	656	860	959
768	896	960	712	860	960
832	896	960	770	860	959
896	896	960	826	860	959
960	896	960	883	860	959
1023	896	960	939	860	959
0	960	960	209	922	960
64	960	960	215	922	960
128	960	960	232	922	960
192	960	960	263	922	960
256	960	960	302	922	960
320	960	960	347	922	960
384	960	960	397	922	960
448	960	960	445	922	960
512	960	960	495	922	960
576	960	960	548	922	959
640	960	960	607	922	959
704	960	960	656	922	959
768	960	960	712	922	959
832	960	960	770	922	959
896	960	960	827	922	959
960	960	960	883	922	959
1023	960	960	939	922	959
0	1023	960	209	983	960
64	1023	960	214	983	960
128	1023	960	232	983	960
192	1023	960	262	983	960
256	1023	960	300	983	960
320	1023	960	346	983	960
384	1023	960	395	983	960
448	1023	960	444	983	960
512	1023	960	495	983	960
576	1023	960	548	983	959
640	1023	960	606	983	959
704	1023	960	656	983	960
768	1023	960	712	983	959
832	1023	960	769	983	959
896	1023	960	826	983	959
960	1023	960	883	983	959
1023	1023	960	939	983	959
0	0	1023	216	0	1023
64	0	1023	221	0	1023
128	0	1023	240	0	1023
192	0	1023	269	0	1023
256	0	1023	308	0	1023
320	0	1023	354	0	1023
384	0	1023	403	0	1023
448	0	1023	451	0	1023
512	0	1023	501	0	1023
576	0	1023	554	0	1023
640	0	1023	611	23	1023
704	0	1023	661	32	1023
768	0	1023	716	38	1023
832	0	1023	773	44	1023
896	0	1023	830	48	1022
960	0	1023	886	53	1023
1023	0	1023	941	60	1022
0	64	1023	216	48	1023
64	64	1023	221	48	1023
128	64	1023	240	53	1023
192	64	1023	269	53	1023
256	64	1023	308	53	1023
320	64	1023	354	53	1023
384	64	1023	403	57	1023
448	64	1023	451	57	1023
512	64	1023	501	60	1023
576	64	1023	554	60	1023
640	64	1023	611	63	1023
704	64	1023	661	66	1023
768	64	1023	716	69	1023
832	64	1023	773	72	1023
896	64	1023	830	75	1022
960	64	1023	886	80	1023
1023	64	1023	941	82	1022
0	128	1023	216	119	1023
64	128	1023	221	119	1023
128	128	1023	240	119	1023
192	128	1023	269	119	1023
256	128	1023	308	119	1023
320	128	1023	353	117	1023
384	128	1023	402	119	1023
448	128	1023	451	119	1023
512	128	1023	501	120	1023
576	128	1023	553	122	1023
640	128	1023	611	122	1023
704	128	1023	661	123	1023
768	128	1023	716	125	1023
832	128	1023	773	126	1023
896	128	1023	830	129	1022
960	128	1023	886	130	1023
1023	128	1023	941	132	1022
0	192	1023	216	181	1023
64	192	1023	222	181	1023
128	192	1023	240	180	1023
192	192	1023	269	180	1023
256	192	1023	308	181	1023
320	192	1023	353	181	1023
384	192	1023	402	181	1023
448	192	1023	451	181	1023
512	192	1023	500	181	1023
576	192	1023	553	182	1023
640	192	1023	611	183	1023
704	192	1023	660	184	1023
768	192	1023	716	185	1023
832	192	1023	773	185	1023
896	192	1023	829	186	1022
960	192	1023	886	187	1023
1023	192	1023	941	188	1022
0	256	1023	215	243	1023
64	256	1023	221	243	1023
128	256	1023	239	243	1023
192	256	1023	269	243	1023
256	256	1023	307	243	1023
320	256	1023	353	243	1023
384	256	1023	401	242	1023
448	256	1023	450	243	1023
512	256	1023	500	243	1023
576	256	1023	553	243	1023
640	256	1023	610	243	1023
704	256	1023	660	244	1023
768	256	1023	715	244	1023
832	256	1023	773	245	1023
896	256	1023	829	245	1022
960	256	1023	885	247	1023
1023	256	1023	941	247	1022
0	320	1023	216	306	1023
64	320	1023	221	306	1023
128	320	1023	239	305	1023
192	320	1023	269	305	1023
256	320	1023	307	304	1023
320	320	1023	352	304	1023
384	320	1023	401	304	1023
448	320	1023	449	304	1022
512	320	1023	499	304	1022
576	320	1023	552	305	1022
640	320	1023	610	305	1023
704	320	1023	660	305	1022
768	320	1023	715	305	1023
832	320	1023	772	305	1022
896	320	1023	829	306	1022
960	320	1023	885	306	1022
1023	320	1023	941	306	1022
0	384	1023	217	368	1023
64	384	1023	222	368	1023
128	384	1023	240	368	1023
192	384	1023	269	368	1023
256	384	1023	308	367	1023
320	384	1023	353	367	1023
384	384	1023	401	367	1023
448	384	1023	449	367	1022
512	384	1023	499	367	1022
576	384	1023	553	367	1022
640	384	1023	610	367	1022
704	384	1023	660	367	1023
768	384	1023	715	367	1023
832	384	1023	772	368	1022
896	384	1023	829	368	1022
960	384	1023	885	368	1022
1023	384	1023	941	368	1022
0	448	1023	218	429	1023
64	448	1023	223	429	1023
128	448	1023	241	429	1023
192	448	1023	270	428	1023
256	448	1023	308	428	1023
320	448	1023	353	428	1023
384	448	1023	401	428	1023
448	448	1023	449	428	1023
512	448	1023	500	428	1023
576	448	1023	553	428	1023
640	448	1023	610	428	1023
704	448	1023	660	428	1022
768	448	1023	715	428	1022
832	448	1023	773	428	1023
896	448	1023	829	428	1022
960	448	1023	885	428	1022
1023	448	1023	941	428	1022
0	512	1023	218	489	1023
64	512	1023	223	489	1023
128	512	1023	241	488	1023
192	512	1023	270	488	1023
256	512	1023	308	488	1023
320	512	1023	353	488	1023
384	512	1023	401	487	1023
448	512	1023	450	487	1023
512	512	1023	500	487	1023
576	512	1023	552	487	1023
640	512	1023	610	487	1023
704	512	1023	660	488	1023
768	512	1023	715	488	1023
832	512	1023	773	488	1023
896	512	1023	829	488	1023
960	512	1023	885	487	1022
1023	512	1023	941	487	1022
0	576	1023	219	550	1023
64	576	1023	224	550	1023
128	576	1023	242	550	1023
192	576	1023	270	549	1023
256	576	1023	308	549	1023
320	576	1023	353	549	1023
384	576	1023	402	549	1023
448	576	1023	450	549	1023
512	576	1023	500	549	1023
576	576	1023	553	549	1023
640	576	1023	610	549	1023
704	576	1023	660	549	1023
768	576	1023	715	549	1023
832	576	1023	773	549	1022
896	576	1023	829	549	1023
960	576	1023	885	549	1022
1023	576	1023	941	549	1022
0	640	1023	219	614	1023
64	640	1023	225	614	1023
128	640	1023	242	614	1023
192	640	1023	271	614	1023
256	640	1023	308	613	1023
320	640	1023	353	613	1023
384	640	1023	402	613	1023
448	640	1023	450	613	1023
512	640	1023	500	613	1023
576	640	1023	553	613	1023
640	640	1023	610	613	1023
704	640	1023	660	613	1023
768	640	1023	715	613	1022
832	640	1023	773	613	1023
896	640	1023	829	613	1023
960	640	1023	885	613	1023
1023	640	1023	941	613	1022
0	704	1023	220	672	1023
64	704	1023	225	672	1023
128	704	1023	242	671	1023
192	704	1023	271	671	1023
256	704	1023	309	671	1023
320	704	1023	353	671	1023
384	704	1023	402	671	1023
448	704	1023	450	671	1023
512	704	1023	500	671	1023
576	704	1023	553	670	1023
640	704	1023	610	670	1023
704	704	1023	659	671	1023
768	704	1023	714	670	1023
832	704	1023	772	670	1022
896	704	1023	829	670	1022
960	704	1023	885	671	1023
1023	704	1023	941	670	1023
0	768	1023	220	733	1023
64	768	1023	225	733	1023
128	768	1023	243	733	1023
192	768	1023	271	733	1023
256	768	1023	309	733	1023
320	768	1023	353	733	1023
384	768	1023	402	733	1023
448	768	1023	450	732	1023
512	768	1023	500	732	1023
576	768	1023	552	732	1023
640	768	1023	610	732	1022
704	768	1023	659	732	1022
768	768	1023	714	732	1022
832	768	1023	772	732	1022
896	768	1023	829	732	1022
960	768	1023	885	732	1022
1023	768	1023	941	732	1022
0	832	1023	221	798	1023
64	832	1023	225	798	1023
128	832	1023	243	798	1023
192	832	1023	271	797	1023
256	832	1023	309	797	1023
320	832	1023	353	797	1023
384	832	1023	402	797	1022
448	832	1023	450	797	1023
512	832	1023	500	797	1023
576	832	1023	552	797	1023
640	832	1023	610	797	1023
704	832	1023	659	797	1022
768	832	1023	714	797	1022
832	832	1023	772	797	1022
896	832	1023	829	797	1022
960	832	1023	885	797	1022
1023	832	1023	941	797	1022
0	896	1023	220	859	1023
64	896	1023	225	859	1023
128	896	1023	243	859	1023
192	896	1023	271	859	1023
256	896	1023	308	859	1022
320	896	1023	353	859	1022
384	896	1023	401	859	1023
448	896	1023	449	859	1023
512	896	1023	499	859	1022
576	896	1023	552	859	1022
640	896	1023	609	859	1022
704	896	1023	659	859	1023
768	896	1023	714	859	1022
832	896	1023	772	859	1023
896	896	1023	829	859	1022
960	896	1023	885	859	1022
1023	896	1023	941	859	1022
0	960	1023	221	921	1023
64	960	1023	226	921	1023
128	960	1023	243	921	1023
192	960	1023	272	921	1023
256	960	1023	309	921	1023
320	960	1023	353	921	1023
384	960	1023	401	921	1023
448	960	1023	449	921	1023
512	960	1023	499	921	1023
576	960	1023	552	921	1023
640	960	1023	609	921	1023
704	960	1023	659	921	1023
768	960	1023	714	921	1023
832	960	1023	772	921	1023
896	960	1023	828	921	1022
960	960	1023	885	921	1022
1023	960	1023	941	921	1022
0	1023	1023	221	982	1023
64	1023	1023	226	982	1023
128	1023	1023	243	982	1023
192	1023	1023	271	982	1023
256	1023	1023	308	982	1023
320	1023	1023	352	982	1023
384	1023	1023	400	982	1023
448	1023	1023	448	982	1023
512	1023	1023	498	982	1023
576	1023	1023	551	982	1023
640	1023	1023	608	982	1023
704	1023	1023	658	982	1023
768	1023	1023	714	982	1023
832	1023	1023	771	982	1022
896	1023	1023	828	982	1022
960	1023	1023	885	982	1022
1023	1023	1023	940	982	1022
