0	0	0	0	0	0
64	0	0	63	0	0
128	0	0	130	0	0
192	0	0	197	23	0
256	0	0	262	32	0
320	0	0	325	38	0
384	0	0	384	44	0
448	0	0	446	53	0
512	0	0	509	60	0
576	0	0	570	66	0
640	0	0	634	75	0
704	0	0	697	82	0
768	0	0	760	89	0
832	0	0	824	95	0
896	0	0	887	103	0
960	0	0	950	109	0
1023	0	0	1012	117	0
0	64	0	0	63	0
64	64	0	63	63	0
128	64	0	130	66	0
192	64	0	197	66	0
256	64	0	262	69	0
320	64	0	325	72	0
384	64	0	384	77	0
448	64	0	446	82	0
512	64	0	508	85	0
576	64	0	570	91	0
640	64	0	634	95	0
704	64	0	697	101	0
768	64	0	760	106	0
832	64	0	824	113	0
896	64	0	887	117	0
960	64	0	950	125	0
1023	64	0	1012	130	0
0	128	0	0	128	0
64	128	0	63	129	0
128	128	0	130	129	0
192	128	0	197	130	0
256	128	0	262	132	0
320	128	0	325	134	0
384	128	0	384	137	0
448	128	0	446	138	0
512	128	0	508	141	0
576	128	0	570	143	0
640	128	0	633	147	0
704	128	0	697	149	0
768	128	0	759	152	0
832	128	0	824	157	0
896	128	0	887	161	0
960	128	0	950	164	0
1023	128	0	1012	169	0
0	192	0	0	192	0
64	192	0	63	192	0
128	192	0	130	193	0
192	192	0	196	194	0
256	192	0	262	196	0
320	192	0	325	198	0
384	192	0	384	199	0
448	192	0	446	200	0
512	192	0	508	202	0
576	192	0	570	203	0
640	192	0	633	205	0
704	192	0	696	207	0
768	192	0	759	209	0
832	192	0	824	211	0
896	192	0	887	215	0
960	192	0	950	216	0
1023	192	0	1012	220	0
0	256	0	0	256	0
64	256	0	63	256	0
128	256	0	130	257	0
192	256	0	196	258	0
256	256	0	262	260	0
320	256	0	324	262	0
384	256	0	383	263	0
448	256	0	445	264	0
512	256	0	508	265	0
576	256	0	570	266	0
640	256	0	633	267	0
704	256	0	696	268	0
768	256	0	759	269	0
832	256	0	824	271	0
896	256	0	886	274	0
960	256	0	950	274	0
1023	256	0	1011	277	0
0	320	0	0	317	0
64	320	0	63	317	0
128	320	0	130	318	0
192	320	0	196	319	0
256	320	0	262	322	0
320	320	0	324	323	0
384	320	0	383	325	0
448	320	0	445	326	0
512	320	0	508	327	0
576	320	0	569	327	0
640	320	0	632	328	0
704	320	0	695	328	0
768	320	0	759	329	0
832	320	0	823	330	0
896	320	0	885	332	0
960	320	0	950	332	0
1023	320	0	1011	335	0
0	384	0	0	374	0
64	384	0	63	374	0
128	384	0	130	375	0
192	384	0	196	377	0
256	384	0	261	379	0
320	384	0	324	382	0
384	384	0	384	383	0
448	384	0	445	384	0
512	384	0	507	385	0
576	384	0	569	386	0
640	384	0	631	387	0
704	384	0	695	387	0
768	384	0	758	387	0
832	384	0	823	388	0
896	384	0	885	388	0
960	384	0	949	388	0
1023	384	0	1011	390	0
0	448	0	0	436	0
64	448	0	63	436	0
128	448	0	130	437	0
192	448	0	195	439	0
256	448	0	261	441	0
320	448	0	324	443	0
384	448	0	384	445	0
448	448	0	446	446	0
512	448	0	508	447	0
576	448	0	569	448	0
640	448	0	632	450	0
704	448	0	695	450	0
768	448	0	758	450	0
832	448	0	823	450	0
896	448	0	885	450	0
960	448	0	949	450	0
1023	448	0	1011	451	0
0	512	0	0	498	0
64	512	0	63	498	0
128	512	0	130	500	0
192	512	0	195	501	0
256	512	0	260	504	0
320	512	0	323	506	0
384	512	0	384	507	0
448	512	0	447	508	0
512	512	0	508	509	0
576	512	0	570	511	0
640	512	0	633	512	0
704	512	0	695	513	0
768	512	0	758	514	0
832	512	0	823	513	0
896	512	0	884	513	0
960	512	0	949	512	0
1023	512	0	1010	512	0
0	576	0	0	560	0
64	576	0	63	560	0
128	576	0	129	561	0
192	576	0	193	563	0
256	576	0	259	566	0
320	576	0	322	568	0
384	576	0	383	569	0
448	576	0	446	570	0
512	576	0	509	571	0
576	576	0	571	573	0
640	576	0	633	575	0
704	576	0	696	575	0
768	576	0	758	576	0
832	576	0	823	576	0
896	576	0	884	576	0
960	576	0	949	575	0
1023	576	0	1010	575	0
0	640	0	0	623	0
64	640	0	63	623	0
128	640	0	129	624	0
192	640	0	193	626	0
256	640	0	257	629	0
320	640	0	321	631	0
384	640	0	382	632	0
448	640	0	446	633	0
512	640	0	509	634	0
576	640	0	571	635	0
640	640	0	634	637	0
704	640	0	697	638	0
768	640	0	759	640	0
832	640	0	824	639	0
896	640	0	885	639	0
960	640	0	949	638	0
1023	640	0	1010	637	0
0	704	0	0	686	0
64	704	0	63	686	0
128	704	0	128	687	0
192	704	0	192	688	0
256	704	0	255	691	0
320	704	0	319	693	0
384	704	0	381	694	0
448	704	0	445	695	0
512	704	0	509	697	0
576	704	0	571	698	0
640	704	0	635	699	0
704	704	0	697	699	0
768	704	0	760	702	0
832	704	0	824	701	0
896	704	0	886	703	0
960	704	0	949	700	0
1023	704	0	1011	700	0
0	768	0	0	748	0
64	768	0	63	748	0
128	768	0	126	749	0
192	768	0	190	751	0
256	768	0	254	754	0
320	768	0	317	757	0
384	768	0	379	758	0
448	768	0	444	758	0
512	768	0	508	759	0
576	768	0	571	760	0
640	768	0	635	762	0
704	768	0	698	762	0
768	768	0	761	764	0
832	768	0	825	763	0
896	768	0	887	764	0
960	768	0	951	763	0
1023	768	0	1012	763	0
0	832	0	0	813	0
64	832	0	63	813	0
128	832	0	126	814	0
192	832	0	189	816	0
256	832	0	252	819	0
320	832	0	315	821	0
384	832	0	378	821	0
448	832	0	443	822	0
512	832	0	507	823	0
576	832	0	570	824	0
640	832	0	635	825	0
704	832	0	698	825	0
768	832	0	762	827	0
832	832	0	826	827	0
896	832	0	888	828	0
960	832	0	951	826	0
1023	832	0	1012	826	0
0	896	0	0	875	0
64	896	0	63	875	0
128	896	0	125	876	0
192	896	0	188	878	0
256	896	0	250	881	0
320	896	0	313	883	0
384	896	0	376	884	0
448	896	0	441	885	0
512	896	0	506	886	0
576	896	0	570	887	0
640	896	0	635	888	0
704	896	0	699	888	0
768	896	0	763	889	0
832	896	0	827	889	0
896	896	0	890	890	0
960	896	0	953	888	0
1023	896	0	1015	889	0
0	960	0	0	937	0
64	960	0	60	937	0
128	960	0	123	938	0
192	960	0	186	940	0
256	960	0	247	943	0
320	960	0	311	945	0
384	960	0	374	946	0
448	960	0	439	947	0
512	960	0	504	947	0
576	960	0	568	948	0
640	960	0	634	950	0
704	960	0	698	950	0
768	960	0	762	951	0
832	960	0	827	951	0
896	960	0	890	951	0
960	960	0	953	951	0
1023	960	0	1016	951	0
0	1023	0	0	1001	0
64	1023	0	60	1001	0
128	1023	0	122	1002	0
192	1023	0	184	1004	0
256	1023	0	245	1007	0
320	1023	0	308	1009	0
384	1023	0	372	1010	0
448	1023	0	437	1010	0
512	1023	0	502	1011	0
576	1023	0	567	1012	0
640	1023	0	632	1013	0
704	1023	0	697	1014	0
768	1023	0	761	1014	0
832	1023	0	827	1014	0
896	1023	0	890	1014	0
960	1023	0	953	1012	0
1023	1023	0	1015	1011	0
0	0	64	0	0	60
64	0	64	66	0	60
128	0	64	130	0	60
192	0	64	197	23	60
256	0	64	262	32	60
320	0	64	325	38	60
384	0	64	384	44	60
448	0	64	446	53	60
512	0	64	509	60	60
576	0	64	570	66	60
640	0	64	634	75	60
704	0	64	697	82	60
768	0	64	760	89	60
832	0	64	824	95	60
896	0	64	887	103	60
960	0	64	950	109	60
1023	0	64	1012	117	60
0	64	64	0	63	57
64	64	64	66	63	57
128	64	64	130	66	57
192	64	64	197	66	60
256	64	64	262	69	60
320	64	64	325	72	60
384	64	64	384	77	60
448	64	64	446	82	60
512	64	64	508	85	60
576	64	64	570	91	60
640	64	64	633	95	60
704	64	64	697	101	60
768	64	64	760	106	60
832	64	64	824	113	60
896	64	64	887	117	60
960	64	64	950	123	60
1023	64	64	1012	130	60
0	128	64	0	128	57
64	128	64	66	129	57
128	128	64	130	129	57
192	128	64	197	130	60
256	128	64	262	132	60
320	128	64	325	134	60
384	128	64	384	137	60
448	128	64	446	138	60
512	128	64	508	141	60
576	128	64	570	143	60
640	128	64	633	147	60
704	128	64	697	149	60
768	128	64	759	152	60
832	128	64	824	157	60
896	128	64	887	161	60
960	128	64	950	164	60
1023	128	64	1012	169	60
0	192	64	0	192	57
64	192	64	66	192	57
128	192	64	130	193	57
192	192	64	197	194	60
256	192	64	262	196	60
320	192	64	325	198	60
384	192	64	384	199	60
448	192	64	446	200	60
512	192	64	508	202	60
576	192	64	570	203	60
640	192	64	633	205	60
704	192	64	696	207	60
768	192	64	759	209	60
832	192	64	824	211	60
896	192	64	886	215	60
960	192	64	950	216	60
1023	192	64	1012	220	60
0	256	64	0	256	57
64	256	64	66	256	57
128	256	64	130	257	57
192	256	64	196	258	60
256	256	64	262	260	60
320	256	64	324	262	60
384	256	64	383	263	60
448	256	64	445	264	60
512	256	64	508	265	60
576	256	64	570	266	60
640	256	64	633	267	60
704	256	64	696	268	60
768	256	64	759	269	60
832	256	64	824	271	60
896	256	64	886	274	60
960	256	64	950	274	60
1023	256	64	1011	277	60
0	320	64	0	317	60
64	320	64	66	317	60
128	320	64	130	318	60
192	320	64	196	319	60
256	320	64	262	322	60
320	320	64	324	323	60
384	320	64	383	325	60
448	320	64	445	326	60
512	320	64	507	327	60
576	320	64	569	327	60
640	320	64	632	328	60
704	320	64	695	329	60
768	320	64	759	329	60
832	320	64	823	330	60
896	320	64	885	332	60
960	320	64	950	332	60
1023	320	64	1011	335	60
0	384	64	0	374	60
64	384	64	63	374	60
128	384	64	130	375	60
192	384	64	196	377	60
256	384	64	261	379	60
320	384	64	324	382	60
384	384	64	384	383	60
448	384	64	445	384	60
512	384	64	507	385	60
576	384	64	569	386	60
640	384	64	631	387	60
704	384	64	695	387	60
768	384	64	758	387	60
832	384	64	823	388	60
896	384	64	885	388	60
960	384	64	949	388	60
1023	384	64	1011	390	60
0	448	64	0	436	60
64	448	64	63	436	60
128	448	64	130	437	60
192	448	64	196	439	60
256	448	64	261	441	60
320	448	64	324	443	60
384	448	64	384	445	60
448	448	64	446	446	60
512	448	64	508	447	60
576	448	64	569	448	60
640	448	64	632	450	60
704	448	64	695	450	60
768	448	64	758	450	60
832	448	64	823	450	60
896	448	64	885	450	60
960	448	64	949	450	60
1023	448	64	1011	451	60
0	512	64	0	498	60
64	512	64	63	499	60
128	512	64	130	500	60
192	512	64	195	501	60
256	512	64	260	504	60
320	512	64	323	506	60
384	512	64	384	507	60
448	512	64	447	508	60
512	512	64	508	509	60
576	512	64	570	511	60
640	512	64	633	512	60
704	512	64	695	513	60
768	512	64	758	514	60
832	512	64	823	514	60
896	512	64	884	514	60
960	512	64	949	512	60
1023	512	64	1010	512	60
0	576	64	0	560	60
64	576	64	63	561	60
128	576	64	129	561	60
192	576	64	194	563	60
256	576	64	259	566	60
320	576	64	322	568	60
384	576	64	383	569	60
448	576	64	446	570	60
512	576	64	509	572	60
576	576	64	571	573	60
640	576	64	633	575	60
704	576	64	696	575	60
768	576	64	758	577	60
832	576	64	823	576	60
896	576	64	884	576	60
960	576	64	948	575	60
1023	576	64	1010	575	60
0	640	64	0	623	60
64	640	64	63	623	60
128	640	64	129	624	60
192	640	64	193	626	60
256	640	64	258	629	60
320	640	64	321	631	60
384	640	64	382	632	60
448	640	64	446	633	60
512	640	64	509	634	60
576	640	64	571	635	60
640	640	64	634	637	60
704	640	64	697	638	60
768	640	64	759	640	60
832	640	64	824	639	60
896	640	64	885	639	60
960	640	64	949	638	60
1023	640	64	1010	637	60
0	704	64	0	686	60
64	704	64	63	686	60
128	704	64	128	687	60
192	704	64	192	689	60
256	704	64	255	691	60
320	704	64	319	693	60
384	704	64	381	694	60
448	704	64	445	695	60
512	704	64	509	697	60
576	704	64	571	698	60
640	704	64	635	699	60
704	704	64	697	700	60
768	704	64	760	702	60
832	704	64	824	701	60
896	704	64	886	703	60
960	704	64	949	700	60
1023	704	64	1011	700	60
0	768	64	0	748	60
64	768	64	63	748	60
128	768	64	126	749	60
192	768	64	190	751	60
256	768	64	254	754	60
320	768	64	317	757	60
384	768	64	380	758	60
448	768	64	444	758	60
512	768	64	508	759	60
576	768	64	571	760	60
640	768	64	635	762	60
704	768	64	698	762	60
768	768	64	761	764	60
832	768	64	825	764	60
896	768	64	887	764	60
960	768	64	951	764	60
1023	768	64	1012	763	60
0	832	64	0	813	60
64	832	64	63	813	60
128	832	64	126	814	60
192	832	64	189	816	60
256	832	64	252	819	60
320	832	64	316	821	60
384	832	64	378	821	60
448	832	64	443	822	60
512	832	64	507	823	60
576	832	64	570	824	60
640	832	64	635	825	60
704	832	64	698	825	60
768	832	64	762	827	60
832	832	64	826	827	60
896	832	64	888	828	60
960	832	64	951	826	60
1023	832	64	1012	826	60
0	896	64	0	875	60
64	896	64	63	876	60
128	896	64	125	877	60
192	896	64	188	878	60
256	896	64	250	881	60
320	896	64	313	883	60
384	896	64	376	884	60
448	896	64	441	885	60
512	896	64	506	886	60
576	896	64	570	887	60
640	896	64	635	888	60
704	896	64	699	888	60
768	896	64	763	889	60
832	896	64	827	889	60
896	896	64	890	890	60
960	896	64	953	889	60
1023	896	64	1015	889	60
0	960	64	0	937	60
64	960	64	60	938	60
128	960	64	123	939	60
192	960	64	186	940	60
256	960	64	248	943	60
320	960	64	311	945	60
384	960	64	374	946	60
448	960	64	439	947	60
512	960	64	504	947	60
576	960	64	568	948	60
640	960	64	634	950	60
704	960	64	698	950	60
768	960	64	762	951	60
832	960	64	827	951	60
896	960	64	890	951	60
960	960	64	954	951	60
1023	960	64	1016	951	60
0	1023	64	0	1001	60
64	1023	64	60	1001	60
128	1023	64	122	1003	60
192	1023	64	184	1004	60
256	1023	64	245	1007	60
320	1023	64	308	1009	60
384	1023	64	372	1010	60
448	1023	64	437	1010	60
512	1023	64	502	1011	60
576	1023	64	567	1012	60
640	1023	64	632	1013	60
704	1023	64	697	1014	60
768	1023	64	761	1014	60
832	1023	64	827	1014	60
896	1023	64	890	1014	60
960	1023	64	953	1012	60
1023	1023	64	1015	1011	60
0	0	128	23	0	122
64	0	128	66	0	122
128	0	128	132	0	122
192	0	128	197	23	122
256	0	128	262	32	122
320	0	128	325	38	122
384	0	128	384	44	122
448	0	128	446	53	122
512	0	128	509	60	122
576	0	128	570	66	122
640	0	128	633	75	122
704	0	128	697	82	122
768	0	128	760	89	122
832	0	128	824	95	122
896	0	128	887	103	122
960	0	128	950	109	122
1023	0	128	1012	116	122
0	64	128	23	63	119
64	64	128	66	63	119
128	64	128	132	66	120
192	64	128	197	66	120
256	64	128	262	69	122
320	64	128	325	72	122
384	64	128	384	77	122
448	64	128	446	80	122
512	64	128	508	85	122
576	64	128	570	91	122
640	64	128	633	95	122
704	64	128	697	101	122
768	64	128	760	106	122
832	64	128	824	111	122
896	64	128	887	119	122
960	64	128	950	123	122
1023	64	128	1012	129	122
0	128	128	23	128	119
64	128	128	66	129	119
128	128	128	132	129	120
192	128	128	197	130	120
256	128	128	262	132	122
320	128	128	325	134	122
384	128	128	384	137	122
448	128	128	446	138	122
512	128	128	508	141	122
576	128	128	570	143	122
640	128	128	633	147	122
704	128	128	696	149	122
768	128	128	759	152	122
832	128	128	824	156	122
896	128	128	887	161	122
960	128	128	950	164	122
1023	128	128	1012	168	122
0	192	128	23	192	119
64	192	128	66	192	119
128	192	128	132	193	120
192	192	128	197	194	120
256	192	128	262	196	122
320	192	128	325	198	122
384	192	128	384	199	122
448	192	128	446	200	122
512	192	128	508	202	122
576	192	128	570	203	122
640	192	128	633	205	122
704	192	128	696	207	122
768	192	128	759	209	122
832	192	128	824	211	122
896	192	128	886	215	122
960	192	128	950	216	122
1023	192	128	1012	220	122
0	256	128	23	256	119
64	256	128	66	256	119
128	256	128	132	257	120
192	256	128	197	258	120
256	256	128	262	260	122
320	256	128	324	262	122
384	256	128	383	263	122
448	256	128	445	264	122
512	256	128	508	265	122
576	256	128	570	266	122
640	256	128	633	267	122
704	256	128	696	268	122
768	256	128	759	269	122
832	256	128	824	271	122
896	256	128	886	273	122
960	256	128	950	274	122
1023	256	128	1011	277	122
0	320	128	23	317	122
64	320	128	66	317	123
128	320	128	132	318	123
192	320	128	196	319	122
256	320	128	262	322	122
320	320	128	324	323	122
384	320	128	383	325	122
448	320	128	445	326	122
512	320	128	507	327	122
576	320	128	569	327	122
640	320	128	632	328	122
704	320	128	695	329	122
768	320	128	759	329	122
832	320	128	823	330	122
896	320	128	885	332	122
960	320	128	949	332	122
1023	320	128	1011	334	122
0	384	128	0	375	122
64	384	128	66	375	122
128	384	128	130	376	122
192	384	128	196	377	122
256	384	128	261	379	122
320	384	128	324	382	122
384	384	128	384	383	122
448	384	128	445	384	122
512	384	128	507	385	122
576	384	128	569	386	122
640	384	128	631	387	122
704	384	128	695	387	122
768	384	128	758	388	122
832	384	128	823	388	122
896	384	128	885	388	122
960	384	128	949	388	122
1023	384	128	1011	390	122
0	448	128	0	436	123
64	448	128	63	437	123
128	448	128	130	438	123
192	448	128	196	439	123
256	448	128	261	442	122
320	448	128	324	444	122
384	448	128	384	445	122
448	448	128	446	446	122
512	448	128	508	447	122
576	448	128	569	448	122
640	448	128	632	450	122
704	448	128	695	451	122
768	448	128	758	451	122
832	448	128	823	450	122
896	448	128	885	450	122
960	448	128	949	450	122
1023	448	128	1010	451	122
0	512	128	0	499	123
64	512	128	63	499	123
128	512	128	130	500	123
192	512	128	195	502	123
256	512	128	261	504	122
320	512	128	323	506	122
384	512	128	384	507	122
448	512	128	447	508	122
512	512	128	509	510	122
576	512	128	570	511	122
640	512	128	633	513	122
704	512	128	695	514	120
768	512	128	758	514	120
832	512	128	823	514	122
896	512	128	884	514	120
960	512	128	948	512	122
1023	512	128	1010	513	122
0	576	128	0	561	123
64	576	128	63	561	123
128	576	128	129	562	123
192	576	128	194	564	123
256	576	128	259	566	122
320	576	128	322	569	122
384	576	128	384	570	122
448	576	128	447	570	122
512	576	128	509	572	122
576	576	128	571	573	120
640	576	128	633	575	120
704	576	128	696	576	120
768	576	128	758	577	120
832	576	128	823	577	120
896	576	128	884	577	120
960	576	128	948	575	120
1023	576	128	1010	575	120
0	640	128	0	623	122
64	640	128	63	624	122
128	640	128	129	625	122
192	640	128	193	626	122
256	640	128	258	629	122
320	640	128	321	631	122
384	640	128	383	633	122
448	640	128	446	633	122
512	640	128	509	634	122
576	640	128	571	636	120
640	640	128	634	637	120
704	640	128	697	638	120
768	640	128	759	640	120
832	640	128	824	640	120
896	640	128	885	640	120
960	640	128	949	639	120
1023	640	128	1010	638	120
0	704	128	0	686	122
64	704	128	63	687	122
128	704	128	128	687	122
192	704	128	192	689	122
256	704	128	256	691	122
320	704	128	319	693	122
384	704	128	381	695	122
448	704	128	445	696	122
512	704	128	509	697	122
576	704	128	572	698	120
640	704	128	635	700	120
704	704	128	697	700	120
768	704	128	760	702	120
832	704	128	824	702	120
896	704	128	886	703	120
960	704	128	949	701	120
1023	704	128	1011	701	120
0	768	128	0	749	122
64	768	128	63	749	122
128	768	128	126	750	122
192	768	128	191	752	122
256	768	128	255	755	122
320	768	128	318	757	122
384	768	128	380	758	122
448	768	128	444	759	122
512	768	128	508	760	122
576	768	128	572	761	120
640	768	128	635	762	120
704	768	128	699	763	120
768	768	128	762	764	120
832	768	128	826	764	120
896	768	128	887	764	120
960	768	128	951	764	120
1023	768	128	1012	763	120
0	832	128	0	814	122
64	832	128	63	814	122
128	832	128	126	815	122
192	832	128	189	817	122
256	832	128	253	819	122
320	832	128	316	821	122
384	832	128	378	822	122
448	832	128	443	823	122
512	832	128	507	824	122
576	832	128	571	825	122
640	832	128	635	826	122
704	832	128	698	826	120
768	832	128	762	827	120
832	832	128	826	827	120
896	832	128	888	828	120
960	832	128	951	827	120
1023	832	128	1012	827	120
0	896	128	0	876	120
64	896	128	63	876	120
128	896	128	125	877	120
192	896	128	188	879	122
256	896	128	250	881	122
320	896	128	314	883	122
384	896	128	376	884	122
448	896	128	442	885	122
512	896	128	506	886	122
576	896	128	570	887	122
640	896	128	635	889	122
704	896	128	699	888	122
768	896	128	763	890	120
832	896	128	827	889	120
896	896	128	890	890	120
960	896	128	953	889	120
1023	896	128	1015	890	120
0	960	128	0	938	120
64	960	128	60	938	120
128	960	128	123	939	120
192	960	128	186	941	120
256	960	128	248	944	122
320	960	128	311	946	122
384	960	128	375	947	122
448	960	128	440	947	122
512	960	128	504	948	122
576	960	128	569	949	122
640	960	128	634	950	122
704	960	128	698	950	120
768	960	128	762	952	120
832	960	128	828	951	120
896	960	128	890	951	120
960	960	128	954	951	120
1023	960	128	1016	952	120
0	1023	128	0	1002	120
64	1023	128	60	1002	120
128	1023	128	122	1003	120
192	1023	128	184	1005	120
256	1023	128	245	1007	120
320	1023	128	308	1009	122
384	1023	128	372	1010	122
448	1023	128	438	1011	122
512	1023	128	503	1011	122
576	1023	128	567	1012	122
640	1023	128	633	1013	122
704	1023	128	697	1014	120
768	1023	128	761	1014	120
832	1023	128	827	1014	120
896	1023	128	890	1014	120
960	1023	128	953	1013	120
1023	1023	128	1015	1012	120
0	0	192	32	0	183
64	0	192	72	0	183
128	0	192	133	0	183
192	0	192	198	23	183
256	0	192	263	32	183
320	0	192	325	38	183
384	0	192	385	44	183
448	0	192	447	53	183
512	0	192	509	60	183
576	0	192	570	66	183
640	0	192	633	75	183
704	0	192	697	82	183
768	0	192	760	89	183
832	0	192	824	95	183
896	0	192	886	104	182
960	0	192	950	108	183
1023	0	192	1012	116	183
0	64	192	32	63	180
64	64	192	72	63	180
128	64	192	133	66	180
192	64	192	198	66	181
256	64	192	263	69	182
320	64	192	325	72	183
384	64	192	385	77	183
448	64	192	447	80	183
512	64	192	508	85	183
576	64	192	570	91	182
640	64	192	633	95	183
704	64	192	697	101	183
768	64	192	759	106	183
832	64	192	824	111	183
896	64	192	886	119	182
960	64	192	950	123	183
1023	64	192	1012	129	183
0	128	192	32	128	180
64	128	192	72	129	180
128	128	192	133	129	180
192	128	192	198	130	181
256	128	192	262	132	182
320	128	192	325	134	183
384	128	192	384	137	183
448	128	192	446	138	183
512	128	192	508	141	183
576	128	192	570	143	182
640	128	192	633	147	183
704	128	192	696	150	183
768	128	192	759	152	183
832	128	192	824	156	183
896	128	192	886	161	182
960	128	192	950	163	183
1023	128	192	1012	168	183
0	192	192	32	192	180
64	192	192	72	192	180
128	192	192	133	193	180
192	192	192	198	194	181
256	192	192	262	196	182
320	192	192	325	198	183
384	192	192	384	199	183
448	192	192	446	200	183
512	192	192	508	202	183
576	192	192	570	203	182
640	192	192	633	205	183
704	192	192	696	207	183
768	192	192	759	209	183
832	192	192	824	211	183
896	192	192	886	215	182
960	192	192	950	216	183
1023	192	192	1012	219	183
0	256	192	32	256	180
64	256	192	69	256	180
128	256	192	133	257	180
192	256	192	197	258	181
256	256	192	262	260	182
320	256	192	324	262	183
384	256	192	383	263	183
448	256	192	445	264	183
512	256	192	508	265	183
576	256	192	569	266	182
640	256	192	632	267	183
704	256	192	696	268	183
768	256	192	759	269	183
832	256	192	824	271	183
896	256	192	886	273	182
960	256	192	950	274	183
1023	256	192	1011	277	183
0	320	192	23	317	182
64	320	192	69	317	183
128	320	192	132	318	183
192	320	192	197	320	183
256	320	192	261	322	183
320	320	192	324	324	183
384	320	192	383	325	183
448	320	192	445	326	183
512	320	192	507	327	182
576	320	192	569	327	182
640	320	192	632	328	182
704	320	192	695	329	182
768	320	192	759	329	182
832	320	192	823	330	182
896	320	192	885	331	182
960	320	192	949	332	182
1023	320	192	1011	334	182
0	384	192	0	375	182
64	384	192	66	375	182
128	384	192	130	376	182
192	384	192	196	378	182
256	384	192	262	380	181
320	384	192	324	382	183
384	384	192	384	384	183
448	384	192	446	385	183
512	384	192	507	386	182
576	384	192	568	386	182
640	384	192	631	387	182
704	384	192	695	388	182
768	384	192	758	388	182
832	384	192	823	388	182
896	384	192	885	388	182
960	384	192	949	389	182
1023	384	192	1011	390	182
0	448	192	0	437	184
64	448	192	63	437	184
128	448	192	130	438	184
192	448	192	196	440	184
256	448	192	261	442	184
320	448	192	324	444	183
384	448	192	384	446	182
448	448	192	446	447	182
512	448	192	508	448	182
576	448	192	569	449	182
640	448	192	632	450	182
704	448	192	695	451	182
768	448	192	758	451	182
832	448	192	823	451	182
896	448	192	885	451	182
960	448	192	949	450	182
1023	448	192	1010	451	182
0	512	192	0	500	184
64	512	192	63	500	184
128	512	192	130	501	184
192	512	192	196	502	184
256	512	192	261	505	184
320	512	192	324	507	183
384	512	192	384	508	182
448	512	192	447	509	182
512	512	192	509	510	182
576	512	192	570	511	182
640	512	192	633	513	182
704	512	192	695	514	181
768	512	192	758	514	181
832	512	192	823	514	181
896	512	192	884	514	181
960	512	192	948	513	182
1023	512	192	1010	513	182
0	576	192	0	562	184
64	576	192	63	562	184
128	576	192	129	563	184
192	576	192	194	564	184
256	576	192	259	567	184
320	576	192	323	569	183
384	576	192	384	570	183
448	576	192	447	571	182
512	576	192	509	572	182
576	576	192	571	574	181
640	576	192	634	575	181
704	576	192	696	576	181
768	576	192	758	578	181
832	576	192	823	577	181
896	576	192	884	577	181
960	576	192	948	576	181
1023	576	192	1010	576	181
0	640	192	0	624	184
64	640	192	63	625	183
128	640	192	129	626	184
192	640	192	193	627	184
256	640	192	258	630	184
320	640	192	322	632	183
384	640	192	384	633	183
448	640	192	447	634	182
512	640	192	510	635	182
576	640	192	572	636	181
640	640	192	635	638	181
704	640	192	697	639	181
768	640	192	759	640	181
832	640	192	824	640	181
896	640	192	885	640	181
960	640	192	948	639	181
1023	640	192	1010	639	181
0	704	192	0	687	183
64	704	192	63	687	183
128	704	192	128	688	183
192	704	192	193	689	183
256	704	192	256	692	183
320	704	192	320	694	183
384	704	192	382	695	183
448	704	192	446	696	182
512	704	192	509	697	182
576	704	192	572	699	181
640	704	192	635	700	181
704	704	192	697	700	181
768	704	192	760	702	181
832	704	192	824	702	181
896	704	192	886	703	180
960	704	192	949	702	181
1023	704	192	1011	702	181
0	768	192	0	750	183
64	768	192	63	750	183
128	768	192	128	751	183
192	768	192	191	753	183
256	768	192	255	755	183
320	768	192	319	758	183
384	768	192	381	758	183
448	768	192	445	759	182
512	768	192	509	760	182
576	768	192	572	761	181
640	768	192	636	763	181
704	768	192	699	763	181
768	768	192	762	765	181
832	768	192	826	765	180
896	768	192	887	765	180
960	768	192	950	765	180
1023	768	192	1012	764	180
0	832	192	0	815	182
64	832	192	63	815	182
128	832	192	126	816	182
192	832	192	190	817	182
256	832	192	253	820	183
320	832	192	317	821	183
384	832	192	379	822	182
448	832	192	443	823	182
512	832	192	508	824	182
576	832	192	571	825	181
640	832	192	636	826	181
704	832	192	699	826	181
768	832	192	762	828	181
832	832	192	827	828	181
896	832	192	889	829	180
960	832	192	951	827	180
1023	832	192	1012	828	180
0	896	192	0	877	181
64	896	192	63	877	181
128	896	192	125	878	181
192	896	192	188	879	181
256	896	192	251	882	182
320	896	192	315	884	182
384	896	192	377	885	183
448	896	192	442	886	183
512	896	192	507	887	182
576	896	192	571	888	182
640	896	192	636	889	182
704	896	192	699	889	181
768	896	192	763	890	181
832	896	192	828	890	181
896	896	192	890	891	180
960	896	192	954	890	180
1023	896	192	1015	890	180
0	960	192	0	939	181
64	960	192	60	939	181
128	960	192	125	940	181
192	960	192	187	942	181
256	960	192	249	944	182
320	960	192	312	946	182
384	960	192	375	947	182
448	960	192	440	948	182
512	960	192	505	948	182
576	960	192	569	949	182
640	960	192	634	950	181
704	960	192	699	951	181
768	960	192	763	952	181
832	960	192	828	952	181
896	960	192	890	952	180
960	960	192	954	952	180
1023	960	192	1016	952	180
0	1023	192	0	1003	180
64	1023	192	60	1003	180
128	1023	192	123	1004	180
192	1023	192	185	1006	181
256	1023	192	246	1008	181
320	1023	192	309	1010	182
384	1023	192	373	1010	182
448	1023	192	438	1011	182
512	1023	192	503	1012	182
576	1023	192	568	1013	182
640	1023	192	633	1014	182
704	1023	192	698	1014	181
768	1023	192	762	1015	181
832	1023	192	827	1014	180
896	1023	192	890	1015	180
960	1023	192	953	1014	180
1023	1023	192	1016	1013	180
0	0	256	44	0	244
64	0	256	77	0	243
128	0	256	136	0	243
192	0	256	199	23	243
256	0	256	263	23	243
320	0	256	326	38	243
384	0	256	385	44	243
448	0	256	447	48	244
512	0	256	509	60	243
576	0	256	570	66	243
640	0	256	633	75	243
704	0	256	696	85	243
768	0	256	759	87	243
832	0	256	824	95	243
896	0	256	886	104	243
960	0	256	950	108	243
1023	0	256	1012	114	243
0	64	256	44	63	242
64	64	256	77	63	242
128	64	256	136	63	242
192	64	256	199	66	242
256	64	256	263	69	243
320	64	256	326	72	243
384	64	256	385	75	243
448	64	256	447	80	243
512	64	256	508	85	243
576	64	256	570	89	243
640	64	256	633	95	243
704	64	256	696	103	243
768	64	256	759	106	243
832	64	256	824	111	243
896	64	256	886	119	243
960	64	256	950	122	243
1023	64	256	1012	128	243
0	128	256	44	129	242
64	128	256	75	129	242
128	128	256	136	129	242
192	128	256	198	130	242
256	128	256	263	132	243
320	128	256	325	134	243
384	128	256	385	136	243
448	128	256	447	138	243
512	128	256	508	141	243
576	128	256	570	143	243
640	128	256	633	147	243
704	128	256	696	150	243
768	128	256	759	152	243
832	128	256	824	156	243
896	128	256	886	161	243
960	128	256	950	163	243
1023	128	256	1012	167	243
0	192	256	44	192	242
64	192	256	75	192	242
128	192	256	136	193	242
192	192	256	198	194	242
256	192	256	262	196	243
320	192	256	325	198	243
384	192	256	384	199	243
448	192	256	446	200	243
512	192	256	508	201	243
576	192	256	570	202	243
640	192	256	633	205	243
704	192	256	696	207	243
768	192	256	759	209	243
832	192	256	824	211	243
896	192	256	886	214	243
960	192	256	950	215	243
1023	192	256	1012	219	243
0	256	256	44	256	242
64	256	256	75	256	242
128	256	256	134	257	242
192	256	256	198	258	243
256	256	256	262	260	243
320	256	256	324	262	243
384	256	256	383	263	243
448	256	256	445	264	243
512	256	256	508	265	243
576	256	256	569	265	243
640	256	256	632	267	243
704	256	256	696	268	243
768	256	256	759	269	243
832	256	256	824	271	243
896	256	256	885	273	243
960	256	256	950	274	243
1023	256	256	1011	276	243
0	320	256	38	317	240
64	320	256	72	318	243
128	320	256	133	318	243
192	320	256	197	320	243
256	320	256	261	322	243
320	320	256	323	324	243
384	320	256	383	325	243
448	320	256	445	326	243
512	320	256	507	327	243
576	320	256	569	327	243
640	320	256	632	328	243
704	320	256	695	329	243
768	320	256	758	329	243
832	320	256	823	330	243
896	320	256	885	331	243
960	320	256	949	332	243
1023	320	256	1011	334	243
0	384	256	23	376	240
64	384	256	66	376	240
128	384	256	132	377	240
192	384	256	196	378	240
256	384	256	262	381	240
320	384	256	324	383	243
384	384	256	384	384	243
448	384	256	446	385	243
512	384	256	507	386	243
576	384	256	568	387	243
640	384	256	632	388	243
704	384	256	695	388	243
768	384	256	758	388	243
832	384	256	823	388	243
896	384	256	885	388	243
960	384	256	949	389	243
1023	384	256	1011	390	243
0	448	256	0	438	245
64	448	256	63	438	245
128	448	256	130	439	245
192	448	256	196	441	245
256	448	256	262	443	244
320	448	256	325	445	243
384	448	256	384	446	243
448	448	256	447	447	243
512	448	256	508	448	243
576	448	256	569	450	242
640	448	256	632	451	242
704	448	256	695	451	242
768	448	256	757	451	242
832	448	256	823	451	242
896	448	256	884	451	242
960	448	256	948	451	243
1023	448	256	1010	451	242
0	512	256	0	501	245
64	512	256	63	501	245
128	512	256	130	502	245
192	512	256	196	504	245
256	512	256	262	506	244
320	512	256	325	508	243
384	512	256	385	508	243
448	512	256	447	510	243
512	512	256	509	511	242
576	512	256	570	512	242
640	512	256	633	514	242
704	512	256	695	515	242
768	512	256	757	515	242
832	512	256	823	515	242
896	512	256	884	515	242
960	512	256	948	513	242
1023	512	256	1010	513	242
0	576	256	0	563	245
64	576	256	63	563	245
128	576	256	130	564	245
192	576	256	195	566	245
256	576	256	261	568	245
320	576	256	324	570	243
384	576	256	385	571	243
448	576	256	448	572	243
512	576	256	510	573	242
576	576	256	571	575	242
640	576	256	634	576	242
704	576	256	696	577	242
768	576	256	758	578	242
832	576	256	822	578	242
896	576	256	884	578	242
960	576	256	948	577	242
1023	576	256	1010	576	242
0	640	256	0	626	245
64	640	256	63	626	245
128	640	256	129	627	245
192	640	256	194	628	245
256	640	256	259	630	245
320	640	256	323	633	244
384	640	256	384	633	243
448	640	256	447	634	243
512	640	256	510	635	242
576	640	256	572	637	242
640	640	256	635	639	242
704	640	256	697	640	242
768	640	256	759	641	241
832	640	256	824	641	241
896	640	256	885	641	241
960	640	256	948	640	241
1023	640	256	1010	640	241
0	704	256	0	688	244
64	704	256	63	688	244
128	704	256	129	689	244
192	704	256	193	691	244
256	704	256	258	693	244
320	704	256	321	695	244
384	704	256	383	696	243
448	704	256	447	697	242
512	704	256	510	698	242
576	704	256	573	699	242
640	704	256	636	701	242
704	704	256	698	701	241
768	704	256	761	703	241
832	704	256	824	704	241
896	704	256	886	704	241
960	704	256	949	703	241
1023	704	256	1011	703	241
0	768	256	0	751	243
64	768	256	63	752	243
128	768	256	128	753	243
192	768	256	192	754	244
256	768	256	256	756	244
320	768	256	320	758	243
384	768	256	382	759	243
448	768	256	446	760	243
512	768	256	510	761	242
576	768	256	573	762	242
640	768	256	637	764	242
704	768	256	700	764	241
768	768	256	762	766	241
832	768	256	826	766	241
896	768	256	887	767	240
960	768	256	950	766	240
1023	768	256	1012	766	240
0	832	256	0	816	242
64	832	256	63	816	243
128	832	256	126	817	243
192	832	256	191	818	243
256	832	256	254	820	243
320	832	256	317	822	243
384	832	256	380	823	243
448	832	256	444	824	243
512	832	256	509	825	242
576	832	256	572	826	242
640	832	256	637	827	242
704	832	256	699	827	241
768	832	256	763	829	241
832	832	256	827	829	241
896	832	256	889	830	240
960	832	256	952	829	240
1023	832	256	1013	829	240
0	896	256	0	878	242
64	896	256	63	878	242
128	896	256	126	879	242
192	896	256	189	881	242
256	896	256	252	883	242
320	896	256	316	885	243
384	896	256	378	886	243
448	896	256	443	886	243
512	896	256	508	887	243
576	896	256	572	888	242
640	896	256	637	890	242
704	896	256	700	890	242
768	896	256	764	891	241
832	896	256	828	891	241
896	896	256	890	892	240
960	896	256	954	891	240
1023	896	256	1015	892	240
0	960	256	0	940	242
64	960	256	63	941	242
128	960	256	125	941	242
192	960	256	188	943	242
256	960	256	250	945	242
320	960	256	313	947	243
384	960	256	376	948	243
448	960	256	441	948	243
512	960	256	506	949	243
576	960	256	570	950	242
640	960	256	635	951	242
704	960	256	700	952	242
768	960	256	763	953	241
832	960	256	829	953	241
896	960	256	891	953	240
960	960	256	954	953	240
1023	960	256	1016	953	240
0	1023	256	0	1004	240
64	1023	256	60	1005	240
128	1023	256	123	1005	240
192	1023	256	186	1007	241
256	1023	256	247	1009	241
320	1023	256	310	1011	242
384	1023	256	374	1011	242
448	1023	256	439	1012	243
512	1023	256	504	1012	243
576	1023	256	568	1013	242
640	1023	256	634	1015	242
704	1023	256	698	1015	242
768	1023	256	762	1016	241
832	1023	256	828	1015	240
896	1023	256	891	1016	240
960	1023	256	954	1015	240
1023	1023	256	1016	1014	240
0	0	320	57	0	306
64	0	320	82	0	306
128	0	320	139	0	306
192	0	320	201	23	306
256	0	320	265	23	305
320	0	320	327	32	305
384	0	320	385	44	305
448	0	320	447	48	306
512	0	320	509	57	305
576	0	320	570	66	305
640	0	320	633	75	305
704	0	320	696	85	305
768	0	320	760	87	305
832	0	320	824	95	305
896	0	320	885	104	304
960	0	320	950	106	305
1023	0	320	1012	113	305
0	64	320	57	63	300
64	64	320	82	63	300
128	64	320	139	63	300
192	64	320	201	66	302
256	64	320	265	69	304
320	64	320	327	72	305
384	64	320	385	75	305
448	64	320	447	80	305
512	64	320	509	85	305
576	64	320	570	89	304
640	64	320	633	95	305
704	64	320	696	103	305
768	64	320	760	104	305
832	64	320	824	111	305
896	64	320	885	120	304
960	64	320	950	120	305
1023	64	320	1012	126	305
0	128	320	57	129	300
64	128	320	82	129	300
128	128	320	138	129	300
192	128	320	201	130	302
256	128	320	264	132	304
320	128	320	326	133	305
384	128	320	385	136	305
448	128	320	447	137	305
512	128	320	509	139	305
576	128	320	570	143	304
640	128	320	633	147	305
704	128	320	696	150	305
768	128	320	759	151	305
832	128	320	824	156	305
896	128	320	885	161	304
960	128	320	950	162	305
1023	128	320	1012	166	305
0	192	320	57	192	300
64	192	320	82	193	300
128	192	320	138	193	300
192	192	320	200	193	302
256	192	320	263	195	304
320	192	320	325	197	305
384	192	320	384	198	305
448	192	320	447	200	305
512	192	320	508	201	305
576	192	320	569	202	304
640	192	320	633	205	305
704	192	320	696	207	305
768	192	320	759	208	305
832	192	320	824	211	305
896	192	320	885	214	304
960	192	320	950	215	305
1023	192	320	1012	218	305
0	256	320	53	256	300
64	256	320	80	256	300
128	256	320	137	257	300
192	256	320	199	258	302
256	256	320	262	260	304
320	256	320	324	262	305
384	256	320	384	263	305
448	256	320	446	263	305
512	256	320	508	264	305
576	256	320	569	265	304
640	256	320	633	267	305
704	256	320	696	268	305
768	256	320	759	269	305
832	256	320	824	270	305
896	256	320	885	272	304
960	256	320	950	274	305
1023	256	320	1011	276	305
0	320	320	48	318	306
64	320	320	77	318	307
128	320	320	136	319	307
192	320	320	198	320	306
256	320	320	262	322	305
320	320	320	324	324	305
384	320	320	383	325	305
448	320	320	445	326	305
512	320	320	507	326	304
576	320	320	569	327	304
640	320	320	632	328	304
704	320	320	695	329	304
768	320	320	759	329	304
832	320	320	823	330	304
896	320	320	885	331	304
960	320	320	949	332	304
1023	320	320	1011	334	304
0	384	320	23	377	306
64	384	320	69	377	306
128	384	320	132	378	306
192	384	320	197	379	306
256	384	320	262	381	305
320	384	320	324	383	305
384	384	320	384	385	305
448	384	320	446	385	305
512	384	320	507	386	304
576	384	320	568	387	304
640	384	320	632	388	304
704	384	320	695	388	304
768	384	320	758	388	304
832	384	320	823	388	304
896	384	320	885	389	304
960	384	320	949	389	304
1023	384	320	1011	390	304
0	448	320	0	439	308
64	448	320	66	439	308
128	448	320	130	440	307
192	448	320	197	442	307
256	448	320	262	444	306
320	448	320	325	445	305
384	448	320	385	446	304
448	448	320	447	448	304
512	448	320	508	449	304
576	448	320	569	450	304
640	448	320	632	451	304
704	448	320	695	452	304
768	448	320	757	452	304
832	448	320	823	451	304
896	448	320	884	451	304
960	448	320	948	451	304
1023	448	320	1010	451	304
0	512	320	0	502	307
64	512	320	66	502	307
128	512	320	130	503	307
192	512	320	197	504	307
256	512	320	262	506	306
320	512	320	325	508	306
384	512	320	385	509	305
448	512	320	448	510	304
512	512	320	510	512	304
576	512	320	570	513	303
640	512	320	633	515	304
704	512	320	695	515	303
768	512	320	757	516	303
832	512	320	822	515	303
896	512	320	884	515	303
960	512	320	948	514	303
1023	512	320	1010	513	303
0	576	320	0	564	307
64	576	320	63	565	307
128	576	320	130	565	307
192	576	320	196	567	307
256	576	320	262	569	307
320	576	320	325	570	306
384	576	320	386	571	305
448	576	320	448	572	304
512	576	320	510	574	303
576	576	320	572	575	303
640	576	320	634	577	303
704	576	320	696	578	303
768	576	320	758	579	303
832	576	320	822	579	303
896	576	320	884	579	302
960	576	320	948	578	303
1023	576	320	1010	577	303
0	640	320	0	627	306
64	640	320	63	627	306
128	640	320	130	628	306
192	640	320	195	629	306
256	640	320	261	631	306
320	640	320	324	633	306
384	640	320	385	634	305
448	640	320	448	635	304
512	640	320	511	636	304
576	640	320	573	637	303
640	640	320	636	639	303
704	640	320	697	640	303
768	640	320	759	642	302
832	640	320	824	642	302
896	640	320	885	642	302
960	640	320	948	641	302
1023	640	320	1010	641	302
0	704	320	0	689	306
64	704	320	63	689	306
128	704	320	129	690	306
192	704	320	194	691	306
256	704	320	259	694	306
320	704	320	322	695	306
384	704	320	384	697	305
448	704	320	447	697	304
512	704	320	511	699	304
576	704	320	574	700	303
640	704	320	636	701	303
704	704	320	699	702	303
768	704	320	761	704	302
832	704	320	825	704	302
896	704	320	885	705	302
960	704	320	950	705	302
1023	704	320	1011	705	302
0	768	320	0	753	305
64	768	320	63	753	305
128	768	320	129	754	306
192	768	320	193	755	306
256	768	320	258	757	306
320	768	320	321	759	306
384	768	320	383	760	306
448	768	320	447	761	305
512	768	320	511	762	304
576	768	320	574	763	303
640	768	320	638	764	303
704	768	320	700	765	303
768	768	320	763	767	302
832	768	320	827	767	302
896	768	320	888	768	301
960	768	320	950	767	302
1023	768	320	1012	767	302
0	832	320	0	818	304
64	832	320	63	818	304
128	832	320	128	818	304
192	832	320	192	819	305
256	832	320	255	821	305
320	832	320	319	822	305
384	832	320	381	824	305
448	832	320	445	825	305
512	832	320	510	826	304
576	832	320	573	827	304
640	832	320	638	828	304
704	832	320	700	828	303
768	832	320	764	830	302
832	832	320	828	830	302
896	832	320	889	831	302
960	832	320	952	830	302
1023	832	320	1013	831	302
0	896	320	0	879	303
64	896	320	63	880	303
128	896	320	126	880	303
192	896	320	190	882	304
256	896	320	254	884	304
320	896	320	317	885	305
384	896	320	380	886	305
448	896	320	444	887	305
512	896	320	509	888	305
576	896	320	573	889	304
640	896	320	637	890	304
704	896	320	701	891	304
768	896	320	765	892	303
832	896	320	829	892	303
896	896	320	891	893	302
960	896	320	954	892	302
1023	896	320	1016	893	302
0	960	320	0	942	302
64	960	320	63	942	303
128	960	320	125	943	303
192	960	320	188	944	303
256	960	320	252	946	304
320	960	320	315	947	305
384	960	320	378	948	304
448	960	320	442	949	305
512	960	320	507	950	304
576	960	320	571	950	304
640	960	320	636	952	304
704	960	320	700	953	303
768	960	320	764	953	303
832	960	320	829	954	302
896	960	320	891	954	302
960	960	320	954	953	302
1023	960	320	1016	954	301
0	1023	320	0	1006	302
64	1023	320	60	1006	302
128	1023	320	125	1007	302
192	1023	320	187	1008	303
256	1023	320	249	1010	303
320	1023	320	312	1011	304
384	1023	320	375	1011	304
448	1023	320	440	1012	305
512	1023	320	505	1013	304
576	1023	320	569	1014	304
640	1023	320	635	1015	304
704	1023	320	699	1015	303
768	1023	320	763	1016	303
832	1023	320	828	1016	302
896	1023	320	891	1017	302
960	1023	320	954	1016	302
1023	1023	320	1017	1015	302
0	0	384	66	0	367
64	0	384	91	0	366
128	0	384	143	0	366
192	0	384	204	23	366
256	0	384	267	23	366
320	0	384	328	32	366
384	0	384	386	38	366
448	0	384	448	48	366
512	0	384	510	57	366
576	0	384	571	63	366
640	0	384	634	72	366
704	0	384	697	85	366
768	0	384	760	87	366
832	0	384	825	95	366
896	0	384	885	104	365
960	0	384	950	108	366
1023	0	384	1012	113	366
0	64	384	66	63	366
64	64	384	89	63	365
128	64	384	143	63	365
192	64	384	204	66	365
256	64	384	267	66	366
320	64	384	328	69	366
384	64	384	386	75	366
448	64	384	448	77	366
512	64	384	509	82	366
576	64	384	571	89	366
640	64	384	634	93	366
704	64	384	697	103	366
768	64	384	760	104	366
832	64	384	825	111	366
896	64	384	885	120	366
960	64	384	950	122	366
1023	64	384	1012	128	366
0	128	384	66	128	366
64	128	384	89	129	365
128	128	384	143	129	365
192	128	384	203	129	366
256	128	384	266	130	366
320	128	384	328	133	366
384	128	384	386	134	366
448	128	384	448	137	366
512	128	384	509	139	366
576	128	384	571	142	366
640	128	384	634	145	366
704	128	384	697	150	366
768	128	384	760	151	366
832	128	384	825	156	366
896	128	384	885	161	366
960	128	384	950	163	366
1023	128	384	1012	167	366
0	192	384	66	192	366
64	192	384	89	192	365
128	192	384	142	193	365
192	192	384	203	193	366
256	192	384	266	194	366
320	192	384	327	196	366
384	192	384	386	198	366
448	192	384	447	198	366
512	192	384	509	200	366
576	192	384	570	202	366
640	192	384	634	204	366
704	192	384	696	207	366
768	192	384	760	208	366
832	192	384	824	210	366
896	192	384	885	214	366
960	192	384	950	215	366
1023	192	384	1011	218	366
0	256	384	66	256	366
64	256	384	89	256	365
128	256	384	142	256	366
192	256	384	202	258	366
256	256	384	265	259	366
320	256	384	326	261	366
384	256	384	385	262	366
448	256	384	447	262	366
512	256	384	508	263	366
576	256	384	570	265	366
640	256	384	633	266	366
704	256	384	696	268	366
768	256	384	760	269	366
832	256	384	824	270	366
896	256	384	885	272	366
960	256	384	950	274	366
1023	256	384	1011	276	366
0	320	384	57	318	364
64	320	384	85	318	366
128	320	384	139	318	366
192	320	384	201	320	366
256	320	384	264	321	366
320	320	384	325	322	366
384	320	384	384	324	366
448	320	384	446	325	366
512	320	384	508	326	366
576	320	384	569	327	365
640	320	384	633	327	366
704	320	384	696	329	366
768	320	384	759	329	366
832	320	384	824	330	366
896	320	384	885	331	366
960	320	384	950	331	366
1023	320	384	1011	334	366
0	384	384	32	377	364
64	384	384	69	377	365
128	384	384	133	378	365
192	384	384	198	379	364
256	384	384	263	381	364
320	384	384	325	382	366
384	384	384	384	384	366
448	384	384	446	385	366
512	384	384	508	386	366
576	384	384	569	386	365
640	384	384	632	388	366
704	384	384	695	388	366
768	384	384	758	388	366
832	384	384	823	388	366
896	384	384	885	389	366
960	384	384	949	388	366
1023	384	384	1011	389	366
0	448	384	0	440	369
64	448	384	66	440	368
128	448	384	132	441	368
192	448	384	197	442	368
256	448	384	262	444	368
320	448	384	325	445	366
384	448	384	385	446	366
448	448	384	447	447	366
512	448	384	509	449	366
576	448	384	570	450	365
640	448	384	633	451	365
704	448	384	695	451	365
768	448	384	758	451	365
832	448	384	823	451	365
896	448	384	885	451	365
960	448	384	949	450	366
1023	448	384	1010	451	365
0	512	384	0	503	370
64	512	384	66	503	369
128	512	384	130	504	369
192	512	384	197	505	369
256	512	384	262	506	368
320	512	384	326	508	367
384	512	384	386	509	366
448	512	384	448	510	366
512	512	384	510	512	366
576	512	384	571	513	365
640	512	384	634	515	365
704	512	384	695	515	365
768	512	384	758	516	365
832	512	384	823	515	365
896	512	384	885	516	365
960	512	384	948	513	365
1023	512	384	1010	514	365
0	576	384	0	565	370
64	576	384	63	565	369
128	576	384	130	566	369
192	576	384	196	567	369
256	576	384	262	569	368
320	576	384	325	570	367
384	576	384	386	571	366
448	576	384	449	573	366
512	576	384	511	574	365
576	576	384	572	575	365
640	576	384	635	577	365
704	576	384	696	578	365
768	576	384	759	579	365
832	576	384	823	579	365
896	576	384	884	579	365
960	576	384	948	578	365
1023	576	384	1010	577	365
0	640	384	0	628	369
64	640	384	63	628	369
128	640	384	130	628	369
192	640	384	196	629	369
256	640	384	261	631	369
320	640	384	325	633	367
384	640	384	386	634	367
448	640	384	449	635	366
512	640	384	511	636	365
576	640	384	573	637	365
640	640	384	636	639	365
704	640	384	697	640	364
768	640	384	760	642	364
832	640	384	824	642	364
896	640	384	885	642	364
960	640	384	948	641	365
1023	640	384	1010	641	364
0	704	384	0	690	368
64	704	384	63	690	368
128	704	384	129	691	368
192	704	384	195	692	368
256	704	384	260	694	368
320	704	384	323	696	368
384	704	384	385	697	368
448	704	384	448	697	366
512	704	384	511	698	366
576	704	384	574	700	365
640	704	384	637	701	365
704	704	384	699	702	364
768	704	384	761	704	364
832	704	384	825	704	364
896	704	384	886	705	364
960	704	384	950	704	364
1023	704	384	1011	705	364
0	768	384	0	753	368
64	768	384	63	754	368
128	768	384	129	754	368
192	768	384	193	755	368
256	768	384	258	757	368
320	768	384	322	759	368
384	768	384	384	759	367
448	768	384	448	760	367
512	768	384	511	761	366
576	768	384	575	763	365
640	768	384	638	764	365
704	768	384	700	765	365
768	768	384	763	766	364
832	768	384	827	767	364
896	768	384	888	768	364
960	768	384	950	766	364
1023	768	384	1012	767	364
0	832	384	0	817	366
64	832	384	63	817	368
128	832	384	128	818	368
192	832	384	193	819	368
256	832	384	257	821	368
320	832	384	321	823	368
384	832	384	382	824	368
448	832	384	446	824	367
512	832	384	510	825	366
576	832	384	574	827	366
640	832	384	638	828	366
704	832	384	701	828	365
768	832	384	764	830	365
832	832	384	828	830	365
896	832	384	889	831	364
960	832	384	952	830	364
1023	832	384	1013	831	364
0	896	384	0	880	366
64	896	384	63	880	366
128	896	384	128	881	366
192	896	384	191	882	366
256	896	384	255	884	367
320	896	384	319	886	368
384	896	384	381	886	368
448	896	384	445	887	368
512	896	384	509	888	367
576	896	384	573	889	366
640	896	384	638	890	366
704	896	384	701	890	365
768	896	384	765	892	365
832	896	384	830	892	365
896	896	384	892	893	365
960	896	384	955	893	365
1023	896	384	1016	893	364
0	960	384	0	942	366
64	960	384	63	943	366
128	960	384	126	943	366
192	960	384	189	944	366
256	960	384	253	946	366
320	960	384	316	948	368
384	960	384	379	948	368
448	960	384	443	949	368
512	960	384	508	950	368
576	960	384	572	951	367
640	960	384	637	952	367
704	960	384	701	953	366
768	960	384	764	953	365
832	960	384	830	954	365
896	960	384	892	954	365
960	960	384	954	953	365
1023	960	384	1016	954	364
0	1023	384	0	1006	365
64	1023	384	63	1006	365
128	1023	384	125	1006	365
192	1023	384	188	1008	365
256	1023	384	250	1009	366
320	1023	384	314	1011	367
384	1023	384	376	1011	367
448	1023	384	441	1012	367
512	1023	384	506	1013	367
576	1023	384	570	1014	367
640	1023	384	635	1015	366
704	1023	384	699	1015	366
768	1023	384	764	1016	366
832	1023	384	829	1016	365
896	1023	384	892	1017	365
960	1023	384	955	1016	365
1023	1023	384	1017	1015	365
0	0	448	77	0	428
64	0	448	99	0	428
128	0	448	148	0	428
192	0	448	207	0	428
256	0	448	270	23	428
320	0	448	331	32	427
384	0	448	388	38	427
448	0	448	449	48	428
512	0	448	511	57	427
576	0	448	572	63	427
640	0	448	635	72	427
704	0	448	697	82	427
768	0	448	761	85	427
832	0	448	825	93	427
896	0	448	886	104	427
960	0	448	950	108	427
1023	0	448	1012	113	427
0	64	448	77	63	428
64	64	448	97	63	427
128	64	448	148	63	427
192	64	448	207	66	427
256	64	448	270	66	428
320	64	448	330	69	427
384	64	448	388	72	427
448	64	448	449	77	428
512	64	448	511	82	427
576	64	448	572	87	427
640	64	448	635	93	427
704	64	448	697	101	427
768	64	448	760	104	427
832	64	448	825	111	427
896	64	448	886	119	427
960	64	448	950	122	427
1023	64	448	1012	126	427
0	128	448	77	128	428
64	128	448	97	129	427
128	128	448	148	129	427
192	128	448	207	129	427
256	128	448	269	130	428
320	128	448	330	132	427
384	128	448	388	133	427
448	128	448	449	136	427
512	128	448	510	138	427
576	128	448	572	141	427
640	128	448	635	144	427
704	128	448	697	149	427
768	128	448	760	151	427
832	128	448	825	155	427
896	128	448	886	161	427
960	128	448	950	163	427
1023	128	448	1012	166	427
0	192	448	75	192	428
64	192	448	95	192	427
128	192	448	147	193	428
192	192	448	206	193	428
256	192	448	269	193	428
320	192	448	329	195	427
384	192	448	387	196	427
448	192	448	449	198	427
512	192	448	510	199	427
576	192	448	571	202	427
640	192	448	635	203	427
704	192	448	697	206	427
768	192	448	760	207	427
832	192	448	825	210	427
896	192	448	886	214	427
960	192	448	950	215	427
1023	192	448	1011	218	427
0	256	448	72	256	428
64	256	448	93	256	428
128	256	448	145	256	428
192	256	448	205	257	428
256	256	448	267	258	428
320	256	448	329	259	427
384	256	448	386	260	427
448	256	448	448	261	427
512	256	448	510	262	427
576	256	448	571	264	427
640	256	448	634	266	427
704	256	448	697	267	427
768	256	448	760	268	427
832	256	448	825	270	427
896	256	448	886	272	427
960	256	448	950	273	427
1023	256	448	1011	276	427
0	320	448	63	318	429
64	320	448	87	318	430
128	320	448	142	318	429
192	320	448	203	319	429
256	320	448	266	320	428
320	320	448	327	322	427
384	320	448	386	322	427
448	320	448	447	323	427
512	320	448	509	324	427
576	320	448	570	326	427
640	320	448	634	327	427
704	320	448	696	328	427
768	320	448	760	328	427
832	320	448	824	329	427
896	320	448	886	331	427
960	320	448	950	331	427
1023	320	448	1011	333	427
0	384	448	44	377	429
64	384	448	75	377	429
128	384	448	136	378	429
192	384	448	199	379	429
256	384	448	264	380	428
320	384	448	327	381	427
384	384	448	385	382	427
448	384	448	447	384	427
512	384	448	509	385	427
576	384	448	570	386	426
640	384	448	633	387	427
704	384	448	696	387	427
768	384	448	759	387	427
832	384	448	824	388	427
896	384	448	886	388	427
960	384	448	949	388	427
1023	384	448	1011	389	427
0	448	448	23	439	432
64	448	448	66	440	431
128	448	448	132	440	431
192	448	448	198	441	431
256	448	448	263	443	430
320	448	448	326	445	428
384	448	448	385	445	427
448	448	448	447	447	427
512	448	448	509	448	427
576	448	448	571	449	426
640	448	448	633	450	427
704	448	448	695	451	426
768	448	448	759	451	426
832	448	448	823	451	427
896	448	448	885	451	426
960	448	448	949	450	427
1023	448	448	1011	451	427
0	512	448	0	502	432
64	512	448	66	503	431
128	512	448	132	503	431
192	512	448	197	504	431
256	512	448	263	506	430
320	512	448	326	508	429
384	512	448	386	509	428
448	512	448	448	510	427
512	512	448	510	511	427
576	512	448	572	512	426
640	512	448	634	514	426
704	512	448	696	514	426
768	512	448	759	515	426
832	512	448	823	515	426
896	512	448	885	515	426
960	512	448	949	513	426
1023	512	448	1010	514	426
0	576	448	0	565	432
64	576	448	66	565	431
128	576	448	130	566	431
192	576	448	197	567	431
256	576	448	262	569	431
320	576	448	326	570	429
384	576	448	386	571	428
448	576	448	449	572	427
512	576	448	511	574	427
576	576	448	573	575	426
640	576	448	635	577	426
704	576	448	697	578	426
768	576	448	759	579	426
832	576	448	823	579	426
896	576	448	885	579	426
960	576	448	949	577	426
1023	576	448	1010	577	426
0	640	448	0	628	431
64	640	448	63	628	431
128	640	448	130	628	431
192	640	448	196	629	431
256	640	448	262	631	431
320	640	448	325	633	429
384	640	448	386	634	429
448	640	448	449	635	427
512	640	448	512	636	427
576	640	448	573	637	426
640	640	448	636	639	426
704	640	448	698	640	426
768	640	448	760	642	426
832	640	448	824	642	426
896	640	448	885	642	425
960	640	448	949	641	426
1023	640	448	1010	640	426
0	704	448	0	690	430
64	704	448	63	690	430
128	704	448	130	691	430
192	704	448	196	692	430
256	704	448	261	694	430
320	704	448	325	696	430
384	704	448	386	696	429
448	704	448	449	697	428
512	704	448	512	698	427
576	704	448	574	699	426
640	704	448	637	701	426
704	704	448	700	702	426
768	704	448	762	704	426
832	704	448	825	704	426
896	704	448	886	705	425
960	704	448	949	704	426
1023	704	448	1011	704	426
0	768	448	0	753	430
64	768	448	63	754	430
128	768	448	129	754	430
192	768	448	194	755	431
256	768	448	259	757	431
320	768	448	323	758	431
384	768	448	385	759	430
448	768	448	448	760	429
512	768	448	512	761	428
576	768	448	575	762	427
640	768	448	638	764	427
704	768	448	701	765	426
768	768	448	763	766	426
832	768	448	827	766	426
896	768	448	888	767	425
960	768	448	951	766	426
1023	768	448	1012	767	426
0	832	448	0	817	428
64	832	448	63	817	429
128	832	448	129	818	429
192	832	448	193	819	430
256	832	448	258	821	430
320	832	448	322	823	430
384	832	448	384	824	430
448	832	448	447	824	430
512	832	448	511	825	428
576	832	448	575	826	428
640	832	448	638	827	428
704	832	448	701	828	427
768	832	448	765	830	427
832	832	448	829	830	426
896	832	448	889	830	426
960	832	448	953	830	426
1023	832	448	1013	830	426
0	896	448	0	880	428
64	896	448	63	880	428
128	896	448	128	881	428
192	896	448	193	882	429
256	896	448	257	884	429
320	896	448	320	885	430
384	896	448	382	886	430
448	896	448	446	887	430
512	896	448	510	887	430
576	896	448	574	888	429
640	896	448	639	890	429
704	896	448	702	890	428
768	896	448	766	892	428
832	896	448	830	892	427
896	896	448	892	893	427
960	896	448	955	892	427
1023	896	448	1016	893	426
0	960	448	0	942	427
64	960	448	63	942	428
128	960	448	128	943	428
192	960	448	191	944	428
256	960	448	255	946	429
320	960	448	318	947	430
384	960	448	380	948	430
448	960	448	444	949	430
512	960	448	509	949	430
576	960	448	573	950	429
640	960	448	637	952	429
704	960	448	701	952	428
768	960	448	765	953	428
832	960	448	830	953	427
896	960	448	892	954	427
960	960	448	955	953	427
1023	960	448	1017	954	426
0	1023	448	0	1006	427
64	1023	448	63	1006	428
128	1023	448	126	1007	428
192	1023	448	189	1008	428
256	1023	448	252	1009	428
320	1023	448	316	1011	430
384	1023	448	378	1011	430
448	1023	448	443	1012	430
512	1023	448	507	1013	430
576	1023	448	571	1014	429
640	1023	448	636	1015	429
704	1023	448	700	1015	429
768	1023	448	765	1016	428
832	1023	448	829	1016	428
896	1023	448	892	1016	427
960	1023	448	955	1016	427
1023	1023	448	1017	1015	427
0	0	512	89	0	489
64	0	512	106	0	489
128	0	512	153	0	489
192	0	512	212	0	489
256	0	512	273	0	488
320	0	512	333	23	488
384	0	512	390	38	487
448	0	512	451	48	488
512	0	512	512	57	488
576	0	512	573	63	487
640	0	512	636	72	488
704	0	512	698	80	488
768	0	512	761	85	488
832	0	512	825	95	488
896	0	512	887	103	487
960	0	512	950	106	488
1023	0	512	1012	113	488
0	64	512	89	63	488
64	64	512	106	63	488
128	64	512	153	63	488
192	64	512	212	63	488
256	64	512	273	66	488
320	64	512	333	66	488
384	64	512	390	72	487
448	64	512	451	77	488
512	64	512	512	82	488
576	64	512	573	87	487
640	64	512	636	93	488
704	64	512	698	99	488
768	64	512	761	103	488
832	64	512	825	111	488
896	64	512	887	119	487
960	64	512	950	120	488
1023	64	512	1012	126	488
0	128	512	89	128	488
64	128	512	106	128	488
128	128	512	153	129	488
192	128	512	211	129	488
256	128	512	272	129	488
320	128	512	333	130	488
384	128	512	390	133	487
448	128	512	451	136	488
512	128	512	512	138	488
576	128	512	573	141	487
640	128	512	636	144	488
704	128	512	698	148	488
768	128	512	761	150	488
832	128	512	825	155	488
896	128	512	887	160	487
960	128	512	950	162	488
1023	128	512	1012	166	488
0	192	512	87	192	488
64	192	512	104	192	488
128	192	512	152	192	488
192	192	512	210	193	488
256	192	512	272	193	488
320	192	512	332	194	488
384	192	512	389	195	487
448	192	512	450	197	488
512	192	512	511	198	488
576	192	512	573	201	487
640	192	512	636	203	488
704	192	512	697	205	488
768	192	512	761	207	488
832	192	512	825	210	488
896	192	512	887	214	487
960	192	512	950	215	488
1023	192	512	1012	218	488
0	256	512	85	256	488
64	256	512	104	256	488
128	256	512	151	256	488
192	256	512	209	256	488
256	256	512	271	257	488
320	256	512	331	258	488
384	256	512	389	259	488
448	256	512	450	260	488
512	256	512	511	262	488
576	256	512	573	263	487
640	256	512	635	265	488
704	256	512	697	266	488
768	256	512	760	267	488
832	256	512	825	269	488
896	256	512	886	272	487
960	256	512	950	273	488
1023	256	512	1012	275	488
0	320	512	77	317	491
64	320	512	99	317	491
128	320	512	148	318	491
192	320	512	207	318	490
256	320	512	270	319	489
320	320	512	331	320	488
384	320	512	388	321	487
448	320	512	449	322	488
512	320	512	511	323	488
576	320	512	572	324	487
640	320	512	635	326	488
704	320	512	697	327	487
768	320	512	760	328	487
832	320	512	825	329	488
896	320	512	886	331	487
960	320	512	949	332	488
1023	320	512	1012	333	488
0	384	512	60	376	491
64	384	512	85	376	491
128	384	512	141	377	491
192	384	512	203	378	490
256	384	512	267	378	489
320	384	512	329	379	488
384	384	512	387	381	487
448	384	512	448	382	488
512	384	512	510	383	488
576	384	512	572	384	487
640	384	512	634	385	488
704	384	512	696	386	487
768	384	512	760	386	487
832	384	512	824	387	488
896	384	512	886	388	487
960	384	512	949	388	488
1023	384	512	1011	389	488
0	448	512	38	439	494
64	448	512	75	439	493
128	448	512	136	439	493
192	448	512	200	440	492
256	448	512	265	442	491
320	448	512	327	443	489
384	448	512	386	444	488
448	448	512	448	445	488
512	448	512	510	447	487
576	448	512	572	448	487
640	448	512	634	449	487
704	448	512	696	449	487
768	448	512	759	450	487
832	448	512	824	450	487
896	448	512	885	450	487
960	448	512	949	450	487
1023	448	512	1011	450	487
0	512	512	32	502	493
64	512	512	69	502	493
128	512	512	133	503	492
192	512	512	198	504	492
256	512	512	264	505	491
320	512	512	327	507	489
384	512	512	386	508	488
448	512	512	448	509	488
512	512	512	510	510	487
576	512	512	572	511	487
640	512	512	634	513	487
704	512	512	696	514	487
768	512	512	759	514	487
832	512	512	824	514	487
896	512	512	885	514	486
960	512	512	949	513	487
1023	512	512	1011	513	487
0	576	512	23	565	494
64	576	512	66	565	493
128	576	512	132	566	493
192	576	512	198	567	493
256	576	512	263	569	492
320	576	512	326	570	491
384	576	512	386	571	489
448	576	512	449	572	488
512	576	512	511	573	487
576	576	512	573	574	487
640	576	512	635	576	487
704	576	512	697	577	487
768	576	512	760	578	487
832	576	512	824	578	487
896	576	512	885	578	486
960	576	512	949	576	487
1023	576	512	1011	576	487
0	640	512	0	627	492
64	640	512	66	628	491
128	640	512	132	628	491
192	640	512	197	629	491
256	640	512	262	631	492
320	640	512	326	633	491
384	640	512	386	634	489
448	640	512	449	634	488
512	640	512	511	635	487
576	640	512	573	637	486
640	640	512	636	638	487
704	640	512	698	639	487
768	640	512	761	641	487
832	640	512	824	641	486
896	640	512	886	641	486
960	640	512	949	640	487
1023	640	512	1011	640	487
0	704	512	0	690	491
64	704	512	66	690	491
128	704	512	132	691	491
192	704	512	197	692	491
256	704	512	262	694	492
320	704	512	325	696	492
384	704	512	386	696	490
448	704	512	449	697	489
512	704	512	512	698	488
576	704	512	574	699	487
640	704	512	638	701	487
704	704	512	700	702	487
768	704	512	762	703	487
832	704	512	826	704	487
896	704	512	887	704	486
960	704	512	949	703	487
1023	704	512	1011	703	487
0	768	512	0	753	491
64	768	512	63	753	491
128	768	512	130	754	492
192	768	512	196	755	492
256	768	512	261	757	493
320	768	512	325	759	492
384	768	512	386	759	491
448	768	512	449	760	490
512	768	512	513	761	489
576	768	512	575	762	488
640	768	512	639	763	488
704	768	512	701	764	488
768	768	512	764	766	487
832	768	512	827	766	487
896	768	512	888	767	486
960	768	512	951	766	487
1023	768	512	1012	767	487
0	832	512	0	817	489
64	832	512	63	818	490
128	832	512	130	818	490
192	832	512	195	820	491
256	832	512	260	821	491
320	832	512	324	823	491
384	832	512	385	824	491
448	832	512	448	824	491
512	832	512	512	825	490
576	832	512	575	826	489
640	832	512	639	827	489
704	832	512	702	828	489
768	832	512	765	830	488
832	832	512	829	830	488
896	832	512	890	830	487
960	832	512	953	830	488
1023	832	512	1013	829	487
0	896	512	0	880	489
64	896	512	63	880	489
128	896	512	129	881	490
192	896	512	194	882	490
256	896	512	259	884	491
320	896	512	322	885	492
384	896	512	384	886	492
448	896	512	447	886	492
512	896	512	511	887	491
576	896	512	575	888	490
640	896	512	639	889	490
704	896	512	703	890	490
768	896	512	766	891	489
832	896	512	830	891	489
896	896	512	892	892	488
960	896	512	954	891	488
1023	896	512	1016	892	488
0	960	512	0	942	489
64	960	512	63	942	489
128	960	512	128	943	489
192	960	512	193	944	490
256	960	512	257	946	491
320	960	512	320	947	491
384	960	512	382	947	491
448	960	512	446	948	491
512	960	512	510	949	491
576	960	512	573	950	490
640	960	512	638	951	490
704	960	512	702	951	489
768	960	512	766	953	489
832	960	512	830	952	489
896	960	512	892	953	488
960	960	512	955	953	488
1023	960	512	1017	954	488
0	1023	512	0	1006	489
64	1023	512	63	1006	489
128	1023	512	126	1007	489
192	1023	512	191	1008	490
256	1023	512	254	1009	491
320	1023	512	318	1011	491
384	1023	512	380	1011	491
448	1023	512	444	1012	491
512	1023	512	508	1012	491
576	1023	512	572	1013	491
640	1023	512	637	1014	491
704	1023	512	701	1015	490
768	1023	512	765	1016	490
832	1023	512	830	1016	489
896	1023	512	893	1016	489
960	1023	512	956	1016	489
1023	1023	512	1018	1015	489
0	0	576	99	0	550
64	0	576	116	0	549
128	0	576	160	0	549
192	0	576	216	0	548
256	0	576	276	0	547
320	0	576	336	23	547
384	0	576	393	32	547
448	0	576	453	44	548
512	0	576	513	53	547
576	0	576	574	60	547
640	0	576	637	69	547
704	0	576	699	77	548
768	0	576	762	85	548
832	0	576	826	93	548
896	0	576	887	101	548
960	0	576	951	106	549
1023	0	576	1012	114	548
0	64	576	101	63	539
64	64	576	117	63	539
128	64	576	160	63	540
192	64	576	216	63	542
256	64	576	276	63	545
320	64	576	336	66	547
384	64	576	393	69	547
448	64	576	452	75	548
512	64	576	513	80	547
576	64	576	574	87	547
640	64	576	637	91	548
704	64	576	699	97	548
768	64	576	762	103	548
832	64	576	826	109	548
896	64	576	887	116	547
960	64	576	951	120	548
1023	64	576	1012	128	548
0	128	576	104	128	539
64	128	576	120	128	539
128	128	576	162	128	540
192	128	576	217	128	542
256	128	576	277	128	545
320	128	576	336	129	547
384	128	576	393	132	547
448	128	576	452	134	548
512	128	576	513	137	547
576	128	576	574	139	547
640	128	576	637	143	547
704	128	576	699	147	548
768	128	576	762	150	548
832	128	576	826	155	548
896	128	576	887	159	547
960	128	576	951	162	548
1023	128	576	1012	167	548
0	192	576	111	190	539
64	192	576	125	190	539
128	192	576	165	191	540
192	192	576	218	191	542
256	192	576	277	192	545
320	192	576	335	193	547
384	192	576	392	194	547
448	192	576	452	196	548
512	192	576	513	198	547
576	192	576	574	199	547
640	192	576	637	202	547
704	192	576	699	204	548
768	192	576	762	206	548
832	192	576	826	209	548
896	192	576	887	212	547
960	192	576	951	215	548
1023	192	576	1012	218	548
0	256	576	120	254	539
64	256	576	133	254	539
128	256	576	170	254	540
192	256	576	221	255	542
256	256	576	277	256	545
320	256	576	335	257	547
384	256	576	392	258	547
448	256	576	452	259	548
512	256	576	513	260	547
576	256	576	574	262	547
640	256	576	636	264	547
704	256	576	699	265	548
768	256	576	761	267	548
832	256	576	825	269	548
896	256	576	887	271	547
960	256	576	950	273	548
1023	256	576	1012	276	548
0	320	576	116	316	550
64	320	576	129	316	551
128	320	576	167	316	550
192	320	576	218	317	549
256	320	576	276	317	548
320	320	576	334	318	547
384	320	576	391	319	547
448	320	576	451	321	547
512	320	576	512	322	547
576	320	576	574	323	547
640	320	576	636	325	547
704	320	576	698	326	547
768	320	576	761	327	548
832	320	576	825	328	548
896	320	576	887	330	547
960	320	576	950	331	548
1023	320	576	1011	333	547
0	384	576	85	375	550
64	384	576	103	375	550
128	384	576	151	375	549
192	384	576	209	376	549
256	384	576	271	377	547
320	384	576	332	378	547
384	384	576	389	378	547
448	384	576	450	379	547
512	384	576	511	381	547
576	384	576	573	382	547
640	384	576	636	383	547
704	384	576	698	384	547
768	384	576	761	385	548
832	384	576	825	386	548
896	384	576	886	387	547
960	384	576	950	388	548
1023	384	576	1011	388	547
0	448	576	66	438	553
64	448	576	89	438	552
128	448	576	143	438	552
192	448	576	205	439	551
256	448	576	269	441	550
320	448	576	330	442	548
384	448	576	388	442	547
448	448	576	449	443	547
512	448	576	511	444	547
576	448	576	572	445	547
640	448	576	635	447	547
704	448	576	697	447	547
768	448	576	760	448	547
832	448	576	824	448	547
896	448	576	886	449	547
960	448	576	949	449	547
1023	448	576	1010	449	547
0	512	576	57	501	553
64	512	576	85	502	553
128	512	576	141	502	552
192	512	576	202	503	551
256	512	576	267	504	550
320	512	576	329	505	549
384	512	576	388	506	548
448	512	576	449	507	548
512	512	576	511	508	547
576	512	576	573	510	547
640	512	576	636	511	547
704	512	576	697	511	547
768	512	576	760	512	547
832	512	576	824	512	547
896	512	576	886	513	547
960	512	576	949	512	547
1023	512	576	1011	512	547
0	576	576	44	564	554
64	576	576	75	564	553
128	576	576	136	565	553
192	576	576	199	566	553
256	576	576	264	567	552
320	576	576	327	569	551
384	576	576	387	570	549
448	576	576	449	571	548
512	576	576	511	572	547
576	576	576	573	573	547
640	576	576	636	575	547
704	576	576	697	575	547
768	576	576	760	577	547
832	576	576	824	576	547
896	576	576	886	577	547
960	576	576	949	576	548
1023	576	576	1011	575	547
0	640	576	32	627	553
64	640	576	72	627	553
128	640	576	134	628	553
192	640	576	198	629	553
256	640	576	263	631	553
320	640	576	327	632	551
384	640	576	387	633	549
448	640	576	449	634	549
512	640	576	512	635	548
576	640	576	574	636	547
640	640	576	636	638	547
704	640	576	698	638	547
768	640	576	761	640	547
832	640	576	825	640	547
896	640	576	886	640	547
960	640	576	949	639	547
1023	640	576	1011	639	547
0	704	576	32	689	551
64	704	576	72	689	551
128	704	576	134	690	552
192	704	576	198	691	552
256	704	576	263	693	553
320	704	576	326	695	552
384	704	576	387	696	551
448	704	576	450	696	549
512	704	576	512	697	548
576	704	576	574	698	547
640	704	576	637	700	547
704	704	576	700	701	547
768	704	576	762	703	547
832	704	576	826	702	547
896	704	576	886	703	547
960	704	576	950	703	547
1023	704	576	1011	703	547
0	768	576	23	753	552
64	768	576	66	753	552
128	768	576	132	754	553
192	768	576	197	755	553
256	768	576	262	757	553
320	768	576	326	758	553
384	768	576	386	759	552
448	768	576	450	760	551
512	768	576	513	760	550
576	768	576	576	762	549
640	768	576	639	763	549
704	768	576	701	763	548
768	768	576	764	765	548
832	768	576	827	765	548
896	768	576	889	766	547
960	768	576	951	765	548
1023	768	576	1012	766	548
0	832	576	23	818	551
64	832	576	66	818	551
128	832	576	132	818	552
192	832	576	197	820	552
256	832	576	262	821	553
320	832	576	325	822	553
384	832	576	386	823	553
448	832	576	449	823	553
512	832	576	513	824	551
576	832	576	576	826	550
640	832	576	640	826	550
704	832	576	702	827	550
768	832	576	765	829	549
832	832	576	829	829	549
896	832	576	891	831	548
960	832	576	953	829	549
1023	832	576	1014	830	548
0	896	576	23	880	551
64	896	576	66	880	551
128	896	576	132	881	551
192	896	576	196	882	552
256	896	576	262	884	553
320	896	576	325	885	553
384	896	576	386	886	553
448	896	576	449	886	553
512	896	576	513	887	552
576	896	576	576	888	551
640	896	576	640	889	551
704	896	576	703	889	551
768	896	576	767	891	550
832	896	576	831	891	550
896	896	576	893	891	549
960	896	576	955	891	550
1023	896	576	1017	892	549
0	960	576	0	942	551
64	960	576	63	942	551
128	960	576	129	943	551
192	960	576	194	944	552
256	960	576	259	946	552
320	960	576	323	947	553
384	960	576	384	947	553
448	960	576	447	948	553
512	960	576	511	949	552
576	960	576	575	949	551
640	960	576	639	951	551
704	960	576	702	951	551
768	960	576	766	952	550
832	960	576	831	952	550
896	960	576	893	953	549
960	960	576	955	953	550
1023	960	576	1017	953	549
0	1023	576	0	1006	550
64	1023	576	63	1006	551
128	1023	576	128	1007	551
192	1023	576	193	1008	551
256	1023	576	257	1009	552
320	1023	576	320	1010	553
384	1023	576	382	1011	553
448	1023	576	446	1012	553
512	1023	576	510	1012	553
576	1023	576	573	1013	553
640	1023	576	638	1014	552
704	1023	576	702	1014	551
768	1023	576	766	1015	551
832	1023	576	830	1015	551
896	1023	576	894	1016	550
960	1023	576	956	1015	550
1023	1023	576	1018	1014	550
0	0	640	111	0	611
64	0	640	125	0	610
128	0	640	166	0	609
192	0	640	221	0	609
256	0	640	280	0	608
320	0	640	338	0	607
384	0	640	395	32	607
448	0	640	454	44	608
512	0	640	515	48	607
576	0	640	576	60	607
640	0	640	638	66	608
704	0	640	700	77	608
768	0	640	762	82	608
832	0	640	826	91	608
896	0	640	888	97	608
960	0	640	951	104	609
1023	0	640	1012	111	609
0	64	640	111	63	601
64	64	640	126	63	601
128	64	640	167	63	602
192	64	640	221	63	603
256	64	640	280	63	605
320	64	640	338	66	607
384	64	640	395	69	607
448	64	640	454	75	608
512	64	640	515	80	607
576	64	640	576	85	607
640	64	640	638	91	608
704	64	640	700	97	608
768	64	640	762	101	608
832	64	640	826	108	608
896	64	640	888	114	608
960	64	640	951	119	609
1023	64	640	1012	125	609
0	128	640	116	128	601
64	128	640	129	128	601
128	128	640	168	128	602
192	128	640	221	128	603
256	128	640	280	128	605
320	128	640	338	129	607
384	128	640	394	130	607
448	128	640	454	133	608
512	128	640	515	136	607
576	128	640	576	138	607
640	128	640	638	142	608
704	128	640	700	145	608
768	128	640	762	149	608
832	128	640	826	152	608
896	128	640	888	157	608
960	128	640	951	160	609
1023	128	640	1012	165	609
0	192	640	122	190	601
64	192	640	134	190	601
128	192	640	172	190	602
192	192	640	223	191	603
256	192	640	280	191	606
320	192	640	338	192	607
384	192	640	394	193	607
448	192	640	454	195	608
512	192	640	515	197	608
576	192	640	576	198	607
640	192	640	638	201	608
704	192	640	699	203	608
768	192	640	762	206	608
832	192	640	826	209	608
896	192	640	888	211	608
960	192	640	951	213	609
1023	192	640	1012	217	609
0	256	640	130	253	601
64	256	640	142	253	601
128	256	640	177	254	602
192	256	640	225	254	604
256	256	640	280	255	606
320	256	640	337	256	607
384	256	640	394	256	607
448	256	640	453	258	607
512	256	640	514	259	608
576	256	640	575	261	607
640	256	640	638	263	608
704	256	640	699	264	608
768	256	640	762	266	608
832	256	640	826	268	608
896	256	640	888	270	608
960	256	640	951	272	609
1023	256	640	1012	275	609
0	320	640	123	315	613
64	320	640	136	315	614
128	320	640	172	315	613
192	320	640	223	316	611
256	320	640	279	317	610
320	320	640	336	317	608
384	320	640	393	318	607
448	320	640	453	319	608
512	320	640	514	320	607
576	320	640	575	322	607
640	320	640	637	323	608
704	320	640	699	324	608
768	320	640	762	326	608
832	320	640	825	327	608
896	320	640	888	329	607
960	320	640	950	330	609
1023	320	640	1011	332	608
0	384	640	82	374	613
64	384	640	103	374	613
128	384	640	151	375	612
192	384	640	211	375	610
256	384	640	273	376	609
320	384	640	334	376	608
384	384	640	392	377	607
448	384	640	452	378	607
512	384	640	513	379	607
576	384	640	574	380	607
640	384	640	637	382	607
704	384	640	699	383	608
768	384	640	761	384	608
832	384	640	825	385	608
896	384	640	886	386	607
960	384	640	950	386	609
1023	384	640	1011	388	608
0	448	640	60	437	617
64	448	640	87	437	616
128	448	640	142	438	615
192	448	640	205	438	614
256	448	640	270	439	613
320	448	640	332	440	610
384	448	640	390	441	608
448	448	640	451	441	608
512	448	640	512	442	607
576	448	640	574	443	607
640	448	640	636	445	607
704	448	640	698	446	607
768	448	640	761	447	608
832	448	640	825	447	608
896	448	640	886	448	607
960	448	640	950	448	609
1023	448	640	1011	449	608
0	512	640	57	501	615
64	512	640	85	501	614
128	512	640	141	501	614
192	512	640	204	502	613
256	512	640	268	503	612
320	512	640	330	504	610
384	512	640	389	505	609
448	512	640	450	506	609
512	512	640	512	507	608
576	512	640	573	508	607
640	512	640	636	509	608
704	512	640	698	510	608
768	512	640	761	511	608
832	512	640	825	511	608
896	512	640	886	512	607
960	512	640	950	511	609
1023	512	640	1011	512	608
0	576	640	53	564	615
64	576	640	82	564	615
128	576	640	138	564	615
192	576	640	202	565	614
256	576	640	265	567	614
320	576	640	328	568	612
384	576	640	388	569	610
448	576	640	450	570	609
512	576	640	512	571	608
576	576	640	574	572	607
640	576	640	637	574	608
704	576	640	698	574	608
768	576	640	761	575	608
832	576	640	825	575	608
896	576	640	886	576	607
960	576	640	949	575	608
1023	576	640	1011	575	608
0	640	640	48	627	614
64	640	640	77	627	614
128	640	640	137	628	614
192	640	640	200	629	614
256	640	640	264	630	614
320	640	640	327	632	612
384	640	640	388	633	611
448	640	640	450	633	610
512	640	640	512	634	609
576	640	640	574	635	607
640	640	640	637	637	608
704	640	640	699	638	608
768	640	640	762	639	608
832	640	640	825	639	608
896	640	640	887	640	607
960	640	640	950	639	608
1023	640	640	1011	639	608
0	704	640	57	691	614
64	704	640	82	691	614
128	704	640	138	691	614
192	704	640	201	692	614
256	704	640	264	694	614
320	704	640	327	695	614
384	704	640	387	696	612
448	704	640	450	697	611
512	704	640	513	697	609
576	704	640	575	699	608
640	704	640	638	700	608
704	704	640	700	700	608
768	704	640	763	702	608
832	704	640	826	702	608
896	704	640	888	703	608
960	704	640	950	702	608
1023	704	640	1012	703	608
0	768	640	44	753	614
64	768	640	75	754	614
128	768	640	134	754	614
192	768	640	198	755	615
256	768	640	262	757	615
320	768	640	326	758	615
384	768	640	387	759	613
448	768	640	450	759	612
512	768	640	513	760	611
576	768	640	576	761	610
640	768	640	639	763	610
704	768	640	702	763	609
768	768	640	764	765	609
832	768	640	828	765	609
896	768	640	889	766	608
960	768	640	952	765	609
1023	768	640	1013	766	609
0	832	640	44	818	613
64	832	640	77	818	614
128	832	640	136	818	614
192	832	640	199	820	614
256	832	640	263	822	615
320	832	640	327	823	615
384	832	640	387	823	614
448	832	640	450	824	613
512	832	640	514	824	612
576	832	640	577	825	611
640	832	640	640	827	611
704	832	640	703	827	611
768	832	640	766	828	610
832	832	640	830	829	610
896	832	640	891	830	609
960	832	640	953	829	610
1023	832	640	1014	829	609
0	896	640	53	880	612
64	896	640	80	880	612
128	896	640	138	881	613
192	896	640	201	882	613
256	896	640	265	884	614
320	896	640	327	886	615
384	896	640	388	886	615
448	896	640	450	886	614
512	896	640	514	887	614
576	896	640	577	888	613
640	896	640	641	889	613
704	896	640	704	889	612
768	896	640	768	891	611
832	896	640	831	890	611
896	896	640	894	892	610
960	896	640	956	891	610
1023	896	640	1017	892	610
0	960	640	23	942	612
64	960	640	69	942	612
128	960	640	133	943	612
192	960	640	198	944	613
256	960	640	262	946	613
320	960	640	326	947	614
384	960	640	386	948	614
448	960	640	449	948	614
512	960	640	512	949	614
576	960	640	576	949	613
640	960	640	640	951	613
704	960	640	704	951	612
768	960	640	767	952	612
832	960	640	832	952	611
896	960	640	893	953	610
960	960	640	956	953	611
1023	960	640	1018	953	610
0	1023	640	23	1006	611
64	1023	640	66	1006	612
128	1023	640	130	1007	612
192	1023	640	195	1008	613
256	1023	640	260	1009	613
320	1023	640	323	1011	615
384	1023	640	384	1011	615
448	1023	640	447	1011	615
512	1023	640	511	1012	614
576	1023	640	575	1013	614
640	1023	640	639	1014	613
704	1023	640	703	1014	613
768	1023	640	766	1015	612
832	1023	640	832	1016	612
896	1023	640	894	1016	611
960	1023	640	956	1014	612
1023	1023	640	1018	1014	611
0	0	704	122	0	672
64	0	704	134	0	670
128	0	704	174	0	670
192	0	704	226	0	670
256	0	704	284	0	669
320	0	704	342	0	668
384	0	704	398	23	668
448	0	704	457	38	669
512	0	704	517	48	668
576	0	704	578	57	668
640	0	704	640	66	669
704	0	704	702	75	669
768	0	704	764	82	669
832	0	704	828	89	669
896	0	704	889	99	669
960	0	704	952	104	670
1023	0	704	1012	113	669
0	64	704	122	63	669
64	64	704	136	63	668
128	64	704	174	63	668
192	64	704	226	63	668
256	64	704	284	63	668
320	64	704	342	63	668
384	64	704	398	66	668
448	64	704	457	72	669
512	64	704	517	77	668
576	64	704	578	82	668
640	64	704	640	89	669
704	64	704	702	95	669
768	64	704	764	101	669
832	64	704	828	108	669
896	64	704	889	114	668
960	64	704	952	119	670
1023	64	704	1012	126	669
0	128	704	125	128	669
64	128	704	137	128	668
128	128	704	175	128	668
192	128	704	227	128	668
256	128	704	284	128	668
320	128	704	342	129	668
384	128	704	398	129	668
448	128	704	457	132	669
512	128	704	517	134	668
576	128	704	578	138	668
640	128	704	640	141	669
704	128	704	702	144	669
768	128	704	764	149	669
832	128	704	828	152	669
896	128	704	889	157	669
960	128	704	952	161	670
1023	128	704	1012	165	669
0	192	704	129	190	669
64	192	704	141	190	668
128	192	704	178	191	668
192	192	704	228	191	668
256	192	704	284	191	668
320	192	704	342	192	668
384	192	704	398	193	668
448	192	704	457	194	668
512	192	704	517	196	668
576	192	704	578	198	668
640	192	704	640	200	669
704	192	704	701	202	669
768	192	704	764	206	669
832	192	704	827	208	669
896	192	704	889	211	669
960	192	704	952	214	670
1023	192	704	1012	217	669
0	256	704	134	254	669
64	256	704	147	254	669
128	256	704	180	254	669
192	256	704	230	255	669
256	256	704	285	255	669
320	256	704	342	255	668
384	256	704	397	256	668
448	256	704	456	258	668
512	256	704	517	259	668
576	256	704	577	260	667
640	256	704	640	262	668
704	256	704	701	263	669
768	256	704	764	266	669
832	256	704	827	267	669
896	256	704	888	270	669
960	256	704	952	272	670
1023	256	704	1012	274	669
0	320	704	132	315	671
64	320	704	143	315	671
128	320	704	179	316	671
192	320	704	228	316	670
256	320	704	283	317	669
320	320	704	340	317	669
384	320	704	396	317	668
448	320	704	455	318	669
512	320	704	516	320	668
576	320	704	577	321	668
640	320	704	639	322	669
704	320	704	701	324	669
768	320	704	764	325	669
832	320	704	827	327	669
896	320	704	888	329	668
960	320	704	951	330	670
1023	320	704	1011	331	669
0	384	704	109	374	671
64	384	704	125	374	671
128	384	704	165	374	670
192	384	704	220	375	670
256	384	704	279	375	669
320	384	704	338	375	669
384	384	704	395	376	668
448	384	704	455	377	668
512	384	704	516	378	668
576	384	704	576	379	667
640	384	704	639	381	668
704	384	704	701	382	669
768	384	704	763	383	669
832	384	704	827	384	669
896	384	704	888	385	669
960	384	704	950	385	669
1023	384	704	1012	387	669
0	448	704	87	437	676
64	448	704	106	437	676
128	448	704	155	438	675
192	448	704	213	438	674
256	448	704	275	438	673
320	448	704	336	439	670
384	448	704	394	439	669
448	448	704	454	440	669
512	448	704	515	441	669
576	448	704	576	442	668
640	448	704	638	444	668
704	448	704	700	444	668
768	448	704	762	446	668
832	448	704	826	447	669
896	448	704	888	448	669
960	448	704	950	447	669
1023	448	704	1012	448	669
0	512	704	80	501	677
64	512	704	101	501	675
128	512	704	150	501	675
192	512	704	209	501	674
256	512	704	272	502	674
320	512	704	334	503	671
384	512	704	392	504	670
448	512	704	453	505	670
512	512	704	514	506	669
576	512	704	576	506	668
640	512	704	638	508	669
704	512	704	699	509	668
768	512	704	762	510	668
832	512	704	826	510	669
896	512	704	888	511	669
960	512	704	950	510	669
1023	512	704	1011	511	669
0	576	704	75	564	676
64	576	704	95	564	676
128	576	704	147	564	676
192	576	704	206	565	675
256	576	704	269	566	675
320	576	704	331	567	672
384	576	704	390	567	671
448	576	704	451	568	670
512	576	704	514	569	669
576	576	704	575	570	668
640	576	704	638	572	669
704	576	704	700	573	669
768	576	704	762	574	668
832	576	704	826	574	669
896	576	704	888	575	668
960	576	704	950	574	669
1023	576	704	1011	574	669
0	640	704	63	627	677
64	640	704	89	627	676
128	640	704	142	627	676
192	640	704	203	628	676
256	640	704	266	630	676
320	640	704	329	631	673
384	640	704	389	631	672
448	640	704	451	632	671
512	640	704	513	633	670
576	640	704	575	634	668
640	640	704	638	636	669
704	640	704	700	637	669
768	640	704	763	638	669
832	640	704	826	638	669
896	640	704	888	639	668
960	640	704	950	638	669
1023	640	704	1011	638	669
0	704	704	72	690	676
64	704	704	93	690	676
128	704	704	144	691	676
192	704	704	204	692	676
256	704	704	266	693	676
320	704	704	328	695	675
384	704	704	389	695	674
448	704	704	451	696	671
512	704	704	514	696	670
576	704	704	575	697	669
640	704	704	638	699	669
704	704	704	701	700	669
768	704	704	764	702	669
832	704	704	827	702	669
896	704	704	888	702	668
960	704	704	951	702	670
1023	704	704	1013	702	670
0	768	704	63	754	676
64	768	704	89	754	677
128	768	704	142	754	677
192	768	704	202	755	677
256	768	704	265	757	678
320	768	704	327	758	676
384	768	704	388	758	675
448	768	704	451	759	673
512	768	704	514	760	672
576	768	704	577	761	671
640	768	704	640	762	671
704	768	704	702	763	670
768	768	704	765	764	670
832	768	704	829	765	670
896	768	704	890	766	669
960	768	704	952	764	670
1023	768	704	1013	765	670
0	832	704	72	817	674
64	832	704	93	817	676
128	832	704	144	818	676
192	832	704	204	819	676
256	832	704	266	821	677
320	832	704	328	823	677
384	832	704	389	824	676
448	832	704	451	824	675
512	832	704	515	824	673
576	832	704	577	825	672
640	832	704	641	826	672
704	832	704	704	827	672
768	832	704	767	828	672
832	832	704	830	828	671
896	832	704	891	829	670
960	832	704	954	829	671
1023	832	704	1015	829	671
0	896	704	80	880	674
64	896	704	99	881	674
128	896	704	148	881	675
192	896	704	206	882	675
256	896	704	268	884	676
320	896	704	330	886	677
384	896	704	389	886	677
448	896	704	452	886	676
512	896	704	515	886	675
576	896	704	578	887	674
640	896	704	642	889	674
704	896	704	705	889	673
768	896	704	769	891	673
832	896	704	832	891	672
896	896	704	894	891	672
960	896	704	956	891	672
1023	896	704	1018	892	672
0	960	704	66	943	674
64	960	704	89	943	675
128	960	704	142	943	675
192	960	704	203	945	675
256	960	704	266	946	676
320	960	704	328	948	677
384	960	704	388	948	677
448	960	704	451	948	677
512	960	704	514	949	676
576	960	704	577	949	675
640	960	704	641	951	675
704	960	704	705	951	674
768	960	704	768	952	673
832	960	704	832	952	673
896	960	704	895	953	672
960	960	704	956	952	673
1023	960	704	1018	953	672
0	1023	704	53	1006	673
64	1023	704	80	1006	674
128	1023	704	138	1007	674
192	1023	704	200	1008	674
256	1023	704	264	1010	675
320	1023	704	327	1011	677
384	1023	704	386	1011	677
448	1023	704	449	1012	677
512	1023	704	513	1012	676
576	1023	704	577	1013	675
640	1023	704	641	1014	675
704	1023	704	704	1014	674
768	1023	704	768	1015	674
832	1023	704	832	1015	673
896	1023	704	894	1015	673
960	1023	704	957	1015	673
1023	1023	704	1019	1014	673
0	0	768	133	0	733
64	0	768	144	0	729
128	0	768	181	0	729
192	0	768	232	0	729
256	0	768	289	0	729
320	0	768	347	0	728
384	0	768	402	0	728
448	0	768	460	32	729
512	0	768	520	44	727
576	0	768	581	53	728
640	0	768	642	63	729
704	0	768	703	72	729
768	0	768	766	80	729
832	0	768	829	89	730
896	0	768	890	97	729
960	0	768	953	103	731
1023	0	768	1014	111	731
0	64	768	132	63	735
64	64	768	144	63	731
128	64	768	180	63	731
192	64	768	232	63	730
256	64	768	289	63	729
320	64	768	347	63	728
384	64	768	402	66	728
448	64	768	460	69	729
512	64	768	520	75	727
576	64	768	580	80	728
640	64	768	642	87	729
704	64	768	703	95	729
768	64	768	766	99	729
832	64	768	829	106	729
896	64	768	890	113	729
960	64	768	953	117	731
1023	64	768	1014	125	731
0	128	768	128	128	735
64	128	768	139	128	732
128	128	768	178	128	731
192	128	768	230	128	731
256	128	768	289	128	730
320	128	768	346	128	728
384	128	768	401	129	728
448	128	768	460	132	729
512	128	768	520	133	728
576	128	768	580	137	728
640	128	768	642	139	729
704	128	768	703	144	729
768	128	768	766	148	729
832	128	768	829	151	729
896	128	768	890	157	729
960	128	768	953	160	731
1023	128	768	1014	164	731
0	192	768	119	192	735
64	192	768	133	192	733
128	192	768	173	192	732
192	192	768	228	192	732
256	192	768	288	191	730
320	192	768	346	192	728
384	192	768	401	192	728
448	192	768	460	193	729
512	192	768	520	195	728
576	192	768	580	197	728
640	192	768	642	199	729
704	192	768	703	202	729
768	192	768	766	205	729
832	192	768	829	207	730
896	192	768	890	211	729
960	192	768	953	212	731
1023	192	768	1014	216	731
0	256	768	104	256	735
64	256	768	120	256	734
128	256	768	166	256	733
192	256	768	223	255	733
256	256	768	286	255	732
320	256	768	346	255	728
384	256	768	401	256	729
448	256	768	459	257	729
512	256	768	519	258	729
576	256	768	580	259	727
640	256	768	642	261	728
704	256	768	703	263	729
768	256	768	766	265	729
832	256	768	829	267	730
896	256	768	889	270	729
960	256	768	953	271	730
1023	256	768	1014	274	731
0	320	768	93	317	742
64	320	768	111	317	733
128	320	768	160	317	733
192	320	768	220	317	733
256	320	768	284	316	732
320	320	768	344	317	729
384	320	768	400	317	729
448	320	768	459	318	729
512	320	768	519	319	728
576	320	768	580	320	728
640	320	768	641	322	729
704	320	768	703	323	729
768	320	768	765	325	729
832	320	768	828	326	729
896	320	768	889	328	729
960	320	768	953	329	730
1023	320	768	1013	331	730
0	384	768	93	374	742
64	384	768	111	374	740
128	384	768	160	374	740
192	384	768	219	375	740
256	384	768	282	375	739
320	384	768	343	375	729
384	384	768	399	375	728
448	384	768	458	376	729
512	384	768	518	377	729
576	384	768	579	378	727
640	384	768	641	379	728
704	384	768	702	381	729
768	384	768	765	382	729
832	384	768	828	383	729
896	384	768	889	384	729
960	384	768	952	385	730
1023	384	768	1012	387	730
0	448	768	69	437	741
64	448	768	95	437	738
128	448	768	149	438	737
192	448	768	212	438	737
256	448	768	278	438	736
320	448	768	340	438	730
384	448	768	398	438	729
448	448	768	457	439	729
512	448	768	518	440	729
576	448	768	578	441	728
640	448	768	641	442	729
704	448	768	702	443	729
768	448	768	764	445	729
832	448	768	828	445	729
896	448	768	889	447	729
960	448	768	952	446	730
1023	448	768	1012	448	730
0	512	768	57	501	746
64	512	768	85	501	740
128	512	768	143	501	740
192	512	768	208	501	739
256	512	768	274	502	739
320	512	768	337	502	731
384	512	768	395	502	731
448	512	768	456	503	730
512	512	768	517	504	729
576	512	768	578	505	728
640	512	768	640	506	729
704	512	768	702	507	729
768	512	768	764	508	729
832	512	768	827	509	729
896	512	768	889	510	729
960	512	768	951	509	730
1023	512	768	1013	510	730
0	576	768	69	563	742
64	576	768	91	564	739
128	576	768	145	564	739
192	576	768	207	564	739
256	576	768	271	565	738
320	576	768	333	566	733
384	576	768	393	567	733
448	576	768	454	567	731
512	576	768	516	568	730
576	576	768	578	569	729
640	576	768	640	570	729
704	576	768	702	571	729
768	576	768	764	573	729
832	576	768	827	573	729
896	576	768	889	573	729
960	576	768	951	573	730
1023	576	768	1013	573	730
0	640	768	77	627	739
64	640	768	99	627	739
128	640	768	148	627	739
192	640	768	207	628	739
256	640	768	269	629	738
320	640	768	331	630	735
384	640	768	392	631	735
448	640	768	453	632	732
512	640	768	515	632	730
576	640	768	577	633	728
640	640	768	640	635	729
704	640	768	701	635	729
768	640	768	764	637	729
832	640	768	827	637	729
896	640	768	889	637	729
960	640	768	951	637	730
1023	640	768	1012	637	730
0	704	768	85	689	738
64	704	768	103	690	738
128	704	768	150	690	738
192	704	768	207	691	738
256	704	768	267	693	738
320	704	768	329	694	737
384	704	768	390	695	736
448	704	768	453	695	732
512	704	768	515	695	731
576	704	768	577	696	729
640	704	768	640	698	729
704	704	768	702	699	729
768	704	768	765	700	729
832	704	768	828	700	730
896	704	768	889	701	730
960	704	768	952	701	730
1023	704	768	1013	701	730
0	768	768	87	753	737
64	768	768	104	754	738
128	768	768	151	754	738
192	768	768	208	755	738
256	768	768	268	757	738
320	768	768	329	758	737
384	768	768	390	758	736
448	768	768	453	759	734
512	768	768	515	760	732
576	768	768	578	760	731
640	768	768	641	762	731
704	768	768	703	762	730
768	768	768	766	764	730
832	768	768	830	764	731
896	768	768	891	765	730
960	768	768	953	764	731
1023	768	768	1014	764	731
0	832	768	89	818	737
64	832	768	106	818	738
128	832	768	151	819	739
192	832	768	209	820	739
256	832	768	269	821	739
320	832	768	330	822	737
384	832	768	390	823	737
448	832	768	453	823	735
512	832	768	516	824	733
576	832	768	579	825	733
640	832	768	642	826	733
704	832	768	704	826	732
768	832	768	767	828	732
832	832	768	831	828	732
896	832	768	893	829	731
960	832	768	955	828	732
1023	832	768	1016	829	732
0	896	768	99	881	736
64	896	768	114	881	737
128	896	768	158	881	737
192	896	768	212	882	737
256	896	768	272	884	737
320	896	768	332	886	738
384	896	768	392	886	738
448	896	768	454	886	738
512	896	768	517	887	736
576	896	768	579	887	734
640	896	768	643	889	734
704	896	768	706	889	734
768	896	768	770	890	733
832	896	768	833	890	733
896	896	768	895	891	733
960	896	768	957	891	733
1023	896	768	1019	891	732
0	960	768	89	943	737
64	960	768	106	943	737
128	960	768	152	944	737
192	960	768	209	945	737
256	960	768	270	946	738
320	960	768	331	948	739
384	960	768	390	948	739
448	960	768	453	948	738
512	960	768	516	949	737
576	960	768	579	949	736
640	960	768	643	950	736
704	960	768	705	951	735
768	960	768	769	952	735
832	960	768	833	952	734
896	960	768	896	953	734
960	960	768	957	952	734
1023	960	768	1019	952	733
0	1023	768	82	1007	735
64	1023	768	101	1007	736
128	1023	768	149	1008	736
192	1023	768	207	1008	736
256	1023	768	269	1010	736
320	1023	768	330	1011	738
384	1023	768	389	1011	738
448	1023	768	451	1011	738
512	1023	768	515	1012	738
576	1023	768	578	1013	737
640	1023	768	642	1014	737
704	1023	768	705	1013	735
768	1023	768	769	1015	735
832	1023	768	833	1014	734
896	1023	768	896	1015	734
960	1023	768	958	1014	734
1023	1023	768	1019	1013	734
0	0	832	143	0	797
64	0	832	155	0	796
128	0	832	188	0	795
192	0	832	238	0	795
256	0	832	293	0	794
320	0	832	350	0	793
384	0	832	405	0	793
448	0	832	463	23	793
512	0	832	523	38	792
576	0	832	583	48	792
640	0	832	644	60	792
704	0	832	705	69	793
768	0	832	767	77	793
832	0	832	830	87	793
896	0	832	891	97	793
960	0	832	954	101	795
1023	0	832	1015	109	795
0	64	832	142	63	811
64	64	832	152	63	809
128	64	832	188	63	807
192	64	832	237	63	803
256	64	832	293	63	797
320	64	832	350	63	793
384	64	832	405	63	793
448	64	832	463	66	793
512	64	832	523	72	792
576	64	832	583	77	792
640	64	832	644	85	792
704	64	832	705	91	793
768	64	832	767	97	793
832	64	832	830	104	793
896	64	832	891	113	793
960	64	832	954	116	795
1023	64	832	1015	123	795
0	128	832	134	129	811
64	128	832	147	129	809
128	128	832	183	129	807
192	128	832	234	129	803
256	128	832	292	128	797
320	128	832	350	128	793
384	128	832	405	128	793
448	128	832	463	130	793
512	128	832	523	132	792
576	128	832	583	136	792
640	128	832	644	138	792
704	128	832	705	143	793
768	128	832	767	147	793
832	128	832	830	151	793
896	128	832	891	156	793
960	128	832	954	159	795
1023	128	832	1015	163	795
0	192	832	120	193	811
64	192	832	134	193	809
128	192	832	175	193	807
192	192	832	230	192	803
256	192	832	291	191	798
320	192	832	350	191	793
384	192	832	405	192	793
448	192	832	462	193	793
512	192	832	523	194	792
576	192	832	583	196	792
640	192	832	644	198	792
704	192	832	705	201	793
768	192	832	767	203	793
832	192	832	830	206	793
896	192	832	891	210	793
960	192	832	953	212	795
1023	192	832	1015	215	795
0	256	832	93	258	811
64	256	832	113	257	810
128	256	832	162	257	808
192	256	832	223	256	804
256	256	832	288	255	798
320	256	832	349	255	793
384	256	832	404	255	793
448	256	832	462	256	793
512	256	832	522	258	792
576	256	832	582	259	792
640	256	832	644	261	792
704	256	832	705	262	793
768	256	832	767	265	793
832	256	832	830	266	793
896	256	832	891	269	793
960	256	832	953	271	794
1023	256	832	1014	274	795
0	320	832	66	318	814
64	320	832	93	318	807
128	320	832	151	318	806
192	320	832	218	317	803
256	320	832	285	316	799
320	320	832	348	316	794
384	320	832	404	317	793
448	320	832	462	317	793
512	320	832	522	318	792
576	320	832	582	319	792
640	320	832	643	321	792
704	320	832	705	322	793
768	320	832	767	324	793
832	320	832	830	326	793
896	320	832	891	327	793
960	320	832	953	329	794
1023	320	832	1014	331	795
0	384	832	60	375	814
64	384	832	89	375	812
128	384	832	149	375	810
192	384	832	215	375	808
256	384	832	283	374	804
320	384	832	346	374	794
384	384	832	402	375	793
448	384	832	461	375	793
512	384	832	521	376	792
576	384	832	581	377	792
640	384	832	643	378	792
704	384	832	704	379	793
768	384	832	767	381	793
832	384	832	829	382	793
896	384	832	890	384	793
960	384	832	953	385	794
1023	384	832	1014	386	795
0	448	832	77	437	808
64	448	832	101	437	806
128	448	832	153	437	805
192	448	832	215	437	804
256	448	832	281	437	802
320	448	832	343	437	796
384	448	832	401	437	794
448	448	832	460	438	793
512	448	832	520	438	792
576	448	832	581	439	792
640	448	832	642	441	793
704	448	832	704	442	793
768	448	832	766	443	793
832	448	832	829	444	794
896	448	832	890	445	793
960	448	832	952	446	794
1023	448	832	1013	447	794
0	512	832	101	500	803
64	512	832	117	500	801
128	512	832	162	500	801
192	512	832	218	500	801
256	512	832	279	501	801
320	512	832	340	501	798
384	512	832	399	501	795
448	512	832	459	502	794
512	512	832	519	502	793
576	512	832	580	503	792
640	512	832	642	505	793
704	512	832	704	506	793
768	512	832	766	507	793
832	512	832	829	508	794
896	512	832	890	508	793
960	512	832	952	508	794
1023	512	832	1013	509	794
0	576	832	95	563	805
64	576	832	113	563	805
128	576	832	158	563	804
192	576	832	215	564	803
256	576	832	275	564	802
320	576	832	337	565	799
384	576	832	397	565	797
448	576	832	457	566	795
512	576	832	518	566	794
576	576	832	579	567	792
640	576	832	641	569	793
704	576	832	703	570	793
768	576	832	765	571	793
832	576	832	829	571	794
896	576	832	890	572	793
960	576	832	952	572	794
1023	576	832	1013	572	794
0	640	832	85	626	804
64	640	832	104	626	804
128	640	832	152	627	804
192	640	832	210	627	803
256	640	832	272	628	803
320	640	832	334	629	800
384	640	832	394	630	798
448	640	832	456	630	796
512	640	832	517	631	794
576	640	832	579	632	793
640	640	832	641	633	793
704	640	832	703	634	794
768	640	832	766	635	793
832	640	832	829	636	794
896	640	832	890	636	793
960	640	832	952	635	794
1023	640	832	1013	636	794
0	704	832	99	690	802
64	704	832	114	690	802
128	704	832	157	690	802
192	704	832	212	691	803
256	704	832	271	692	803
320	704	832	332	693	802
384	704	832	393	694	800
448	704	832	454	694	797
512	704	832	517	695	796
576	704	832	579	696	794
640	704	832	641	697	794
704	704	832	703	698	794
768	704	832	766	699	794
832	704	832	829	699	794
896	704	832	891	701	794
960	704	832	953	699	795
1023	704	832	1014	700	795
0	768	832	89	753	803
64	768	832	106	753	803
128	768	832	152	754	803
192	768	832	209	755	804
256	768	832	269	756	804
320	768	832	331	758	803
384	768	832	392	758	801
448	768	832	454	758	799
512	768	832	516	759	797
576	768	832	579	760	796
640	768	832	642	761	796
704	768	832	704	762	795
768	768	832	767	763	795
832	768	832	830	763	795
896	768	832	892	763	794
960	768	832	953	763	796
1023	768	832	1015	763	796
0	832	832	104	818	802
64	832	832	119	818	802
128	832	832	160	819	803
192	832	832	214	820	803
256	832	832	273	822	804
320	832	832	333	823	803
384	832	832	393	823	802
448	832	832	454	824	802
512	832	832	517	824	799
576	832	832	580	825	798
640	832	832	643	826	798
704	832	832	705	826	797
768	832	832	768	827	797
832	832	832	831	827	797
896	832	832	894	829	796
960	832	832	955	828	797
1023	832	832	1017	828	797
0	896	832	113	881	801
64	896	832	126	881	801
128	896	832	165	882	802
192	896	832	217	883	802
256	896	832	275	884	803
320	896	832	334	886	804
384	896	832	393	886	804
448	896	832	455	886	803
512	896	832	518	887	802
576	896	832	581	888	800
640	896	832	644	889	800
704	896	832	707	889	799
768	896	832	771	890	799
832	896	832	834	890	798
896	896	832	896	891	797
960	896	832	958	891	798
1023	896	832	1019	891	798
0	960	832	108	943	800
64	960	832	122	943	800
128	960	832	162	944	801
192	960	832	215	945	801
256	960	832	274	946	802
320	960	832	333	948	803
384	960	832	392	948	803
448	960	832	454	948	803
512	960	832	517	949	802
576	960	832	580	949	800
640	960	832	643	950	800
704	960	832	707	951	800
768	960	832	770	952	799
832	960	832	834	952	799
896	960	832	896	952	798
960	960	832	958	952	798
1023	960	832	1019	953	798
0	1023	832	103	1007	800
64	1023	832	119	1007	801
128	1023	832	160	1008	801
192	1023	832	214	1009	802
256	1023	832	272	1010	803
320	1023	832	332	1011	804
384	1023	832	391	1011	803
448	1023	832	454	1012	803
512	1023	832	517	1012	803
576	1023	832	579	1013	802
640	1023	832	643	1014	801
704	1023	832	706	1014	800
768	1023	832	770	1015	800
832	1023	832	834	1014	800
896	1023	832	897	1015	799
960	1023	832	958	1014	799
1023	1023	832	1020	1013	799
0	0	896	155	0	857
64	0	896	165	0	846
128	0	896	199	0	846
192	0	896	249	0	846
256	0	896	306	0	845
320	0	896	361	0	848
384	0	896	412	0	848
448	0	896	467	23	852
512	0	896	526	32	850
576	0	896	586	44	851
640	0	896	646	57	852
704	0	896	707	66	852
768	0	896	769	77	852
832	0	896	832	85	853
896	0	896	893	95	852
960	0	896	954	101	853
1023	0	896	1015	109	854
0	64	896	161	60	855
64	64	896	171	60	844
128	64	896	204	60	844
192	64	896	251	60	845
256	64	896	307	63	845
320	64	896	361	63	848
384	64	896	412	63	848
448	64	896	467	66	851
512	64	896	526	69	850
576	64	896	586	75	851
640	64	896	646	82	852
704	64	896	707	89	852
768	64	896	769	97	852
832	64	896	832	103	853
896	64	896	893	111	852
960	64	896	954	116	853
1023	64	896	1015	123	854
0	128	896	184	120	855
64	128	896	193	120	846
128	128	896	218	122	846
192	128	896	259	123	846
256	128	896	309	125	847
320	128	896	361	128	848
384	128	896	411	128	848
448	128	896	467	129	851
512	128	896	526	130	850
576	128	896	585	134	850
640	128	896	646	138	852
704	128	896	707	141	852
768	128	896	769	145	852
832	128	896	832	149	853
896	128	896	893	155	853
960	128	896	954	159	853
1023	128	896	1015	164	854
0	192	896	219	180	855
64	192	896	224	181	848
128	192	896	243	182	848
192	192	896	274	184	849
256	192	896	313	188	849
320	192	896	359	190	847
384	192	896	411	191	847
448	192	896	467	192	850
512	192	896	526	193	850
576	192	896	585	195	850
640	192	896	646	198	851
704	192	896	707	200	852
768	192	896	769	203	852
832	192	896	832	206	853
896	192	896	893	209	853
960	192	896	954	212	853
1023	192	896	1015	215	854
0	256	896	261	241	855
64	256	896	264	241	852
128	256	896	275	243	852
192	256	896	293	246	853
256	256	896	319	250	853
320	256	896	358	253	846
384	256	896	410	255	846
448	256	896	466	256	849
512	256	896	525	257	851
576	256	896	585	258	850
640	256	896	646	260	851
704	256	896	707	262	851
768	256	896	769	263	852
832	256	896	831	266	853
896	256	896	893	268	853
960	256	896	954	270	853
1023	256	896	1015	273	854
0	320	896	267	304	786
64	320	896	270	304	835
128	320	896	280	306	835
192	320	896	296	308	835
256	320	896	318	312	835
320	320	896	356	315	849
384	320	896	409	316	849
448	320	896	465	317	852
512	320	896	525	317	851
576	320	896	585	319	851
640	320	896	646	320	852
704	320	896	706	322	852
768	320	896	768	323	852
832	320	896	831	325	853
896	320	896	893	327	853
960	320	896	953	328	853
1023	320	896	1015	331	854
0	384	896	206	369	786
64	384	896	211	369	797
128	384	896	231	370	797
192	384	896	263	371	797
256	384	896	304	372	797
320	384	896	353	373	849
384	384	896	408	373	849
448	384	896	465	375	850
512	384	896	524	375	852
576	384	896	584	376	851
640	384	896	645	378	851
704	384	896	706	378	851
768	384	896	768	380	852
832	384	896	831	381	853
896	384	896	893	383	853
960	384	896	953	384	853
1023	384	896	1015	386	854
0	448	896	176	433	843
64	448	896	184	434	847
128	448	896	209	434	847
192	448	896	249	434	847
256	448	896	297	435	847
320	448	896	350	436	851
384	448	896	406	437	851
448	448	896	463	437	851
512	448	896	523	438	852
576	448	896	584	439	851
640	448	896	645	440	851
704	448	896	705	441	852
768	448	896	768	442	852
832	448	896	830	443	852
896	448	896	892	444	852
960	448	896	953	445	853
1023	448	896	1015	447	854
0	512	896	167	497	846
64	512	896	176	497	851
128	512	896	202	497	851
192	512	896	243	498	851
256	512	896	293	499	851
320	512	896	347	500	853
384	512	896	404	500	853
448	512	896	462	501	852
512	512	896	523	501	851
576	512	896	583	502	852
640	512	896	644	503	852
704	512	896	705	504	852
768	512	896	768	506	852
832	512	896	830	506	853
896	512	896	891	507	852
960	512	896	953	508	853
1023	512	896	1015	509	854
0	576	896	136	561	849
64	576	896	148	561	853
128	576	896	181	561	853
192	576	896	230	562	853
256	576	896	284	563	853
320	576	896	343	564	855
384	576	896	400	564	855
448	576	896	460	564	853
512	576	896	521	565	851
576	576	896	582	565	851
640	576	896	643	567	851
704	576	896	705	567	852
768	576	896	767	569	852
832	576	896	830	569	853
896	576	896	892	570	852
960	576	896	953	570	854
1023	576	896	1015	571	854
0	640	896	114	625	865
64	640	896	128	625	863
128	640	896	167	626	863
192	640	896	220	626	863
256	640	896	278	627	863
320	640	896	339	628	858
384	640	896	399	628	858
448	640	896	459	629	854
512	640	896	520	629	853
576	640	896	581	630	851
640	640	896	643	631	852
704	640	896	704	632	852
768	640	896	767	633	852
832	640	896	830	633	853
896	640	896	892	634	853
960	640	896	953	634	853
1023	640	896	1014	635	854
0	704	896	113	689	859
64	704	896	126	689	859
128	704	896	166	690	859
192	704	896	218	691	859
256	704	896	276	692	859
320	704	896	337	693	861
384	704	896	397	693	861
448	704	896	457	693	854
512	704	896	519	694	854
576	704	896	581	695	853
640	704	896	643	696	852
704	704	896	705	697	853
768	704	896	767	697	853
832	704	896	831	699	853
896	704	896	892	699	853
960	704	896	953	698	854
1023	704	896	1014	699	854
0	768	896	119	753	859
64	768	896	132	753	862
128	768	896	168	753	862
192	768	896	218	755	862
256	768	896	274	756	862
320	768	896	334	757	860
384	768	896	395	757	860
448	768	896	456	758	857
512	768	896	519	758	856
576	768	896	580	759	854
640	768	896	643	760	854
704	768	896	705	760	854
768	768	896	768	762	854
832	768	896	831	762	854
896	768	896	893	762	854
960	768	896	954	762	855
1023	768	896	1015	762	855
0	832	896	129	817	858
64	832	896	141	817	864
128	832	896	174	818	864
192	832	896	222	819	864
256	832	896	276	821	864
320	832	896	334	822	861
384	832	896	394	823	861
448	832	896	456	823	860
512	832	896	518	823	856
576	832	896	581	824	857
640	832	896	643	825	856
704	832	896	706	825	856
768	832	896	769	827	856
832	832	896	833	827	856
896	832	896	894	827	855
960	832	896	956	827	856
1023	832	896	1018	828	856
0	896	896	125	881	861
64	896	896	137	881	861
128	896	896	173	881	861
192	896	896	223	882	861
256	896	896	279	884	861
320	896	896	337	885	863
384	896	896	396	886	863
448	896	896	457	886	861
512	896	896	519	886	860
576	896	896	582	887	859
640	896	896	645	888	858
704	896	896	708	888	857
768	896	896	770	889	857
832	896	896	835	890	856
896	896	896	897	890	856
960	896	896	958	889	857
1023	896	896	1019	890	857
0	960	896	122	943	860
64	960	896	134	943	861
128	960	896	171	944	861
192	960	896	221	945	861
256	960	896	277	946	861
320	960	896	336	947	864
384	960	896	394	948	864
448	960	896	456	948	863
512	960	896	519	949	862
576	960	896	582	949	860
640	960	896	644	950	860
704	960	896	707	950	859
768	960	896	771	951	858
832	960	896	834	951	858
896	960	896	897	952	858
960	960	896	959	952	858
1023	960	896	1020	952	858
0	1023	896	116	1006	860
64	1023	896	129	1007	861
128	1023	896	168	1007	861
192	1023	896	220	1008	861
256	1023	896	277	1010	861
320	1023	896	335	1011	864
384	1023	896	394	1012	864
448	1023	896	455	1012	863
512	1023	896	518	1012	862
576	1023	896	580	1012	861
640	1023	896	644	1013	860
704	1023	896	707	1014	860
768	1023	896	771	1015	860
832	1023	896	835	1015	859
896	1023	896	897	1015	859
960	1023	896	960	1015	859
1023	1023	896	1022	1013	859
0	0	960	165	0	917
64	0	960	175	0	913
128	0	960	206	0	913
192	0	960	252	0	912
256	0	960	307	0	912
320	0	960	362	0	910
384	0	960	415	0	910
448	0	960	471	0	912
512	0	960	530	23	910
576	0	960	590	38	911
640	0	960	649	53	912
704	0	960	710	63	912
768	0	960	772	72	913
832	0	960	834	82	913
896	0	960	895	91	912
960	0	960	956	101	915
1023	0	960	1017	108	915
0	64	960	169	60	910
64	64	960	179	60	906
128	64	960	209	60	906
192	64	960	254	63	908
256	64	960	307	63	909
320	64	960	362	63	909
384	64	960	415	63	910
448	64	960	471	63	912
512	64	960	530	66	910
576	64	960	590	72	911
640	64	960	649	80	912
704	64	960	710	87	912
768	64	960	772	93	913
832	64	960	834	103	913
896	64	960	895	108	912
960	64	960	956	116	915
1023	64	960	1017	122	915
0	128	960	182	123	910
64	128	960	191	123	906
128	128	960	218	125	907
192	128	960	259	125	908
256	128	960	309	126	910
320	128	960	362	126	910
384	128	960	415	128	910
448	128	960	471	128	911
512	128	960	530	129	911
576	128	960	589	132	911
640	128	960	649	136	912
704	128	960	710	139	912
768	128	960	772	143	913
832	128	960	834	149	913
896	128	960	895	153	912
960	128	960	956	158	915
1023	128	960	1017	162	915
0	192	960	204	185	910
64	192	960	211	185	907
128	192	960	233	186	908
192	192	960	269	187	909
256	192	960	313	188	911
320	192	960	363	189	910
384	192	960	415	190	910
448	192	960	471	191	911
512	192	960	530	192	911
576	192	960	589	194	911
640	192	960	649	197	912
704	192	960	709	199	912
768	192	960	771	202	913
832	192	960	834	205	913
896	192	960	895	208	913
960	192	960	956	212	915
1023	192	960	1017	215	915
0	256	960	233	247	910
64	256	960	238	247	909
128	256	960	254	248	910
192	256	960	282	249	911
256	256	960	318	251	913
320	256	960	364	253	910
384	256	960	415	253	910
448	256	960	471	255	910
512	256	960	529	256	911
576	256	960	589	258	911
640	256	960	649	259	911
704	256	960	709	261	912
768	256	960	771	263	912
832	256	960	833	265	913
896	256	960	895	267	913
960	256	960	956	270	915
1023	256	960	1017	272	915
0	320	960	238	308	890
64	320	960	243	309	904
128	320	960	258	309	904
192	320	960	285	310	904
256	320	960	320	312	904
320	320	960	364	314	909
384	320	960	415	315	909
448	320	960	470	316	911
512	320	960	529	317	911
576	320	960	588	318	911
640	320	960	649	319	912
704	320	960	709	321	912
768	320	960	771	322	912
832	320	960	833	324	913
896	320	960	894	326	912
960	320	960	956	328	915
1023	320	960	1017	330	915
0	384	960	200	370	890
64	384	960	207	370	893
128	384	960	230	370	893
192	384	960	267	371	893
256	384	960	312	371	893
320	384	960	362	372	908
384	384	960	413	373	908
448	384	960	469	373	910
512	384	960	528	374	911
576	384	960	588	375	910
640	384	960	648	376	912
704	384	960	709	378	912
768	384	960	771	379	912
832	384	960	833	381	913
896	384	960	894	382	913
960	384	960	956	384	914
1023	384	960	1017	385	915
0	448	960	148	435	914
64	448	960	159	435	913
128	448	960	194	435	913
192	448	960	245	435	912
256	448	960	302	435	910
320	448	960	359	435	910
384	448	960	412	436	910
448	448	960	468	436	911
512	448	960	528	437	911
576	448	960	587	438	910
640	448	960	648	439	911
704	448	960	708	440	912
768	448	960	770	441	912
832	448	960	833	442	913
896	448	960	894	443	913
960	448	960	956	444	915
1023	448	960	1016	446	915
0	512	960	136	498	926
64	512	960	148	498	919
128	512	960	186	498	919
192	512	960	238	498	919
256	512	960	298	498	919
320	512	960	356	499	912
384	512	960	410	499	912
448	512	960	467	500	913
512	512	960	527	500	912
576	512	960	587	501	911
640	512	960	647	502	912
704	512	960	708	503	912
768	512	960	770	504	912
832	512	960	833	505	913
896	512	960	894	506	913
960	512	960	955	507	915
1023	512	960	1016	508	915
0	576	960	160	560	914
64	576	960	169	560	914
128	576	960	199	561	914
192	576	960	243	561	914
256	576	960	296	562	914
320	576	960	351	562	914
384	576	960	407	563	913
448	576	960	465	563	913
512	576	960	525	564	912
576	576	960	586	565	912
640	576	960	646	566	913
704	576	960	707	566	912
768	576	960	769	567	912
832	576	960	832	568	913
896	576	960	894	569	913
960	576	960	955	569	915
1023	576	960	1016	570	915
0	640	960	148	624	916
64	640	960	158	624	917
128	640	960	189	625	917
192	640	960	235	625	917
256	640	960	288	626	917
320	640	960	346	627	917
384	640	960	404	627	917
448	640	960	463	627	914
512	640	960	524	628	913
576	640	960	585	629	912
640	640	960	646	630	913
704	640	960	707	630	913
768	640	960	769	632	913
832	640	960	832	632	913
896	640	960	893	633	913
960	640	960	955	633	915
1023	640	960	1016	633	915
0	704	960	122	689	920
64	704	960	134	689	920
128	704	960	174	689	920
192	704	960	225	690	920
256	704	960	284	691	919
320	704	960	343	691	920
384	704	960	401	692	919
448	704	960	461	692	915
512	704	960	523	693	915
576	704	960	584	693	912
640	704	960	646	695	913
704	704	960	707	694	913
768	704	960	769	696	913
832	704	960	832	696	914
896	704	960	894	697	914
960	704	960	955	697	915
1023	704	960	1016	697	915
0	768	960	125	752	923
64	768	960	137	752	923
128	768	960	173	753	923
192	768	960	223	753	924
256	768	960	278	755	924
320	768	960	338	756	921
384	768	960	399	756	920
448	768	960	460	756	918
512	768	960	521	757	916
576	768	960	583	757	915
640	768	960	645	758	915
704	768	960	707	759	915
768	768	960	769	760	915
832	768	960	833	760	915
896	768	960	894	761	915
960	768	960	956	761	916
1023	768	960	1017	761	916
0	832	960	136	817	921
64	832	960	147	817	924
128	832	960	179	818	924
192	832	960	226	819	924
256	832	960	280	820	925
320	832	960	338	821	922
384	832	960	397	821	922
448	832	960	459	822	921
512	832	960	521	822	918
576	832	960	583	823	917
640	832	960	645	824	917
704	832	960	707	824	916
768	832	960	770	825	916
832	832	960	833	825	917
896	832	960	896	826	916
960	832	960	957	826	917
1023	832	960	1018	826	917
0	896	960	148	881	920
64	896	960	158	881	921
128	896	960	188	881	921
192	896	960	232	882	921
256	896	960	283	884	922
320	896	960	340	885	925
384	896	960	398	885	924
448	896	960	459	886	923
512	896	960	521	886	921
576	896	960	584	887	919
640	896	960	646	888	919
704	896	960	709	887	918
768	896	960	772	889	918
832	896	960	835	888	918
896	896	960	898	890	918
960	896	960	959	889	918
1023	896	960	1021	889	919
0	960	960	141	942	922
64	960	960	150	943	923
128	960	960	182	943	923
192	960	960	228	944	923
256	960	960	281	946	924
320	960	960	339	947	926
384	960	960	398	948	925
448	960	960	458	948	924
512	960	960	521	948	922
576	960	960	583	948	920
640	960	960	646	949	920
704	960	960	708	950	920
768	960	960	772	951	919
832	960	960	836	951	919
896	960	960	898	951	919
960	960	960	960	952	920
1023	960	960	1020	951	920
0	1023	960	141	1007	921
64	1023	960	151	1007	921
128	1023	960	183	1008	922
192	1023	960	230	1009	922
256	1023	960	283	1010	922
320	1023	960	340	1011	925
384	1023	960	397	1011	924
448	1023	960	458	1012	924
512	1023	960	520	1012	924
576	1023	960	583	1013	922
640	1023	960	646	1014	922
704	1023	960	708	1013	921
768	1023	960	772	1014	920
832	1023	960	836	1014	920
896	1023	960	899	1015	920
960	1023	960	960	1014	920
1023	1023	960	1022	1012	920
0	0	1023	176	0	977
64	0	1023	185	0	975
128	0	1023	213	0	975
192	0	1023	257	0	975
256	0	1023	308	0	975
320	0	1023	363	0	971
384	0	1023	419	0	970
448	0	1023	474	0	972
512	0	1023	532	0	970
576	0	1023	592	32	971
640	0	1023	651	48	972
704	0	1023	712	60	972
768	0	1023	773	69	973
832	0	1023	836	80	973
896	0	1023	897	91	973
960	0	1023	958	99	975
1023	0	1023	1019	106	976
0	64	1023	175	63	980
64	64	1023	184	63	977
128	64	1023	213	63	977
192	64	1023	256	63	976
256	64	1023	308	63	974
320	64	1023	363	63	970
384	64	1023	419	63	970
448	64	1023	474	63	972
512	64	1023	532	63	970
576	64	1023	592	69	971
640	64	1023	651	77	972
704	64	1023	712	85	972
768	64	1023	773	93	973
832	64	1023	836	101	973
896	64	1023	897	108	973
960	64	1023	958	114	975
1023	64	1023	1019	120	976
0	128	1023	172	128	980
64	128	1023	181	128	978
128	128	1023	211	128	977
192	128	1023	255	128	976
256	128	1023	308	126	975
320	128	1023	364	126	971
384	128	1023	418	128	971
448	128	1023	474	128	972
512	128	1023	532	128	971
576	128	1023	592	130	971
640	128	1023	651	134	972
704	128	1023	712	139	972
768	128	1023	773	143	973
832	128	1023	836	148	973
896	128	1023	897	152	973
960	128	1023	958	157	975
1023	128	1023	1019	162	976
0	192	1023	165	191	980
64	192	1023	175	191	978
128	192	1023	206	191	978
192	192	1023	253	190	977
256	192	1023	308	190	975
320	192	1023	364	190	971
384	192	1023	418	190	971
448	192	1023	474	191	972
512	192	1023	532	192	971
576	192	1023	591	193	970
640	192	1023	651	196	971
704	192	1023	712	198	972
768	192	1023	773	202	972
832	192	1023	835	204	973
896	192	1023	896	208	973
960	192	1023	957	211	975
1023	192	1023	1019	214	976
0	256	1023	155	255	980
64	256	1023	166	255	979
128	256	1023	201	254	978
192	256	1023	250	254	977
256	256	1023	308	253	976
320	256	1023	365	253	972
384	256	1023	418	253	972
448	256	1023	473	255	971
512	256	1023	532	256	972
576	256	1023	591	256	970
640	256	1023	651	259	971
704	256	1023	711	261	972
768	256	1023	773	262	972
832	256	1023	835	265	973
896	256	1023	896	267	973
960	256	1023	957	269	975
1023	256	1023	1019	272	976
0	320	1023	163	314	978
64	320	1023	174	314	971
128	320	1023	206	314	971
192	320	1023	253	314	972
256	320	1023	308	314	973
320	320	1023	364	314	972
384	320	1023	417	315	971
448	320	1023	472	316	972
512	320	1023	531	317	971
576	320	1023	590	317	971
640	320	1023	651	319	972
704	320	1023	711	321	972
768	320	1023	773	322	973
832	320	1023	835	323	973
896	320	1023	896	326	973
960	320	1023	957	327	975
1023	320	1023	1018	330	975
0	384	1023	199	370	978
64	384	1023	206	370	976
128	384	1023	229	370	977
192	384	1023	265	371	978
256	384	1023	309	372	979
320	384	1023	360	372	972
384	384	1023	415	373	971
448	384	1023	471	373	971
512	384	1023	530	374	972
576	384	1023	590	375	970
640	384	1023	650	376	971
704	384	1023	711	377	972
768	384	1023	772	379	972
832	384	1023	835	380	973
896	384	1023	896	382	973
960	384	1023	957	383	975
1023	384	1023	1018	385	975
0	448	1023	167	434	971
64	448	1023	176	434	974
128	448	1023	206	435	974
192	448	1023	250	435	973
256	448	1023	303	435	971
320	448	1023	358	435	974
384	448	1023	414	435	973
448	448	1023	470	436	972
512	448	1023	530	437	972
576	448	1023	589	437	971
640	448	1023	650	438	972
704	448	1023	710	439	972
768	448	1023	772	440	972
832	448	1023	834	441	973
896	448	1023	896	443	973
960	448	1023	957	444	975
1023	448	1023	1017	445	975
0	512	1023	128	499	988
64	512	1023	141	499	983
128	512	1023	180	499	983
192	512	1023	234	499	983
256	512	1023	294	499	982
320	512	1023	354	499	976
384	512	1023	412	499	974
448	512	1023	469	499	973
512	512	1023	529	500	972
576	512	1023	589	500	971
640	512	1023	649	502	973
704	512	1023	710	502	972
768	512	1023	771	503	972
832	512	1023	834	504	973
896	512	1023	896	505	973
960	512	1023	956	506	975
1023	512	1023	1018	507	975
0	576	1023	114	561	988
64	576	1023	129	562	987
128	576	1023	170	562	986
192	576	1023	225	562	986
256	576	1023	284	562	985
320	576	1023	346	562	980
384	576	1023	407	562	978
448	576	1023	467	563	975
512	576	1023	527	563	973
576	576	1023	588	564	972
640	576	1023	648	565	973
704	576	1023	709	565	973
768	576	1023	771	566	973
832	576	1023	834	567	973
896	576	1023	895	568	973
960	576	1023	956	568	975
1023	576	1023	1018	570	975
0	640	1023	123	625	989
64	640	1023	137	625	987
128	640	1023	174	625	987
192	640	1023	226	625	988
256	640	1023	283	626	988
320	640	1023	344	626	982
384	640	1023	404	626	981
448	640	1023	465	627	976
512	640	1023	526	627	974
576	640	1023	587	628	972
640	640	1023	648	629	973
704	640	1023	708	629	973
768	640	1023	771	630	973
832	640	1023	833	630	973
896	640	1023	895	632	974
960	640	1023	956	632	975
1023	640	1023	1017	633	976
0	704	1023	129	688	983
64	704	1023	141	688	983
128	704	1023	176	689	984
192	704	1023	225	689	984
256	704	1023	281	690	984
320	704	1023	340	691	984
384	704	1023	403	691	982
448	704	1023	463	691	978
512	704	1023	524	692	976
576	704	1023	585	692	973
640	704	1023	647	693	973
704	704	1023	708	694	973
768	704	1023	771	695	973
832	704	1023	833	695	974
896	704	1023	895	695	974
960	704	1023	957	696	975
1023	704	1023	1018	697	976
0	768	1023	132	752	983
64	768	1023	143	752	986
128	768	1023	177	753	986
192	768	1023	224	754	986
256	768	1023	277	755	986
320	768	1023	337	756	985
384	768	1023	399	756	983
448	768	1023	460	756	980
512	768	1023	523	756	978
576	768	1023	584	757	976
640	768	1023	646	758	976
704	768	1023	708	758	975
768	768	1023	771	759	975
832	768	1023	833	759	975
896	768	1023	896	760	975
960	768	1023	957	760	976
1023	768	1023	1018	760	977
0	832	1023	145	818	982
64	832	1023	156	818	986
128	832	1023	186	818	986
192	832	1023	230	819	986
256	832	1023	281	820	987
320	832	1023	339	821	983
384	832	1023	400	821	983
448	832	1023	460	822	982
512	832	1023	522	822	980
576	832	1023	584	823	979
640	832	1023	646	824	978
704	832	1023	708	824	978
768	832	1023	771	825	977
832	832	1023	834	825	977
896	832	1023	897	826	977
960	832	1023	958	826	978
1023	832	1023	1020	826	978
0	896	1023	147	881	983
64	896	1023	156	881	984
128	896	1023	186	882	984
192	896	1023	230	883	985
256	896	1023	282	884	985
320	896	1023	338	885	988
384	896	1023	398	886	988
448	896	1023	459	886	985
512	896	1023	522	886	983
576	896	1023	584	886	980
640	896	1023	647	888	980
704	896	1023	709	888	980
768	896	1023	772	889	979
832	896	1023	836	889	978
896	896	1023	898	889	979
960	896	1023	960	889	979
1023	896	1023	1022	889	979
0	960	1023	139	944	984
64	960	1023	150	944	985
128	960	1023	183	944	985
192	960	1023	230	945	985
256	960	1023	283	947	985
320	960	1023	340	948	987
384	960	1023	398	948	987
448	960	1023	459	948	985
512	960	1023	521	949	984
576	960	1023	584	949	982
640	960	1023	646	950	982
704	960	1023	709	950	981
768	960	1023	772	951	980
832	960	1023	836	951	980
896	960	1023	899	952	980
960	960	1023	960	951	981
1023	960	1023	1022	952	980
0	1023	1023	145	1008	983
64	1023	1023	156	1008	983
128	1023	1023	186	1008	983
192	1023	1023	230	1009	984
256	1023	1023	282	1011	984
320	1023	1023	339	1012	987
384	1023	1023	397	1012	987
448	1023	1023	458	1013	986
512	1023	1023	521	1013	986
576	1023	1023	584	1014	983
640	1023	1023	646	1014	983
704	1023	1023	709	1014	982
768	1023	1023	773	1015	982
832	1023	1023	836	1014	981
896	1023	1023	899	1015	980
960	1023	1023	961	1014	981
1023	1023	1023	1023	1013	982
