0	0	0	0	0	0
64	0	0	60	0	0
128	0	0	120	0	0
192	0	0	180	0	0
256	0	0	240	0	0
320	0	0	301	0	0
384	0	0	362	0	0
448	0	0	422	23	0
512	0	0	479	23	0
576	0	0	537	32	0
640	0	0	599	32	0
704	0	0	654	38	0
768	0	0	712	38	0
832	0	0	771	38	0
896	0	0	831	48	0
960	0	0	890	48	0
1023	0	0	947	57	0
0	64	0	0	63	0
64	64	0	60	63	0
128	64	0	120	63	0
192	64	0	180	63	0
256	64	0	240	63	0
320	64	0	300	63	0
384	64	0	362	63	0
448	64	0	422	63	0
512	64	0	479	66	0
576	64	0	537	66	0
640	64	0	599	66	0
704	64	0	654	69	0
768	64	0	712	69	0
832	64	0	771	72	0
896	64	0	831	75	0
960	64	0	890	80	0
1023	64	0	947	80	0
0	128	0	0	126	0
64	128	0	60	126	0
128	128	0	120	126	0
192	128	0	180	126	0
256	128	0	240	126	0
320	128	0	300	126	0
384	128	0	361	126	0
448	128	0	421	126	0
512	128	0	479	128	0
576	128	0	537	128	0
640	128	0	598	128	0
704	128	0	654	128	0
768	128	0	712	129	0
832	128	0	771	130	0
896	128	0	831	132	0
960	128	0	889	132	0
1023	128	0	947	134	0
0	192	0	0	190	0
64	192	0	60	190	0
128	192	0	120	190	0
192	192	0	180	189	0
256	192	0	240	189	0
320	192	0	300	189	0
384	192	0	361	188	0
448	192	0	421	188	0
512	192	0	478	189	0
576	192	0	536	189	0
640	192	0	598	189	0
704	192	0	653	189	0
768	192	0	711	191	0
832	192	0	771	191	0
896	192	0	831	191	0
960	192	0	889	193	0
1023	192	0	947	193	0
0	256	0	0	253	0
64	256	0	60	253	0
128	256	0	119	252	0
192	256	0	180	252	0
256	256	0	240	252	0
320	256	0	299	252	0
384	256	0	360	251	0
448	256	0	420	252	0
512	256	0	477	252	0
576	256	0	536	252	0
640	256	0	597	252	0
704	256	0	653	252	0
768	256	0	711	252	0
832	256	0	770	253	0
896	256	0	830	253	0
960	256	0	889	253	0
1023	256	0	946	253	0
0	320	0	0	316	23
64	320	0	60	316	23
128	320	0	119	316	23
192	320	0	179	316	0
256	320	0	239	315	0
320	320	0	299	314	0
384	320	0	360	314	0
448	320	0	419	314	0
512	320	0	477	314	0
576	320	0	535	314	0
640	320	0	596	314	0
704	320	0	652	315	0
768	320	0	710	315	0
832	320	0	770	315	0
896	320	0	830	315	0
960	320	0	888	315	0
1023	320	0	946	315	0
0	384	0	0	379	23
64	384	0	60	379	23
128	384	0	120	379	23
192	384	0	179	379	23
256	384	0	239	378	23
320	384	0	299	378	0
384	384	0	360	377	0
448	384	0	419	377	0
512	384	0	477	377	0
576	384	0	535	377	0
640	384	0	596	377	0
704	384	0	652	377	0
768	384	0	710	377	0
832	384	0	770	378	0
896	384	0	830	378	0
960	384	0	888	378	0
1023	384	0	946	377	0
0	448	0	0	441	23
64	448	0	60	441	23
128	448	0	120	441	23
192	448	0	179	440	23
256	448	0	240	439	23
320	448	0	299	439	23
384	448	0	359	439	23
448	448	0	419	438	0
512	448	0	477	438	0
576	448	0	535	439	0
640	448	0	596	438	0
704	448	0	652	438	0
768	448	0	710	438	0
832	448	0	770	438	0
896	448	0	830	438	0
960	448	0	888	438	0
1023	448	0	946	438	0
0	512	0	0	501	32
64	512	0	60	501	32
128	512	0	120	501	32
192	512	0	180	500	32
256	512	0	240	500	23
320	512	0	299	499	23
384	512	0	360	499	23
448	512	0	419	498	23
512	512	0	477	498	0
576	512	0	534	498	0
640	512	0	596	498	0
704	512	0	652	498	0
768	512	0	710	498	0
832	512	0	770	498	0
896	512	0	830	498	0
960	512	0	888	498	0
1023	512	0	946	498	23
0	576	0	32	562	32
64	576	0	60	562	32
128	576	0	122	562	32
192	576	0	180	562	32
256	576	0	240	561	32
320	576	0	299	560	32
384	576	0	360	560	32
448	576	0	419	560	23
512	576	0	477	560	23
576	576	0	535	560	0
640	576	0	597	560	0
704	576	0	652	560	0
768	576	0	710	560	0
832	576	0	770	560	0
896	576	0	830	560	0
960	576	0	888	559	23
1023	576	0	946	559	23
0	640	0	32	625	38
64	640	0	66	625	38
128	640	0	122	625	38
192	640	0	180	625	38
256	640	0	240	624	38
320	640	0	299	624	32
384	640	0	359	623	32
448	640	0	419	623	32
512	640	0	476	623	23
576	640	0	534	623	23
640	640	0	596	623	0
704	640	0	651	623	0
768	640	0	710	623	0
832	640	0	770	623	0
896	640	0	830	623	0
960	640	0	888	623	23
1023	640	0	946	622	23
0	704	0	32	683	44
64	704	0	66	683	44
128	704	0	122	683	44
192	704	0	180	683	38
256	704	0	239	683	38
320	704	0	298	682	38
384	704	0	359	682	38
448	704	0	419	682	32
512	704	0	476	682	32
576	704	0	534	681	32
640	704	0	596	681	23
704	704	0	651	681	23
768	704	0	709	681	0
832	704	0	769	681	0
896	704	0	829	681	23
960	704	0	888	681	23
1023	704	0	946	680	32
0	768	0	32	745	44
64	768	0	66	745	44
128	768	0	122	744	44
192	768	0	180	744	44
256	768	0	239	744	44
320	768	0	298	743	44
384	768	0	359	743	44
448	768	0	418	743	38
512	768	0	475	743	32
576	768	0	534	743	32
640	768	0	595	743	32
704	768	0	651	743	23
768	768	0	709	743	32
832	768	0	769	743	0
896	768	0	829	743	23
960	768	0	888	743	23
1023	768	0	946	742	32
0	832	0	38	808	44
64	832	0	66	808	44
128	832	0	122	808	44
192	832	0	180	808	44
256	832	0	239	807	44
320	832	0	298	807	44
384	832	0	359	807	44
448	832	0	418	807	44
512	832	0	475	807	44
576	832	0	534	807	32
640	832	0	595	807	32
704	832	0	651	807	32
768	832	0	709	807	32
832	832	0	769	807	32
896	832	0	829	807	32
960	832	0	888	807	32
1023	832	0	946	806	32
0	896	0	38	869	53
64	896	0	66	869	53
128	896	0	122	869	53
192	896	0	180	869	53
256	896	0	239	869	53
320	896	0	298	868	48
384	896	0	359	868	44
448	896	0	418	868	44
512	896	0	475	868	44
576	896	0	533	868	44
640	896	0	595	868	44
704	896	0	650	868	44
768	896	0	708	868	38
832	896	0	768	868	38
896	896	0	829	868	32
960	896	0	888	868	38
1023	896	0	945	868	38
0	960	0	44	931	53
64	960	0	72	930	53
128	960	0	123	930	53
192	960	0	180	930	53
256	960	0	239	930	53
320	960	0	298	930	53
384	960	0	358	930	53
448	960	0	418	929	48
512	960	0	475	929	53
576	960	0	533	930	53
640	960	0	595	930	48
704	960	0	650	929	44
768	960	0	708	929	44
832	960	0	768	930	44
896	960	0	829	929	44
960	960	0	887	930	44
1023	960	0	946	929	38
0	1023	0	44	991	57
64	1023	0	72	991	57
128	1023	0	125	990	57
192	1023	0	180	990	57
256	1023	0	238	990	60
320	1023	0	296	990	60
384	1023	0	357	990	57
448	1023	0	416	990	57
512	1023	0	473	990	57
576	1023	0	531	990	57
640	1023	0	593	990	57
704	1023	0	649	990	53
768	1023	0	707	990	57
832	1023	0	768	990	53
896	1023	0	828	990	48
960	1023	0	887	990	48
1023	1023	0	945	990	48
0	0	64	0	0	63
64	0	64	60	0	63
128	0	64	120	0	63
192	0	64	180	0	63
256	0	64	240	0	63
320	0	64	300	0	63
384	0	64	362	0	60
448	0	64	422	23	60
512	0	64	479	23	60
576	0	64	537	32	57
640	0	64	599	32	57
704	0	64	654	38	53
768	0	64	712	38	53
832	0	64	771	38	48
896	0	64	831	48	44
960	0	64	890	48	38
1023	0	64	947	57	32
0	64	64	0	63	63
64	64	64	60	63	63
128	64	64	120	63	63
192	64	64	180	63	63
256	64	64	240	63	63
320	64	64	300	63	63
384	64	64	362	63	60
448	64	64	422	63	60
512	64	64	479	66	60
576	64	64	537	66	57
640	64	64	599	66	57
704	64	64	654	69	53
768	64	64	712	72	53
832	64	64	771	72	48
896	64	64	831	75	44
960	64	64	889	80	38
1023	64	64	947	80	32
0	128	64	0	126	63
64	128	64	60	126	63
128	128	64	120	126	63
192	128	64	180	126	63
256	128	64	240	126	63
320	128	64	300	126	63
384	128	64	361	126	60
448	128	64	421	126	60
512	128	64	479	128	60
576	128	64	537	128	57
640	128	64	598	128	57
704	128	64	654	128	53
768	128	64	711	129	53
832	128	64	771	130	48
896	128	64	831	132	44
960	128	64	889	132	38
1023	128	64	947	134	32
0	192	64	0	190	63
64	192	64	60	190	63
128	192	64	120	190	63
192	192	64	180	189	63
256	192	64	240	189	63
320	192	64	300	188	63
384	192	64	361	188	63
448	192	64	421	188	60
512	192	64	478	189	60
576	192	64	536	189	57
640	192	64	598	189	57
704	192	64	653	189	53
768	192	64	711	191	53
832	192	64	771	191	48
896	192	64	831	192	44
960	192	64	889	193	38
1023	192	64	947	193	38
0	256	64	0	253	66
64	256	64	60	253	66
128	256	64	119	252	66
192	256	64	179	252	63
256	256	64	240	252	63
320	256	64	299	252	63
384	256	64	360	251	63
448	256	64	420	252	60
512	256	64	477	252	60
576	256	64	536	252	60
640	256	64	597	252	57
704	256	64	653	252	57
768	256	64	711	252	53
832	256	64	770	252	48
896	256	64	830	253	44
960	256	64	889	253	44
1023	256	64	947	253	38
0	320	64	0	316	66
64	320	64	60	316	66
128	320	64	119	316	66
192	320	64	179	316	66
256	320	64	240	315	63
320	320	64	299	314	63
384	320	64	360	314	63
448	320	64	419	314	63
512	320	64	477	314	60
576	320	64	535	314	60
640	320	64	597	314	57
704	320	64	652	314	57
768	320	64	710	315	53
832	320	64	770	315	48
896	320	64	830	315	48
960	320	64	888	315	44
1023	320	64	946	315	38
0	384	64	0	379	66
64	384	64	60	379	66
128	384	64	120	379	66
192	384	64	179	379	66
256	384	64	240	378	66
320	384	64	299	377	66
384	384	64	360	377	63
448	384	64	419	377	63
512	384	64	477	377	63
576	384	64	535	377	60
640	384	64	597	377	60
704	384	64	652	377	57
768	384	64	710	377	53
832	384	64	770	377	53
896	384	64	830	378	48
960	384	64	888	378	44
1023	384	64	946	377	38
0	448	64	23	441	69
64	448	64	60	441	69
128	448	64	122	441	66
192	448	64	180	440	66
256	448	64	240	439	66
320	448	64	299	439	66
384	448	64	360	439	66
448	448	64	419	438	63
512	448	64	477	438	63
576	448	64	535	439	63
640	448	64	596	438	60
704	448	64	652	438	60
768	448	64	710	438	57
832	448	64	770	438	53
896	448	64	830	438	48
960	448	64	888	438	48
1023	448	64	946	438	48
0	512	64	32	501	69
64	512	64	60	501	69
128	512	64	122	501	69
192	512	64	180	500	69
256	512	64	240	500	69
320	512	64	299	499	66
384	512	64	360	499	66
448	512	64	420	498	66
512	512	64	477	498	63
576	512	64	535	498	63
640	512	64	596	498	63
704	512	64	652	498	60
768	512	64	710	498	57
832	512	64	770	498	57
896	512	64	830	498	53
960	512	64	888	498	53
1023	512	64	946	498	48
0	576	64	32	562	69
64	576	64	63	562	69
128	576	64	122	562	69
192	576	64	180	562	69
256	576	64	240	561	69
320	576	64	299	560	69
384	576	64	360	560	69
448	576	64	419	560	66
512	576	64	477	560	66
576	576	64	535	560	66
640	576	64	597	560	63
704	576	64	652	560	60
768	576	64	710	560	60
832	576	64	770	560	57
896	576	64	830	560	53
960	576	64	888	559	53
1023	576	64	946	559	53
0	640	64	32	626	72
64	640	64	66	625	72
128	640	64	122	625	72
192	640	64	180	625	72
256	640	64	240	624	72
320	640	64	299	624	72
384	640	64	359	623	69
448	640	64	419	623	69
512	640	64	476	623	69
576	640	64	534	623	66
640	640	64	596	623	66
704	640	64	651	623	63
768	640	64	710	623	60
832	640	64	770	623	60
896	640	64	830	623	60
960	640	64	888	623	57
1023	640	64	946	622	57
0	704	64	32	683	72
64	704	64	66	683	72
128	704	64	122	683	72
192	704	64	180	683	72
256	704	64	239	682	72
320	704	64	298	682	72
384	704	64	359	682	72
448	704	64	419	682	72
512	704	64	476	682	69
576	704	64	534	681	69
640	704	64	596	681	66
704	704	64	651	681	66
768	704	64	709	681	63
832	704	64	769	681	60
896	704	64	829	681	63
960	704	64	888	681	60
1023	704	64	946	680	60
0	768	64	32	745	77
64	768	64	66	745	77
128	768	64	122	744	75
192	768	64	180	744	75
256	768	64	239	744	75
320	768	64	298	743	72
384	768	64	359	743	72
448	768	64	418	743	72
512	768	64	475	743	72
576	768	64	534	743	72
640	768	64	595	743	69
704	768	64	651	743	66
768	768	64	709	743	69
832	768	64	769	743	66
896	768	64	829	743	63
960	768	64	888	742	66
1023	768	64	946	742	63
0	832	64	38	808	77
64	832	64	69	808	77
128	832	64	122	808	77
192	832	64	181	808	77
256	832	64	240	807	77
320	832	64	298	807	77
384	832	64	359	807	77
448	832	64	418	807	72
512	832	64	476	807	72
576	832	64	534	807	72
640	832	64	595	807	72
704	832	64	651	807	72
768	832	64	709	807	72
832	832	64	769	807	66
896	832	64	829	807	66
960	832	64	888	807	66
1023	832	64	946	806	66
0	896	64	44	869	77
64	896	64	69	869	77
128	896	64	123	869	77
192	896	64	180	869	77
256	896	64	239	869	77
320	896	64	298	868	77
384	896	64	359	868	77
448	896	64	418	868	77
512	896	64	475	868	77
576	896	64	533	868	75
640	896	64	595	868	75
704	896	64	650	868	72
768	896	64	708	868	75
832	896	64	769	868	72
896	896	64	829	868	72
960	896	64	888	868	72
1023	896	64	945	868	69
0	960	64	44	930	82
64	960	64	72	930	82
128	960	64	125	930	82
192	960	64	181	930	80
256	960	64	239	930	80
320	960	64	298	930	80
384	960	64	358	930	77
448	960	64	418	929	80
512	960	64	475	929	80
576	960	64	533	930	77
640	960	64	595	929	77
704	960	64	650	929	77
768	960	64	708	929	77
832	960	64	768	929	77
896	960	64	829	929	77
960	960	64	887	930	72
1023	960	64	946	929	72
0	1023	64	44	991	82
64	1023	64	72	991	82
128	1023	64	125	990	82
192	1023	64	180	990	82
256	1023	64	238	990	82
320	1023	64	296	990	85
384	1023	64	357	990	85
448	1023	64	416	990	82
512	1023	64	473	990	82
576	1023	64	532	990	82
640	1023	64	593	990	82
704	1023	64	649	990	82
768	1023	64	707	990	80
832	1023	64	768	990	77
896	1023	64	828	990	77
960	1023	64	887	990	77
1023	1023	64	945	990	77
0	0	128	23	0	130
64	0	128	63	0	130
128	0	128	122	0	130
192	0	128	181	0	130
256	0	128	241	0	130
320	0	128	301	23	129
384	0	128	362	23	128
448	0	128	422	23	128
512	0	128	479	23	128
576	0	128	537	32	126
640	0	128	599	32	126
704	0	128	654	38	125
768	0	128	712	38	125
832	0	128	771	44	123
896	0	128	831	48	122
960	0	128	889	48	120
1023	0	128	947	57	119
0	64	128	23	63	129
64	64	128	63	63	129
128	64	128	122	63	129
192	64	128	181	63	129
256	64	128	241	63	129
320	64	128	301	63	129
384	64	128	362	63	128
448	64	128	422	63	128
512	64	128	479	66	128
576	64	128	537	66	126
640	64	128	599	66	126
704	64	128	654	69	125
768	64	128	712	72	125
832	64	128	771	72	123
896	64	128	831	77	122
960	64	128	889	80	120
1023	64	128	947	80	119
0	128	128	23	128	129
64	128	128	63	128	129
128	128	128	122	128	129
192	128	128	181	128	129
256	128	128	241	128	129
320	128	128	300	126	129
384	128	128	362	126	129
448	128	128	421	126	128
512	128	128	479	126	128
576	128	128	537	128	126
640	128	128	598	128	126
704	128	128	654	128	125
768	128	128	712	129	125
832	128	128	771	130	123
896	128	128	831	132	122
960	128	128	889	133	120
1023	128	128	947	134	119
0	192	128	23	189	129
64	192	128	63	189	129
128	192	128	122	189	129
192	192	128	181	189	129
256	192	128	240	189	129
320	192	128	300	188	129
384	192	128	361	188	129
448	192	128	421	189	128
512	192	128	478	189	128
576	192	128	536	189	126
640	192	128	598	189	126
704	192	128	653	190	125
768	192	128	711	191	125
832	192	128	771	191	123
896	192	128	831	192	122
960	192	128	889	192	120
1023	192	128	947	193	120
0	256	128	23	253	130
64	256	128	63	253	130
128	256	128	122	252	130
192	256	128	180	252	129
256	256	128	240	252	129
320	256	128	300	251	129
384	256	128	361	251	129
448	256	128	420	251	128
512	256	128	477	251	128
576	256	128	536	252	128
640	256	128	597	252	126
704	256	128	653	252	126
768	256	128	711	252	125
832	256	128	770	252	123
896	256	128	830	252	122
960	256	128	889	253	122
1023	256	128	946	253	120
0	320	128	23	316	130
64	320	128	63	316	130
128	320	128	122	316	130
192	320	128	180	315	130
256	320	128	240	315	130
320	320	128	299	314	129
384	320	128	360	314	129
448	320	128	419	314	129
512	320	128	477	314	128
576	320	128	535	314	128
640	320	128	596	314	126
704	320	128	652	314	126
768	320	128	710	315	125
832	320	128	770	314	125
896	320	128	830	315	122
960	320	128	888	315	120
1023	320	128	946	315	120
0	384	128	23	379	130
64	384	128	63	379	130
128	384	128	122	379	130
192	384	128	180	378	130
256	384	128	240	378	130
320	384	128	299	377	130
384	384	128	360	377	129
448	384	128	419	377	129
512	384	128	477	377	129
576	384	128	535	377	128
640	384	128	597	376	128
704	384	128	652	377	126
768	384	128	710	377	126
832	384	128	770	377	125
896	384	128	830	377	122
960	384	128	888	377	120
1023	384	128	946	377	120
0	448	128	32	441	132
64	448	128	66	441	132
128	448	128	122	440	130
192	448	128	180	440	130
256	448	128	240	439	130
320	448	128	299	438	130
384	448	128	360	438	130
448	448	128	419	438	129
512	448	128	477	438	128
576	448	128	535	438	128
640	448	128	596	438	126
704	448	128	652	438	126
768	448	128	710	438	126
832	448	128	770	438	123
896	448	128	830	438	122
960	448	128	888	438	123
1023	448	128	946	438	122
0	512	128	32	501	132
64	512	128	66	501	132
128	512	128	122	500	132
192	512	128	180	500	132
256	512	128	240	499	132
320	512	128	299	498	129
384	512	128	360	498	129
448	512	128	419	498	129
512	512	128	477	498	129
576	512	128	535	498	128
640	512	128	596	498	128
704	512	128	651	498	126
768	512	128	710	498	125
832	512	128	770	498	125
896	512	128	830	498	123
960	512	128	888	498	123
1023	512	128	946	497	122
0	576	128	32	562	133
64	576	128	66	562	133
128	576	128	123	562	132
192	576	128	180	561	132
256	576	128	240	561	132
320	576	128	299	560	132
384	576	128	360	560	132
448	576	128	419	560	129
512	576	128	477	560	129
576	576	128	535	560	129
640	576	128	596	559	128
704	576	128	652	559	128
768	576	128	710	560	126
832	576	128	770	559	125
896	576	128	830	559	125
960	576	128	888	559	125
1023	576	128	946	559	123
0	640	128	38	625	133
64	640	128	69	625	133
128	640	128	123	625	133
192	640	128	182	624	133
256	640	128	240	624	133
320	640	128	299	623	133
384	640	128	360	623	132
448	640	128	419	623	132
512	640	128	476	623	130
576	640	128	534	623	129
640	640	128	596	623	129
704	640	128	651	623	128
768	640	128	710	623	128
832	640	128	770	623	128
896	640	128	830	622	126
960	640	128	888	622	125
1023	640	128	946	622	125
0	704	128	38	683	134
64	704	128	69	683	133
128	704	128	123	683	133
192	704	128	181	683	133
256	704	128	240	682	133
320	704	128	299	682	132
384	704	128	359	681	133
448	704	128	419	681	133
512	704	128	476	681	130
576	704	128	534	681	130
640	704	128	596	681	129
704	704	128	651	681	129
768	704	128	709	681	129
832	704	128	769	681	128
896	704	128	829	681	128
960	704	128	888	681	128
1023	704	128	946	680	126
0	768	128	38	744	136
64	768	128	69	744	136
128	768	128	123	744	134
192	768	128	181	744	134
256	768	128	240	743	134
320	768	128	299	743	133
384	768	128	359	743	133
448	768	128	418	743	132
512	768	128	475	742	132
576	768	128	534	742	132
640	768	128	595	742	130
704	768	128	651	742	130
768	768	128	709	742	130
832	768	128	769	742	129
896	768	128	829	742	128
960	768	128	888	742	129
1023	768	128	946	742	128
0	832	128	44	808	136
64	832	128	72	808	136
128	832	128	125	808	136
192	832	128	182	808	136
256	832	128	240	807	136
320	832	128	298	807	134
384	832	128	359	807	134
448	832	128	418	807	133
512	832	128	475	807	133
576	832	128	534	807	132
640	832	128	595	806	133
704	832	128	651	807	132
768	832	128	709	807	130
832	832	128	769	807	130
896	832	128	829	807	130
960	832	128	888	806	129
1023	832	128	946	806	130
0	896	128	44	869	136
64	896	128	72	869	136
128	896	128	125	869	136
192	896	128	180	869	136
256	896	128	240	868	136
320	896	128	298	868	136
384	896	128	359	868	136
448	896	128	417	868	134
512	896	128	475	868	136
576	896	128	533	868	133
640	896	128	595	868	133
704	896	128	650	868	133
768	896	128	708	868	133
832	896	128	768	868	133
896	896	128	829	868	130
960	896	128	888	868	130
1023	896	128	945	867	130
0	960	128	48	930	138
64	960	128	75	930	138
128	960	128	125	930	138
192	960	128	182	930	138
256	960	128	240	930	136
320	960	128	298	929	136
384	960	128	358	929	136
448	960	128	418	929	136
512	960	128	475	929	136
576	960	128	532	929	136
640	960	128	595	929	134
704	960	128	650	929	134
768	960	128	708	929	134
832	960	128	768	929	133
896	960	128	828	929	133
960	960	128	887	929	133
1023	960	128	946	929	130
0	1023	128	48	991	138
64	1023	128	75	991	138
128	1023	128	125	990	138
192	1023	128	181	990	138
256	1023	128	238	990	138
320	1023	128	297	990	138
384	1023	128	357	990	138
448	1023	128	416	990	137
512	1023	128	473	990	137
576	1023	128	531	990	136
640	1023	128	593	990	136
704	1023	128	649	990	136
768	1023	128	707	990	136
832	1023	128	768	990	136
896	1023	128	828	990	134
960	1023	128	887	990	133
1023	1023	128	945	990	133
0	0	192	38	23	194
64	0	192	66	23	194
128	0	192	125	23	194
192	0	192	182	23	194
256	0	192	242	23	194
320	0	192	301	23	193
384	0	192	362	23	193
448	0	192	422	23	193
512	0	192	479	23	193
576	0	192	537	32	192
640	0	192	599	32	192
704	0	192	654	38	191
768	0	192	712	44	191
832	0	192	771	44	190
896	0	192	831	48	189
960	0	192	889	57	189
1023	0	192	947	57	188
0	64	192	38	63	194
64	64	192	66	63	194
128	64	192	125	63	194
192	64	192	182	63	194
256	64	192	242	63	194
320	64	192	301	63	193
384	64	192	362	66	193
448	64	192	422	66	193
512	64	192	479	66	193
576	64	192	537	66	192
640	64	192	599	66	192
704	64	192	654	72	191
768	64	192	712	72	191
832	64	192	771	77	190
896	64	192	831	77	189
960	64	192	889	80	189
1023	64	192	947	82	188
0	128	192	38	128	194
64	128	192	66	128	194
128	128	192	125	128	194
192	128	192	182	128	194
256	128	192	242	126	194
320	128	192	301	126	193
384	128	192	362	126	193
448	128	192	421	126	193
512	128	192	479	128	193
576	128	192	537	128	192
640	128	192	598	128	192
704	128	192	654	128	191
768	128	192	711	130	191
832	128	192	771	130	190
896	128	192	831	133	189
960	128	192	889	133	189
1023	128	192	947	136	188
0	192	192	38	189	194
64	192	192	66	189	194
128	192	192	125	189	194
192	192	192	181	189	194
256	192	192	242	189	194
320	192	192	301	189	193
384	192	192	361	189	193
448	192	192	421	189	193
512	192	192	478	188	193
576	192	192	536	188	192
640	192	192	598	189	192
704	192	192	653	189	191
768	192	192	711	190	191
832	192	192	771	191	190
896	192	192	831	191	189
960	192	192	889	193	189
1023	192	192	947	193	188
0	256	192	38	252	195
64	256	192	69	252	194
128	256	192	125	252	194
192	256	192	181	252	194
256	256	192	241	252	194
320	256	192	300	251	193
384	256	192	361	251	193
448	256	192	420	251	193
512	256	192	477	251	193
576	256	192	535	251	193
640	256	192	597	251	192
704	256	192	652	252	191
768	256	192	710	252	191
832	256	192	770	252	190
896	256	192	830	253	189
960	256	192	889	252	189
1023	256	192	946	253	188
0	320	192	38	315	194
64	320	192	69	315	194
128	320	192	125	315	194
192	320	192	182	315	193
256	320	192	240	314	193
320	320	192	300	314	193
384	320	192	360	314	193
448	320	192	419	313	193
512	320	192	477	314	192
576	320	192	535	313	192
640	320	192	596	314	191
704	320	192	652	314	191
768	320	192	710	314	190
832	320	192	770	314	189
896	320	192	830	314	189
960	320	192	888	314	188
1023	320	192	946	314	188
0	384	192	44	379	195
64	384	192	69	379	195
128	384	192	125	379	195
192	384	192	182	378	194
256	384	192	241	378	194
320	384	192	300	377	193
384	384	192	360	376	193
448	384	192	419	376	193
512	384	192	477	376	192
576	384	192	535	376	192
640	384	192	597	376	192
704	384	192	652	376	191
768	384	192	710	377	190
832	384	192	770	376	190
896	384	192	830	376	189
960	384	192	888	377	188
1023	384	192	946	376	188
0	448	192	44	440	194
64	448	192	72	440	194
128	448	192	125	440	194
192	448	192	182	439	194
256	448	192	241	438	194
320	448	192	300	438	193
384	448	192	360	438	193
448	448	192	420	438	193
512	448	192	477	438	193
576	448	192	535	438	192
640	448	192	596	438	192
704	448	192	651	438	191
768	448	192	710	438	191
832	448	192	770	438	190
896	448	192	830	438	189
960	448	192	888	437	188
1023	448	192	946	437	188
0	512	192	44	500	195
64	512	192	72	500	195
128	512	192	125	500	195
192	512	192	182	499	195
256	512	192	241	498	194
320	512	192	300	498	193
384	512	192	360	498	193
448	512	192	419	498	193
512	512	192	476	497	193
576	512	192	534	497	193
640	512	192	596	497	192
704	512	192	651	498	192
768	512	192	710	497	191
832	512	192	770	497	190
896	512	192	830	497	190
960	512	192	888	497	189
1023	512	192	946	497	188
0	576	192	44	561	195
64	576	192	72	561	195
128	576	192	125	561	195
192	576	192	182	561	195
256	576	192	240	560	195
320	576	192	299	559	194
384	576	192	360	559	194
448	576	192	419	559	193
512	576	192	476	559	193
576	576	192	534	559	193
640	576	192	596	559	193
704	576	192	652	559	192
768	576	192	710	559	192
832	576	192	770	559	191
896	576	192	829	559	190
960	576	192	888	558	190
1023	576	192	946	558	189
0	640	192	44	625	196
64	640	192	72	625	196
128	640	192	125	624	196
192	640	192	182	624	196
256	640	192	241	623	196
320	640	192	299	623	194
384	640	192	360	623	194
448	640	192	419	622	194
512	640	192	476	622	193
576	640	192	534	622	193
640	640	192	596	622	193
704	640	192	651	622	193
768	640	192	709	622	192
832	640	192	770	622	192
896	640	192	829	622	192
960	640	192	888	622	191
1023	640	192	946	621	190
0	704	192	44	683	197
64	704	192	72	683	197
128	704	192	125	683	197
192	704	192	182	682	196
256	704	192	240	682	196
320	704	192	299	681	195
384	704	192	359	681	195
448	704	192	419	681	194
512	704	192	476	681	194
576	704	192	534	681	194
640	704	192	596	681	193
704	704	192	651	680	193
768	704	192	709	680	193
832	704	192	769	680	192
896	704	192	829	680	192
960	704	192	888	680	192
1023	704	192	946	680	191
0	768	192	48	744	197
64	768	192	75	744	197
128	768	192	126	744	197
192	768	192	182	744	197
256	768	192	241	743	197
320	768	192	299	742	196
384	768	192	359	742	196
448	768	192	418	742	195
512	768	192	475	742	195
576	768	192	533	742	194
640	768	192	595	742	194
704	768	192	650	742	193
768	768	192	709	742	193
832	768	192	769	742	193
896	768	192	829	742	193
960	768	192	888	742	192
1023	768	192	946	741	192
0	832	192	53	808	198
64	832	192	77	808	198
128	832	192	128	808	198
192	832	192	183	807	198
256	832	192	240	807	197
320	832	192	299	806	196
384	832	192	359	806	196
448	832	192	418	806	196
512	832	192	475	806	196
576	832	192	533	806	195
640	832	192	595	806	195
704	832	192	650	806	194
768	832	192	709	806	194
832	832	192	769	806	194
896	832	192	829	806	193
960	832	192	888	806	193
1023	832	192	946	806	192
0	896	192	53	869	198
64	896	192	77	869	198
128	896	192	126	869	198
192	896	192	182	868	198
256	896	192	240	868	198
320	896	192	298	868	197
384	896	192	358	868	196
448	896	192	418	868	196
512	896	192	475	868	196
576	896	192	533	868	196
640	896	192	594	867	196
704	896	192	650	868	195
768	896	192	708	868	195
832	896	192	768	867	194
896	896	192	829	868	194
960	896	192	887	868	193
1023	896	192	945	867	193
0	960	192	53	930	199
64	960	192	77	930	199
128	960	192	128	930	198
192	960	192	183	930	198
256	960	192	240	930	198
320	960	192	298	929	198
384	960	192	359	929	197
448	960	192	417	929	198
512	960	192	474	929	197
576	960	192	532	929	197
640	960	192	594	929	196
704	960	192	650	929	196
768	960	192	708	929	195
832	960	192	768	929	196
896	960	192	828	929	195
960	960	192	887	929	194
1023	960	192	946	929	193
0	1023	192	57	990	199
64	1023	192	77	990	199
128	1023	192	128	990	199
192	1023	192	182	990	199
256	1023	192	240	990	199
320	1023	192	297	990	198
384	1023	192	357	990	198
448	1023	192	416	990	198
512	1023	192	473	990	198
576	1023	192	531	990	197
640	1023	192	593	990	197
704	1023	192	649	990	196
768	1023	192	707	990	196
832	1023	192	767	990	196
896	1023	192	828	990	195
960	1023	192	887	990	195
1023	1023	192	945	990	194
0	0	256	48	23	259
64	0	256	77	23	259
128	0	256	128	23	259
192	0	256	185	23	259
256	0	256	243	23	259
320	0	256	302	32	259
384	0	256	363	32	258
448	0	256	422	32	258
512	0	256	479	32	258
576	0	256	537	32	258
640	0	256	598	38	258
704	0	256	654	44	257
768	0	256	711	44	257
832	0	256	771	53	257
896	0	256	831	53	256
960	0	256	889	57	256
1023	0	256	947	63	255
0	64	256	48	66	259
64	64	256	77	66	259
128	64	256	128	66	259
192	64	256	185	66	259
256	64	256	243	66	259
320	64	256	302	66	259
384	64	256	363	66	258
448	64	256	422	66	258
512	64	256	479	69	258
576	64	256	537	69	258
640	64	256	598	69	258
704	64	256	653	72	257
768	64	256	711	72	257
832	64	256	771	77	257
896	64	256	831	77	256
960	64	256	889	82	256
1023	64	256	947	85	255
0	128	256	48	128	260
64	128	256	77	128	260
128	128	256	128	128	259
192	128	256	184	128	259
256	128	256	242	128	259
320	128	256	302	128	259
384	128	256	362	128	259
448	128	256	422	128	258
512	128	256	479	128	258
576	128	256	537	129	258
640	128	256	598	129	258
704	128	256	653	129	257
768	128	256	711	130	257
832	128	256	771	130	257
896	128	256	831	133	256
960	128	256	889	134	256
1023	128	256	947	136	255
0	192	256	48	189	260
64	192	256	75	189	260
128	192	256	128	189	260
192	192	256	184	189	260
256	192	256	242	188	260
320	192	256	301	188	259
384	192	256	362	188	259
448	192	256	421	189	258
512	192	256	478	189	258
576	192	256	536	189	258
640	192	256	598	189	258
704	192	256	653	190	257
768	192	256	711	190	257
832	192	256	771	191	257
896	192	256	830	192	256
960	192	256	889	192	256
1023	192	256	947	193	255
0	256	256	48	252	261
64	256	256	75	252	261
128	256	256	128	252	261
192	256	256	184	252	260
256	256	256	242	251	260
320	256	256	301	250	259
384	256	256	361	250	259
448	256	256	420	251	258
512	256	256	477	250	258
576	256	256	535	251	258
640	256	256	597	251	258
704	256	256	652	251	258
768	256	256	710	251	257
832	256	256	770	252	257
896	256	256	830	252	256
960	256	256	888	252	256
1023	256	256	946	252	255
0	320	256	53	315	259
64	320	256	75	315	259
128	320	256	128	315	259
192	320	256	183	314	258
256	320	256	241	314	258
320	320	256	300	313	258
384	320	256	361	313	258
448	320	256	420	312	258
512	320	256	477	313	257
576	320	256	535	313	257
640	320	256	596	313	256
704	320	256	652	313	256
768	320	256	710	313	256
832	320	256	770	313	256
896	320	256	830	314	255
960	320	256	888	314	255
1023	320	256	946	313	253
0	384	256	53	378	259
64	384	256	77	378	259
128	384	256	128	378	259
192	384	256	184	377	259
256	384	256	242	376	259
320	384	256	300	376	258
384	384	256	361	376	258
448	384	256	420	376	258
512	384	256	477	376	257
576	384	256	535	376	257
640	384	256	596	376	257
704	384	256	651	376	256
768	384	256	710	376	256
832	384	256	770	376	256
896	384	256	830	376	255
960	384	256	888	376	255
1023	384	256	946	376	253
0	448	256	53	439	259
64	448	256	77	439	259
128	448	256	128	439	259
192	448	256	184	438	259
256	448	256	242	438	259
320	448	256	300	437	258
384	448	256	361	437	258
448	448	256	419	437	257
512	448	256	477	437	257
576	448	256	534	437	257
640	448	256	596	437	257
704	448	256	651	437	256
768	448	256	710	437	256
832	448	256	770	437	256
896	448	256	829	437	255
960	448	256	888	437	255
1023	448	256	946	436	253
0	512	256	53	499	259
64	512	256	77	499	259
128	512	256	128	499	259
192	512	256	184	498	259
256	512	256	242	498	258
320	512	256	300	497	258
384	512	256	360	497	258
448	512	256	419	497	258
512	512	256	476	496	257
576	512	256	534	497	257
640	512	256	596	497	257
704	512	256	651	497	256
768	512	256	710	497	256
832	512	256	769	497	255
896	512	256	829	496	255
960	512	256	888	496	255
1023	512	256	946	496	254
0	576	256	53	561	259
64	576	256	77	560	259
128	576	256	128	560	259
192	576	256	184	560	259
256	576	256	242	559	259
320	576	256	300	558	258
384	576	256	360	558	258
448	576	256	419	558	258
512	576	256	476	558	258
576	576	256	534	558	257
640	576	256	596	558	257
704	576	256	651	558	256
768	576	256	709	558	256
832	576	256	769	558	256
896	576	256	829	557	255
960	576	256	888	558	255
1023	576	256	946	557	254
0	640	256	57	624	260
64	640	256	77	624	260
128	640	256	129	624	259
192	640	256	184	623	259
256	640	256	242	623	259
320	640	256	300	622	258
384	640	256	360	622	258
448	640	256	419	622	258
512	640	256	476	622	258
576	640	256	534	621	258
640	640	256	596	621	257
704	640	256	651	621	257
768	640	256	709	621	256
832	640	256	769	621	256
896	640	256	829	621	256
960	640	256	888	621	255
1023	640	256	946	621	255
0	704	256	57	682	261
64	704	256	80	682	261
128	704	256	129	682	261
192	704	256	184	682	260
256	704	256	241	681	259
320	704	256	300	680	259
384	704	256	360	680	259
448	704	256	419	680	258
512	704	256	476	680	258
576	704	256	533	680	258
640	704	256	595	680	258
704	704	256	650	680	258
768	704	256	709	680	257
832	704	256	769	680	256
896	704	256	829	680	256
960	704	256	888	680	256
1023	704	256	946	679	255
0	768	256	60	743	261
64	768	256	82	743	261
128	768	256	129	743	261
192	768	256	184	743	261
256	768	256	241	742	261
320	768	256	299	742	259
384	768	256	359	742	259
448	768	256	418	742	259
512	768	256	475	741	259
576	768	256	533	741	258
640	768	256	595	741	258
704	768	256	650	742	258
768	768	256	709	742	258
832	768	256	769	741	257
896	768	256	829	741	256
960	768	256	888	741	256
1023	768	256	946	741	255
0	832	256	60	807	261
64	832	256	82	807	261
128	832	256	130	807	261
192	832	256	185	807	261
256	832	256	241	807	261
320	832	256	299	806	260
384	832	256	359	806	259
448	832	256	418	806	259
512	832	256	475	806	259
576	832	256	533	806	259
640	832	256	595	806	259
704	832	256	650	806	258
768	832	256	708	806	258
832	832	256	769	806	258
896	832	256	829	806	257
960	832	256	888	806	256
1023	832	256	946	805	255
0	896	256	60	868	261
64	896	256	82	868	261
128	896	256	130	868	261
192	896	256	184	868	261
256	896	256	241	868	261
320	896	256	299	867	260
384	896	256	359	867	259
448	896	256	417	867	259
512	896	256	474	867	259
576	896	256	532	867	259
640	896	256	594	867	259
704	896	256	649	867	258
768	896	256	708	867	258
832	896	256	768	867	258
896	896	256	828	867	258
960	896	256	887	867	257
1023	896	256	945	867	256
0	960	256	63	930	262
64	960	256	82	930	262
128	960	256	130	930	262
192	960	256	184	930	262
256	960	256	241	929	262
320	960	256	299	929	261
384	960	256	359	929	260
448	960	256	417	929	260
512	960	256	474	929	259
576	960	256	532	929	259
640	960	256	594	929	259
704	960	256	649	929	259
768	960	256	708	929	258
832	960	256	768	929	258
896	960	256	828	929	258
960	960	256	887	929	257
1023	960	256	946	929	256
0	1023	256	66	990	262
64	1023	256	85	990	262
128	1023	256	130	990	262
192	1023	256	184	990	262
256	1023	256	240	990	262
320	1023	256	297	990	261
384	1023	256	357	990	260
448	1023	256	416	990	260
512	1023	256	473	990	260
576	1023	256	531	990	259
640	1023	256	593	990	259
704	1023	256	648	990	259
768	1023	256	707	990	259
832	1023	256	767	990	258
896	1023	256	828	990	258
960	1023	256	887	990	258
1023	1023	256	945	989	256
0	0	320	60	32	325
64	0	320	82	32	325
128	0	320	132	32	325
192	0	320	187	32	325
256	0	320	245	32	325
320	0	320	303	32	323
384	0	320	363	32	323
448	0	320	422	38	323
512	0	320	479	38	322
576	0	320	537	38	322
640	0	320	599	38	322
704	0	320	654	44	322
768	0	320	711	48	322
832	0	320	771	53	321
896	0	320	831	57	321
960	0	320	889	60	320
1023	0	320	947	63	320
0	64	320	60	66	325
64	64	320	82	66	325
128	64	320	132	66	325
192	64	320	187	66	325
256	64	320	245	66	324
320	64	320	303	66	323
384	64	320	363	66	323
448	64	320	422	69	323
512	64	320	479	69	322
576	64	320	537	72	322
640	64	320	599	72	322
704	64	320	654	72	322
768	64	320	711	77	322
832	64	320	771	77	321
896	64	320	831	80	321
960	64	320	889	82	320
1023	64	320	947	87	320
0	128	320	60	128	325
64	128	320	82	128	325
128	128	320	132	126	325
192	128	320	187	128	325
256	128	320	245	128	324
320	128	320	303	128	324
384	128	320	363	128	323
448	128	320	422	128	323
512	128	320	479	129	323
576	128	320	537	129	322
640	128	320	598	130	322
704	128	320	653	130	322
768	128	320	711	130	322
832	128	320	771	132	321
896	128	320	831	133	321
960	128	320	889	133	320
1023	128	320	947	136	320
0	192	320	60	189	325
64	192	320	85	189	325
128	192	320	132	189	325
192	192	320	187	189	325
256	192	320	243	188	324
320	192	320	303	188	324
384	192	320	363	188	323
448	192	320	422	189	323
512	192	320	479	189	323
576	192	320	536	189	322
640	192	320	598	189	322
704	192	320	653	189	322
768	192	320	711	191	322
832	192	320	771	191	321
896	192	320	830	191	321
960	192	320	889	193	320
1023	192	320	947	193	320
0	256	320	60	252	325
64	256	320	82	252	325
128	256	320	132	252	325
192	256	320	186	251	325
256	256	320	243	251	325
320	256	320	302	250	324
384	256	320	362	250	324
448	256	320	421	250	323
512	256	320	478	250	323
576	256	320	535	250	322
640	256	320	597	251	322
704	256	320	652	251	322
768	256	320	710	252	322
832	256	320	770	252	321
896	256	320	830	252	321
960	256	320	889	252	320
1023	256	320	947	252	320
0	320	320	63	315	325
64	320	320	85	315	325
128	320	320	130	315	325
192	320	320	186	314	324
256	320	320	243	314	323
320	320	320	301	313	323
384	320	320	361	313	323
448	320	320	420	312	322
512	320	320	477	312	322
576	320	320	535	313	322
640	320	320	597	313	322
704	320	320	652	313	322
768	320	320	710	313	321
832	320	320	770	313	321
896	320	320	830	313	320
960	320	320	888	314	320
1023	320	320	946	313	319
0	384	320	63	378	325
64	384	320	85	377	325
128	384	320	132	377	325
192	384	320	187	377	325
256	384	320	243	376	324
320	384	320	301	376	323
384	384	320	361	375	323
448	384	320	420	375	323
512	384	320	477	375	322
576	384	320	535	375	322
640	384	320	597	375	322
704	384	320	652	376	322
768	384	320	710	376	321
832	384	320	770	375	321
896	384	320	830	376	320
960	384	320	888	375	320
1023	384	320	946	375	319
0	448	320	63	439	325
64	448	320	85	439	325
128	448	320	132	439	324
192	448	320	187	438	324
256	448	320	243	438	324
320	448	320	301	437	323
384	448	320	361	437	323
448	448	320	420	436	322
512	448	320	477	436	322
576	448	320	534	436	322
640	448	320	597	436	322
704	448	320	651	436	321
768	448	320	710	436	321
832	448	320	770	436	321
896	448	320	829	436	320
960	448	320	888	436	320
1023	448	320	946	436	319
0	512	320	63	498	324
64	512	320	85	498	324
128	512	320	132	498	324
192	512	320	187	498	324
256	512	320	243	497	323
320	512	320	301	496	323
384	512	320	361	496	323
448	512	320	420	496	322
512	512	320	477	496	322
576	512	320	534	496	322
640	512	320	596	496	322
704	512	320	651	496	322
768	512	320	710	496	321
832	512	320	769	496	321
896	512	320	829	496	320
960	512	320	888	495	320
1023	512	320	946	495	319
0	576	320	66	560	325
64	576	320	85	560	325
128	576	320	133	560	324
192	576	320	186	559	324
256	576	320	243	558	323
320	576	320	302	558	323
384	576	320	361	557	323
448	576	320	420	557	323
512	576	320	476	557	322
576	576	320	534	557	322
640	576	320	596	557	322
704	576	320	651	557	322
768	576	320	709	557	322
832	576	320	769	557	321
896	576	320	829	557	321
960	576	320	888	557	320
1023	576	320	946	557	319
0	640	320	66	623	325
64	640	320	87	623	325
128	640	320	133	623	325
192	640	320	188	623	324
256	640	320	243	622	324
320	640	320	301	621	323
384	640	320	361	621	323
448	640	320	420	621	323
512	640	320	476	621	323
576	640	320	534	621	322
640	640	320	596	621	322
704	640	320	651	621	322
768	640	320	709	621	322
832	640	320	770	621	322
896	640	320	829	621	321
960	640	320	888	620	320
1023	640	320	946	620	320
0	704	320	66	682	325
64	704	320	87	682	325
128	704	320	133	682	325
192	704	320	188	681	324
256	704	320	243	680	324
320	704	320	301	680	323
384	704	320	361	680	323
448	704	320	419	680	323
512	704	320	476	680	323
576	704	320	534	680	323
640	704	320	595	680	322
704	704	320	650	679	322
768	704	320	709	679	322
832	704	320	769	679	321
896	704	320	829	679	321
960	704	320	888	679	321
1023	704	320	946	679	320
0	768	320	69	743	325
64	768	320	89	743	325
128	768	320	133	743	325
192	768	320	187	742	325
256	768	320	243	742	325
320	768	320	301	742	324
384	768	320	360	741	324
448	768	320	419	741	323
512	768	320	475	741	323
576	768	320	533	741	322
640	768	320	595	741	322
704	768	320	650	741	322
768	768	320	709	741	322
832	768	320	769	741	322
896	768	320	829	741	321
960	768	320	888	741	320
1023	768	320	946	740	320
0	832	320	69	807	325
64	832	320	89	807	325
128	832	320	134	807	325
192	832	320	187	807	325
256	832	320	243	806	324
320	832	320	301	806	324
384	832	320	360	806	323
448	832	320	419	805	323
512	832	320	475	805	323
576	832	320	533	806	323
640	832	320	595	805	323
704	832	320	650	805	322
768	832	320	709	806	322
832	832	320	769	805	322
896	832	320	829	805	321
960	832	320	888	805	321
1023	832	320	946	805	320
0	896	320	72	868	325
64	896	320	89	868	325
128	896	320	134	868	325
192	896	320	186	868	325
256	896	320	242	868	325
320	896	320	299	867	324
384	896	320	359	867	323
448	896	320	418	867	323
512	896	320	475	867	323
576	896	320	533	867	323
640	896	320	594	867	323
704	896	320	649	867	322
768	896	320	708	867	322
832	896	320	768	867	322
896	896	320	828	867	322
960	896	320	887	867	321
1023	896	320	946	867	320
0	960	320	72	930	326
64	960	320	91	930	326
128	960	320	134	930	326
192	960	320	188	929	325
256	960	320	243	929	325
320	960	320	300	929	324
384	960	320	359	929	324
448	960	320	418	929	323
512	960	320	475	929	323
576	960	320	532	929	323
640	960	320	594	929	323
704	960	320	649	929	322
768	960	320	708	929	322
832	960	320	768	929	322
896	960	320	828	929	322
960	960	320	887	929	321
1023	960	320	946	929	320
0	1023	320	75	990	326
64	1023	320	91	990	326
128	1023	320	134	990	325
192	1023	320	187	990	325
256	1023	320	242	990	325
320	1023	320	299	989	324
384	1023	320	358	989	323
448	1023	320	417	989	323
512	1023	320	473	989	323
576	1023	320	531	989	323
640	1023	320	593	990	323
704	1023	320	648	990	322
768	1023	320	707	990	322
832	1023	320	768	990	322
896	1023	320	828	990	321
960	1023	320	887	989	321
1023	1023	320	945	989	320
0	0	384	75	32	391
64	0	384	93	32	391
128	0	384	138	32	391
192	0	384	191	32	391
256	0	384	247	32	391
320	0	384	305	32	390
384	0	384	365	32	390
448	0	384	423	38	390
512	0	384	480	44	390
576	0	384	538	44	390
640	0	384	599	44	389
704	0	384	654	53	389
768	0	384	712	53	389
832	0	384	772	53	388
896	0	384	831	60	388
960	0	384	890	63	388
1023	0	384	947	66	387
0	64	384	75	69	391
64	64	384	93	69	391
128	64	384	138	69	391
192	64	384	191	69	391
256	64	384	247	69	391
320	64	384	305	69	390
384	64	384	365	69	390
448	64	384	423	72	390
512	64	384	480	72	390
576	64	384	538	72	390
640	64	384	599	75	389
704	64	384	654	77	389
768	64	384	712	80	389
832	64	384	772	82	388
896	64	384	831	82	388
960	64	384	890	87	388
1023	64	384	947	87	387
0	128	384	75	128	392
64	128	384	93	128	392
128	128	384	138	128	392
192	128	384	191	128	391
256	128	384	247	128	391
320	128	384	305	129	390
384	128	384	365	129	390
448	128	384	423	129	390
512	128	384	480	130	390
576	128	384	538	130	390
640	128	384	599	130	389
704	128	384	654	132	389
768	128	384	712	132	389
832	128	384	771	133	388
896	128	384	831	134	388
960	128	384	890	136	388
1023	128	384	947	137	387
0	192	384	75	190	392
64	192	384	93	190	392
128	192	384	137	190	392
192	192	384	191	190	392
256	192	384	247	189	392
320	192	384	304	189	391
384	192	384	364	189	391
448	192	384	423	189	390
512	192	384	479	189	390
576	192	384	537	189	390
640	192	384	598	190	389
704	192	384	653	190	389
768	192	384	711	191	389
832	192	384	771	192	388
896	192	384	831	193	388
960	192	384	889	193	388
1023	192	384	947	193	387
0	256	384	75	252	393
64	256	384	93	252	393
128	256	384	137	252	393
192	256	384	190	252	393
256	256	384	246	251	392
320	256	384	304	251	391
384	256	384	363	251	391
448	256	384	422	251	390
512	256	384	479	251	390
576	256	384	536	251	390
640	256	384	598	251	390
704	256	384	653	252	389
768	256	384	711	252	389
832	256	384	771	252	388
896	256	384	830	252	389
960	256	384	889	252	388
1023	256	384	947	253	387
0	320	384	75	315	390
64	320	384	93	315	390
128	320	384	136	315	390
192	320	384	190	314	390
256	320	384	245	314	389
320	320	384	303	313	389
384	320	384	363	313	389
448	320	384	421	313	389
512	320	384	478	313	388
576	320	384	535	313	388
640	320	384	597	313	388
704	320	384	652	313	388
768	320	384	710	314	387
832	320	384	770	313	387
896	320	384	830	313	386
960	320	384	889	314	386
1023	320	384	947	314	385
0	384	384	75	378	390
64	384	384	93	378	390
128	384	384	137	377	390
192	384	384	190	377	390
256	384	384	245	376	390
320	384	384	304	375	389
384	384	384	363	375	389
448	384	384	421	376	389
512	384	384	478	375	388
576	384	384	535	375	388
640	384	384	597	375	388
704	384	384	652	376	388
768	384	384	710	376	388
832	384	384	770	375	387
896	384	384	830	376	386
960	384	384	889	376	386
1023	384	384	947	375	385
0	448	384	75	439	390
64	448	384	93	439	390
128	448	384	137	438	390
192	448	384	190	438	390
256	448	384	246	438	389
320	448	384	303	436	389
384	448	384	363	436	389
448	448	384	421	436	388
512	448	384	477	436	388
576	448	384	535	437	388
640	448	384	597	436	388
704	448	384	652	436	388
768	448	384	710	436	387
832	448	384	770	436	386
896	448	384	830	436	386
960	448	384	889	436	386
1023	448	384	947	436	385
0	512	384	77	498	389
64	512	384	95	498	389
128	512	384	137	498	389
192	512	384	189	498	389
256	512	384	246	497	389
320	512	384	303	496	388
384	512	384	363	496	388
448	512	384	421	496	388
512	512	384	477	496	388
576	512	384	535	496	388
640	512	384	597	496	388
704	512	384	652	496	387
768	512	384	710	496	387
832	512	384	770	496	387
896	512	384	830	495	386
960	512	384	889	496	386
1023	512	384	947	495	385
0	576	384	77	560	390
64	576	384	95	560	389
128	576	384	138	560	389
192	576	384	189	559	389
256	576	384	246	558	389
320	576	384	303	558	389
384	576	384	363	557	389
448	576	384	421	557	388
512	576	384	477	557	388
576	576	384	535	557	388
640	576	384	597	557	388
704	576	384	651	557	388
768	576	384	710	557	387
832	576	384	770	557	386
896	576	384	830	557	386
960	576	384	888	557	386
1023	576	384	946	556	385
0	640	384	80	623	390
64	640	384	97	623	390
128	640	384	138	623	389
192	640	384	190	623	389
256	640	384	246	622	389
320	640	384	303	621	389
384	640	384	363	621	389
448	640	384	421	621	388
512	640	384	477	621	388
576	640	384	535	621	388
640	640	384	597	621	388
704	640	384	651	621	388
768	640	384	710	621	388
832	640	384	770	621	387
896	640	384	830	620	386
960	640	384	888	620	386
1023	640	384	947	620	385
0	704	384	80	682	390
64	704	384	97	682	390
128	704	384	138	681	390
192	704	384	191	681	390
256	704	384	245	680	390
320	704	384	303	680	389
384	704	384	362	680	389
448	704	384	420	680	389
512	704	384	477	680	388
576	704	384	534	680	388
640	704	384	596	680	388
704	704	384	651	680	388
768	704	384	709	679	388
832	704	384	770	680	387
896	704	384	830	679	387
960	704	384	888	679	386
1023	704	384	946	679	386
0	768	384	80	743	391
64	768	384	97	743	391
128	768	384	138	743	391
192	768	384	190	742	391
256	768	384	245	742	390
320	768	384	302	741	389
384	768	384	362	741	389
448	768	384	420	741	389
512	768	384	476	741	388
576	768	384	534	741	388
640	768	384	596	741	388
704	768	384	651	741	388
768	768	384	709	741	388
832	768	384	769	741	387
896	768	384	829	741	387
960	768	384	888	741	386
1023	768	384	946	741	386
0	832	384	82	807	390
64	832	384	97	807	390
128	832	384	139	807	390
192	832	384	191	807	390
256	832	384	246	806	390
320	832	384	302	806	389
384	832	384	361	805	389
448	832	384	420	805	388
512	832	384	476	805	388
576	832	384	534	806	388
640	832	384	596	805	388
704	832	384	651	805	388
768	832	384	709	806	388
832	832	384	769	805	387
896	832	384	829	805	386
960	832	384	888	805	386
1023	832	384	946	805	386
0	896	384	82	868	390
64	896	384	97	868	390
128	896	384	138	868	390
192	896	384	189	868	390
256	896	384	245	868	389
320	896	384	302	867	389
384	896	384	361	867	389
448	896	384	419	867	388
512	896	384	476	867	388
576	896	384	533	867	388
640	896	384	595	867	388
704	896	384	650	867	388
768	896	384	709	867	388
832	896	384	769	867	387
896	896	384	829	867	386
960	896	384	888	867	386
1023	896	384	946	867	386
0	960	384	85	930	390
64	960	384	99	930	390
128	960	384	139	930	390
192	960	384	191	930	390
256	960	384	245	929	390
320	960	384	302	929	389
384	960	384	361	929	389
448	960	384	419	929	388
512	960	384	475	929	388
576	960	384	533	929	388
640	960	384	595	929	388
704	960	384	650	929	388
768	960	384	708	929	388
832	960	384	769	929	387
896	960	384	829	929	386
960	960	384	888	929	386
1023	960	384	946	929	386
0	1023	384	85	990	390
64	1023	384	99	990	390
128	1023	384	138	990	390
192	1023	384	190	990	390
256	1023	384	244	989	390
320	1023	384	301	989	389
384	1023	384	359	989	389
448	1023	384	417	990	388
512	1023	384	474	989	388
576	1023	384	532	989	388
640	1023	384	594	990	388
704	1023	384	649	990	388
768	1023	384	708	990	387
832	1023	384	768	990	386
896	1023	384	828	990	386
960	1023	384	887	989	386
1023	1023	384	945	989	385
0	0	448	87	38	454
64	0	448	104	38	454
128	0	448	144	38	454
192	0	448	195	38	454
256	0	448	250	38	453
320	0	448	308	44	453
384	0	448	366	44	452
448	0	448	425	44	452
512	0	448	482	44	452
576	0	448	539	44	452
640	0	448	600	48	451
704	0	448	655	53	451
768	0	448	713	53	451
832	0	448	773	60	451
896	0	448	832	66	450
960	0	448	890	66	450
1023	0	448	948	72	449
0	64	448	87	72	453
64	64	448	104	72	453
128	64	448	144	72	453
192	64	448	195	72	453
256	64	448	250	72	453
320	64	448	308	72	452
384	64	448	366	72	452
448	64	448	425	72	452
512	64	448	481	75	452
576	64	448	539	75	452
640	64	448	600	77	451
704	64	448	655	77	451
768	64	448	713	82	451
832	64	448	773	82	451
896	64	448	832	87	450
960	64	448	890	87	450
1023	64	448	948	91	449
0	128	448	87	130	454
64	128	448	103	130	454
128	128	448	144	130	453
192	128	448	195	130	453
256	128	448	250	130	453
320	128	448	308	130	453
384	128	448	366	130	452
448	128	448	425	130	452
512	128	448	481	130	452
576	128	448	538	132	452
640	128	448	600	132	451
704	128	448	655	133	451
768	128	448	712	133	451
832	128	448	772	134	451
896	128	448	832	136	450
960	128	448	890	137	450
1023	128	448	948	138	449
0	192	448	87	191	454
64	192	448	103	191	454
128	192	448	144	191	454
192	192	448	195	191	454
256	192	448	250	190	453
320	192	448	307	189	453
384	192	448	366	190	452
448	192	448	424	190	452
512	192	448	481	190	452
576	192	448	538	190	452
640	192	448	600	190	451
704	192	448	654	192	451
768	192	448	712	192	451
832	192	448	772	192	451
896	192	448	831	193	451
960	192	448	890	194	450
1023	192	448	948	194	449
0	256	448	87	253	454
64	256	448	103	253	454
128	256	448	143	253	454
192	256	448	194	252	454
256	256	448	249	252	454
320	256	448	306	251	453
384	256	448	365	251	453
448	256	448	423	251	452
512	256	448	480	251	452
576	256	448	537	252	452
640	256	448	599	252	451
704	256	448	654	252	451
768	256	448	711	252	451
832	256	448	771	253	451
896	256	448	831	253	451
960	256	448	889	253	450
1023	256	448	947	253	449
0	320	448	87	315	452
64	320	448	103	315	452
128	320	448	143	315	452
192	320	448	193	314	452
256	320	448	248	314	452
320	320	448	306	313	451
384	320	448	364	313	451
448	320	448	423	313	451
512	320	448	479	313	451
576	320	448	537	313	450
640	320	448	598	313	450
704	320	448	653	314	450
768	320	448	711	314	449
832	320	448	771	314	449
896	320	448	831	314	449
960	320	448	889	314	448
1023	320	448	947	314	447
0	384	448	87	378	453
64	384	448	103	378	453
128	384	448	143	377	453
192	384	448	194	377	452
256	384	448	249	376	452
320	384	448	306	376	451
384	384	448	365	376	451
448	384	448	423	376	451
512	384	448	479	376	451
576	384	448	536	376	450
640	384	448	598	376	450
704	384	448	653	376	450
768	384	448	711	376	450
832	384	448	771	376	449
896	384	448	831	376	449
960	384	448	889	376	448
1023	384	448	947	376	448
0	448	448	89	439	452
64	448	448	104	439	452
128	448	448	143	438	452
192	448	448	194	438	452
256	448	448	249	437	451
320	448	448	306	437	451
384	448	448	365	436	451
448	448	448	422	436	451
512	448	448	479	436	450
576	448	448	536	436	450
640	448	448	598	436	450
704	448	448	653	436	450
768	448	448	711	436	449
832	448	448	771	436	449
896	448	448	831	436	448
960	448	448	889	436	448
1023	448	448	947	436	447
0	512	448	89	498	452
64	512	448	104	498	452
128	512	448	143	498	452
192	512	448	194	498	451
256	512	448	248	497	451
320	512	448	306	496	451
384	512	448	364	496	451
448	512	448	422	496	450
512	512	448	479	496	450
576	512	448	536	496	450
640	512	448	598	496	450
704	512	448	652	496	449
768	512	448	711	496	449
832	512	448	771	495	449
896	512	448	830	495	448
960	512	448	889	495	448
1023	512	448	947	495	447
0	576	448	89	560	452
64	576	448	104	560	452
128	576	448	144	559	452
192	576	448	194	559	452
256	576	448	249	558	451
320	576	448	306	557	451
384	576	448	365	557	451
448	576	448	422	557	451
512	576	448	479	557	450
576	576	448	536	557	450
640	576	448	598	557	450
704	576	448	652	557	450
768	576	448	711	557	449
832	576	448	770	557	449
896	576	448	830	557	448
960	576	448	889	557	448
1023	576	448	947	556	447
0	640	448	91	623	452
64	640	448	104	623	452
128	640	448	145	623	452
192	640	448	194	622	452
256	640	448	248	622	451
320	640	448	306	621	451
384	640	448	364	621	451
448	640	448	422	621	450
512	640	448	478	621	450
576	640	448	536	621	450
640	640	448	597	621	450
704	640	448	652	621	450
768	640	448	710	621	449
832	640	448	770	621	449
896	640	448	830	620	448
960	640	448	889	620	448
1023	640	448	947	620	447
0	704	448	91	682	452
64	704	448	106	682	452
128	704	448	145	681	452
192	704	448	194	681	452
256	704	448	248	680	452
320	704	448	305	680	451
384	704	448	364	680	451
448	704	448	422	680	451
512	704	448	478	680	451
576	704	448	535	680	450
640	704	448	597	679	450
704	704	448	652	679	450
768	704	448	710	679	449
832	704	448	770	679	449
896	704	448	830	679	449
960	704	448	889	679	448
1023	704	448	947	679	447
0	768	448	91	743	453
64	768	448	106	743	453
128	768	448	144	743	453
192	768	448	194	742	452
256	768	448	248	742	452
320	768	448	305	741	451
384	768	448	363	741	451
448	768	448	421	741	451
512	768	448	478	741	450
576	768	448	535	741	450
640	768	448	597	741	450
704	768	448	652	741	450
768	768	448	710	741	449
832	768	448	770	741	449
896	768	448	830	741	449
960	768	448	889	741	448
1023	768	448	947	741	448
0	832	448	93	807	452
64	832	448	108	807	452
128	832	448	145	807	452
192	832	448	195	807	452
256	832	448	248	806	451
320	832	448	305	806	451
384	832	448	363	806	451
448	832	448	421	806	451
512	832	448	477	806	450
576	832	448	535	806	450
640	832	448	597	805	450
704	832	448	652	806	450
768	832	448	710	806	449
832	832	448	770	805	449
896	832	448	830	805	449
960	832	448	889	805	448
1023	832	448	947	805	447
0	896	448	93	868	452
64	896	448	106	868	452
128	896	448	145	868	452
192	896	448	194	868	451
256	896	448	248	868	451
320	896	448	304	867	451
384	896	448	363	867	451
448	896	448	421	867	450
512	896	448	477	867	450
576	896	448	534	867	450
640	896	448	596	867	450
704	896	448	651	867	450
768	896	448	709	867	449
832	896	448	770	867	449
896	896	448	830	867	448
960	896	448	888	867	448
1023	896	448	947	867	447
0	960	448	95	930	452
64	960	448	106	930	452
128	960	448	145	930	452
192	960	448	194	930	452
256	960	448	248	929	452
320	960	448	305	929	451
384	960	448	363	929	451
448	960	448	420	929	450
512	960	448	477	929	450
576	960	448	534	929	450
640	960	448	596	929	450
704	960	448	651	929	449
768	960	448	709	929	449
832	960	448	770	929	449
896	960	448	830	929	448
960	960	448	888	929	448
1023	960	448	947	929	447
0	1023	448	95	990	452
64	1023	448	108	990	452
128	1023	448	145	990	452
192	1023	448	194	990	451
256	1023	448	247	990	451
320	1023	448	303	990	450
384	1023	448	361	990	450
448	1023	448	419	990	450
512	1023	448	475	990	449
576	1023	448	533	990	449
640	1023	448	595	990	449
704	1023	448	650	990	449
768	1023	448	708	990	449
832	1023	448	769	990	448
896	1023	448	829	990	448
960	1023	448	888	990	447
1023	1023	448	946	990	447
0	0	512	99	44	516
64	0	512	114	44	516
128	0	512	151	44	515
192	0	512	200	44	515
256	0	512	253	44	515
320	0	512	310	44	515
384	0	512	369	48	514
448	0	512	427	48	514
512	0	512	483	53	514
576	0	512	540	53	513
640	0	512	602	57	513
704	0	512	656	57	513
768	0	512	714	63	513
832	0	512	774	63	512
896	0	512	833	66	512
960	0	512	891	72	511
1023	0	512	949	72	511
0	64	512	99	72	515
64	64	512	114	72	515
128	64	512	151	72	515
192	64	512	200	72	515
256	64	512	253	72	515
320	64	512	310	77	514
384	64	512	369	77	514
448	64	512	427	77	514
512	64	512	483	77	514
576	64	512	540	77	513
640	64	512	602	82	513
704	64	512	656	82	513
768	64	512	714	85	513
832	64	512	774	87	512
896	64	512	833	89	512
960	64	512	891	91	511
1023	64	512	949	93	511
0	128	512	99	130	515
64	128	512	113	130	515
128	128	512	151	130	515
192	128	512	200	130	515
256	128	512	253	130	515
320	128	512	310	130	514
384	128	512	369	130	514
448	128	512	427	133	514
512	128	512	483	133	514
576	128	512	540	133	514
640	128	512	601	133	513
704	128	512	655	136	513
768	128	512	714	136	513
832	128	512	773	136	512
896	128	512	833	138	512
960	128	512	891	138	511
1023	128	512	949	141	511
0	192	512	101	191	516
64	192	512	113	191	516
128	192	512	151	192	516
192	192	512	199	192	515
256	192	512	253	191	515
320	192	512	310	191	514
384	192	512	368	191	514
448	192	512	426	191	514
512	192	512	482	191	514
576	192	512	539	192	514
640	192	512	601	192	513
704	192	512	655	193	513
768	192	512	713	193	513
832	192	512	773	193	512
896	192	512	832	194	512
960	192	512	891	195	511
1023	192	512	948	195	511
0	256	512	101	253	516
64	256	512	113	253	516
128	256	512	150	253	516
192	256	512	199	253	516
256	256	512	253	252	515
320	256	512	309	252	514
384	256	512	368	252	514
448	256	512	425	252	514
512	256	512	481	252	514
576	256	512	538	252	514
640	256	512	600	252	513
704	256	512	655	253	513
768	256	512	713	253	513
832	256	512	772	253	512
896	256	512	832	253	512
960	256	512	890	254	511
1023	256	512	948	255	511
0	320	512	101	316	514
64	320	512	113	315	514
128	320	512	150	315	514
192	320	512	199	315	514
256	320	512	252	314	514
320	320	512	309	314	513
384	320	512	367	314	513
448	320	512	425	314	512
512	320	512	481	314	512
576	320	512	538	314	512
640	320	512	600	314	512
704	320	512	654	314	512
768	320	512	712	314	511
832	320	512	772	314	511
896	320	512	831	314	511
960	320	512	890	314	510
1023	320	512	948	315	510
0	384	512	101	378	515
64	384	512	114	378	515
128	384	512	150	378	515
192	384	512	199	377	514
256	384	512	253	377	514
320	384	512	309	376	513
384	384	512	367	376	513
448	384	512	425	376	512
512	384	512	481	376	512
576	384	512	538	376	512
640	384	512	600	376	512
704	384	512	654	376	512
768	384	512	712	376	511
832	384	512	772	376	511
896	384	512	831	376	511
960	384	512	890	376	510
1023	384	512	948	376	510
0	448	512	101	439	514
64	448	512	114	439	514
128	448	512	151	439	514
192	448	512	199	438	514
256	448	512	252	438	513
320	448	512	309	437	512
384	448	512	367	437	512
448	448	512	425	437	512
512	448	512	480	437	512
576	448	512	538	437	512
640	448	512	599	437	512
704	448	512	654	437	511
768	448	512	712	437	511
832	448	512	772	437	511
896	448	512	831	436	510
960	448	512	890	436	510
1023	448	512	948	436	510
0	512	512	101	498	514
64	512	512	114	498	514
128	512	512	151	498	514
192	512	512	199	498	514
256	512	512	252	497	513
320	512	512	308	496	512
384	512	512	366	497	512
448	512	512	424	496	512
512	512	512	480	496	512
576	512	512	538	496	512
640	512	512	599	496	512
704	512	512	654	496	511
768	512	512	711	496	511
832	512	512	771	496	511
896	512	512	831	496	510
960	512	512	890	496	510
1023	512	512	948	495	509
0	576	512	103	560	514
64	576	512	116	560	514
128	576	512	151	560	514
192	576	512	199	559	513
256	576	512	252	558	513
320	576	512	308	558	512
384	576	512	366	558	512
448	576	512	424	558	512
512	576	512	480	558	512
576	576	512	537	558	512
640	576	512	599	557	512
704	576	512	653	558	511
768	576	512	711	557	511
832	576	512	771	557	511
896	576	512	831	557	510
960	576	512	890	557	510
1023	576	512	948	557	509
0	640	512	103	623	514
64	640	512	116	623	514
128	640	512	151	623	514
192	640	512	199	623	514
256	640	512	253	622	513
320	640	512	308	621	512
384	640	512	366	621	512
448	640	512	424	621	512
512	640	512	480	621	512
576	640	512	537	621	512
640	640	512	599	621	512
704	640	512	653	621	511
768	640	512	711	621	511
832	640	512	771	621	511
896	640	512	831	621	510
960	640	512	890	620	510
1023	640	512	948	620	509
0	704	512	103	682	514
64	704	512	116	682	514
128	704	512	151	681	514
192	704	512	199	681	514
256	704	512	252	680	514
320	704	512	308	680	512
384	704	512	366	680	512
448	704	512	423	680	512
512	704	512	480	680	512
576	704	512	537	680	512
640	704	512	599	680	512
704	704	512	653	680	512
768	704	512	711	680	511
832	704	512	771	680	511
896	704	512	831	680	511
960	704	512	890	679	510
1023	704	512	948	679	509
0	768	512	104	743	515
64	768	512	116	743	515
128	768	512	152	743	515
192	768	512	199	743	514
256	768	512	252	742	514
320	768	512	308	742	512
384	768	512	366	742	512
448	768	512	423	742	512
512	768	512	479	742	512
576	768	512	537	742	512
640	768	512	598	741	511
704	768	512	653	742	512
768	768	512	711	742	511
832	768	512	771	741	511
896	768	512	831	741	511
960	768	512	890	741	510
1023	768	512	948	741	509
0	832	512	104	807	514
64	832	512	117	807	514
128	832	512	152	807	514
192	832	512	200	807	513
256	832	512	252	806	513
320	832	512	308	806	512
384	832	512	366	806	512
448	832	512	423	806	512
512	832	512	479	806	512
576	832	512	536	806	512
640	832	512	598	806	511
704	832	512	653	806	511
768	832	512	711	806	511
832	832	512	771	806	511
896	832	512	831	806	510
960	832	512	890	806	510
1023	832	512	948	805	509
0	896	512	103	868	514
64	896	512	116	868	514
128	896	512	152	868	513
192	896	512	199	868	513
256	896	512	252	868	513
320	896	512	307	867	512
384	896	512	365	867	512
448	896	512	422	867	511
512	896	512	478	867	511
576	896	512	536	867	511
640	896	512	598	867	511
704	896	512	652	867	511
768	896	512	710	867	511
832	896	512	771	868	511
896	896	512	830	867	510
960	896	512	889	867	510
1023	896	512	947	867	509
0	960	512	106	930	514
64	960	512	116	930	514
128	960	512	152	930	514
192	960	512	199	930	514
256	960	512	252	930	513
320	960	512	308	929	512
384	960	512	365	929	512
448	960	512	422	929	512
512	960	512	478	929	511
576	960	512	536	929	511
640	960	512	598	929	511
704	960	512	652	929	511
768	960	512	710	929	511
832	960	512	771	929	510
896	960	512	830	929	510
960	960	512	889	929	510
1023	960	512	948	929	509
0	1023	512	106	991	514
64	1023	512	116	991	514
128	1023	512	152	990	513
192	1023	512	198	990	513
256	1023	512	250	990	513
320	1023	512	306	990	512
384	1023	512	364	990	511
448	1023	512	421	990	511
512	1023	512	477	990	511
576	1023	512	534	990	511
640	1023	512	596	990	511
704	1023	512	651	990	510
768	1023	512	710	990	510
832	1023	512	770	990	510
896	1023	512	830	990	509
960	1023	512	889	990	509
1023	1023	512	947	990	509
0	0	576	111	48	582
64	0	576	125	48	582
128	0	576	159	48	581
192	0	576	206	53	581
256	0	576	258	53	581
320	0	576	314	53	580
384	0	576	372	53	580
448	0	576	429	53	580
512	0	576	485	53	580
576	0	576	542	57	579
640	0	576	603	60	579
704	0	576	657	63	579
768	0	576	715	66	578
832	0	576	775	66	578
896	0	576	834	72	578
960	0	576	892	75	577
1023	0	576	950	77	577
0	64	576	111	77	581
64	64	576	125	77	581
128	64	576	159	77	581
192	64	576	206	77	581
256	64	576	258	77	580
320	64	576	314	77	580
384	64	576	372	77	580
448	64	576	429	80	580
512	64	576	485	80	580
576	64	576	542	82	579
640	64	576	603	82	579
704	64	576	657	87	579
768	64	576	715	87	578
832	64	576	775	87	578
896	64	576	834	91	578
960	64	576	892	95	577
1023	64	576	950	95	577
0	128	576	111	133	581
64	128	576	125	133	581
128	128	576	159	133	581
192	128	576	206	133	581
256	128	576	258	133	581
320	128	576	313	133	580
384	128	576	372	133	580
448	128	576	429	133	580
512	128	576	485	133	580
576	128	576	541	134	579
640	128	576	603	136	579
704	128	576	657	136	579
768	128	576	715	137	578
832	128	576	774	138	578
896	128	576	834	138	578
960	128	576	892	141	577
1023	128	576	950	141	577
0	192	576	111	193	582
64	192	576	123	193	581
128	192	576	159	193	581
192	192	576	205	193	581
256	192	576	258	192	581
320	192	576	313	192	580
384	192	576	371	192	580
448	192	576	428	192	580
512	192	576	484	192	580
576	192	576	541	193	579
640	192	576	603	193	579
704	192	576	657	193	579
768	192	576	714	194	579
832	192	576	774	194	578
896	192	576	833	195	578
960	192	576	892	196	578
1023	192	576	949	197	577
0	256	576	111	254	582
64	256	576	123	254	582
128	256	576	158	253	582
192	256	576	205	253	582
256	256	576	257	253	581
320	256	576	312	252	580
384	256	576	370	252	580
448	256	576	427	252	580
512	256	576	483	253	580
576	256	576	540	253	579
640	256	576	602	253	579
704	256	576	656	253	579
768	256	576	714	254	579
832	256	576	774	254	578
896	256	576	833	254	578
960	256	576	891	255	578
1023	256	576	949	255	577
0	320	576	113	316	580
64	320	576	123	316	580
128	320	576	159	316	580
192	320	576	204	315	579
256	320	576	256	315	579
320	320	576	312	314	579
384	320	576	370	314	579
448	320	576	427	314	578
512	320	576	483	314	578
576	320	576	539	314	578
640	320	576	601	314	578
704	320	576	655	315	578
768	320	576	713	315	577
832	320	576	773	315	577
896	320	576	832	315	577
960	320	576	891	315	576
1023	320	576	949	315	576
0	384	576	113	378	580
64	384	576	125	378	580
128	384	576	159	378	580
192	384	576	204	378	580
256	384	576	257	377	580
320	384	576	312	376	579
384	384	576	370	376	579
448	384	576	427	376	579
512	384	576	483	376	578
576	384	576	539	376	578
640	384	576	601	377	578
704	384	576	655	377	578
768	384	576	713	376	577
832	384	576	773	377	577
896	384	576	833	377	577
960	384	576	891	377	576
1023	384	576	949	376	576
0	448	576	113	439	580
64	448	576	125	439	580
128	448	576	159	439	580
192	448	576	205	438	580
256	448	576	257	438	580
320	448	576	312	437	579
384	448	576	370	437	579
448	448	576	427	437	578
512	448	576	483	437	578
576	448	576	539	437	578
640	448	576	601	437	578
704	448	576	655	437	578
768	448	576	713	437	577
832	448	576	773	437	577
896	448	576	833	437	576
960	448	576	891	437	576
1023	448	576	949	437	575
0	512	576	114	499	580
64	512	576	125	499	580
128	512	576	159	499	580
192	512	576	206	498	580
256	512	576	257	498	579
320	512	576	312	497	578
384	512	576	370	497	578
448	512	576	427	497	578
512	512	576	483	497	578
576	512	576	539	497	578
640	512	576	601	497	578
704	512	576	655	497	578
768	512	576	713	496	577
832	512	576	773	496	577
896	512	576	832	496	576
960	512	576	891	496	576
1023	512	576	949	496	575
0	576	576	114	560	580
64	576	576	126	560	580
128	576	576	159	560	580
192	576	576	206	560	579
256	576	576	257	559	579
320	576	576	312	558	579
384	576	576	370	558	578
448	576	576	427	558	578
512	576	576	482	558	578
576	576	576	539	558	578
640	576	576	601	558	578
704	576	576	655	558	577
768	576	576	713	558	577
832	576	576	773	558	577
896	576	576	832	558	576
960	576	576	891	557	576
1023	576	576	949	557	575
0	640	576	114	624	580
64	640	576	126	623	580
128	640	576	160	623	580
192	640	576	206	623	580
256	640	576	256	622	579
320	640	576	312	622	578
384	640	576	370	621	578
448	640	576	426	621	578
512	640	576	482	621	578
576	640	576	539	621	578
640	640	576	601	621	578
704	640	576	655	621	578
768	640	576	713	621	577
832	640	576	773	621	577
896	640	576	832	621	576
960	640	576	891	621	576
1023	640	576	949	621	575
0	704	576	114	682	580
64	704	576	126	682	580
128	704	576	159	682	580
192	704	576	205	681	580
256	704	576	256	681	579
320	704	576	311	680	579
384	704	576	369	680	578
448	704	576	426	680	578
512	704	576	481	680	578
576	704	576	538	680	578
640	704	576	600	680	578
704	704	576	655	680	578
768	704	576	713	680	577
832	704	576	773	680	577
896	704	576	832	680	576
960	704	576	891	680	576
1023	704	576	949	679	575
0	768	576	116	743	580
64	768	576	128	743	580
128	768	576	159	743	580
192	768	576	205	743	580
256	768	576	257	742	580
320	768	576	311	742	579
384	768	576	369	742	579
448	768	576	426	742	578
512	768	576	482	742	578
576	768	576	538	742	578
640	768	576	600	742	578
704	768	576	654	742	578
768	768	576	713	742	577
832	768	576	772	741	577
896	768	576	832	742	576
960	768	576	891	741	576
1023	768	576	949	741	575
0	832	576	117	807	580
64	832	576	126	807	579
128	832	576	161	807	579
192	832	576	205	807	579
256	832	576	256	806	579
320	832	576	312	806	578
384	832	576	369	806	578
448	832	576	425	806	578
512	832	576	481	806	578
576	832	576	538	806	578
640	832	576	600	806	578
704	832	576	654	806	577
768	832	576	712	806	577
832	832	576	772	806	577
896	832	576	832	806	576
960	832	576	891	806	576
1023	832	576	949	805	575
0	896	576	116	869	579
64	896	576	128	869	579
128	896	576	159	869	579
192	896	576	205	868	579
256	896	576	255	868	579
320	896	576	310	868	578
384	896	576	368	868	578
448	896	576	425	868	578
512	896	576	480	868	578
576	896	576	537	868	578
640	896	576	599	868	577
704	896	576	653	868	577
768	896	576	712	868	577
832	896	576	772	868	577
896	896	576	832	868	576
960	896	576	890	868	576
1023	896	576	948	867	575
0	960	576	116	930	580
64	960	576	128	930	580
128	960	576	161	930	580
192	960	576	206	930	579
256	960	576	256	930	579
320	960	576	310	930	578
384	960	576	368	930	578
448	960	576	425	930	578
512	960	576	480	930	578
576	960	576	537	930	578
640	960	576	599	929	578
704	960	576	654	930	577
768	960	576	712	930	577
832	960	576	772	930	577
896	960	576	832	930	576
960	960	576	890	930	576
1023	960	576	949	929	575
0	1023	576	116	991	579
64	1023	576	128	991	579
128	1023	576	160	991	579
192	1023	576	204	991	579
256	1023	576	255	990	579
320	1023	576	309	990	578
384	1023	576	366	990	577
448	1023	576	423	990	577
512	1023	576	479	990	577
576	1023	576	536	990	577
640	1023	576	598	990	577
704	1023	576	652	990	576
768	1023	576	711	990	576
832	1023	576	771	990	576
896	1023	576	831	990	575
960	1023	576	890	990	575
1023	1023	576	948	990	574
0	0	640	125	57	643
64	0	640	136	57	643
128	0	640	167	57	643
192	0	640	212	57	643
256	0	640	263	60	643
320	0	640	317	60	643
384	0	640	375	60	643
448	0	640	431	60	642
512	0	640	487	60	642
576	0	640	544	63	642
640	0	640	605	66	642
704	0	640	659	69	641
768	0	640	716	69	641
832	0	640	776	75	641
896	0	640	835	77	641
960	0	640	893	80	640
1023	0	640	951	82	639
0	64	640	125	82	643
64	64	640	136	80	643
128	64	640	167	80	643
192	64	640	212	82	643
256	64	640	263	82	643
320	64	640	317	82	642
384	64	640	375	82	642
448	64	640	431	82	642
512	64	640	487	87	642
576	64	640	544	87	642
640	64	640	605	87	642
704	64	640	659	91	641
768	64	640	716	91	641
832	64	640	776	93	641
896	64	640	835	95	641
960	64	640	893	97	640
1023	64	640	951	101	639
0	128	640	125	134	643
64	128	640	136	134	643
128	128	640	167	134	643
192	128	640	212	134	643
256	128	640	262	134	643
320	128	640	317	134	642
384	128	640	375	136	642
448	128	640	431	136	642
512	128	640	487	136	642
576	128	640	543	137	642
640	128	640	605	138	642
704	128	640	659	138	641
768	128	640	716	139	641
832	128	640	776	141	641
896	128	640	835	142	641
960	128	640	893	143	640
1023	128	640	951	143	640
0	192	640	125	193	644
64	192	640	136	193	644
128	192	640	167	193	643
192	192	640	212	193	643
256	192	640	262	193	643
320	192	640	317	193	642
384	192	640	374	193	642
448	192	640	431	193	642
512	192	640	486	193	642
576	192	640	543	193	642
640	192	640	604	194	642
704	192	640	658	194	641
768	192	640	716	196	641
832	192	640	776	196	641
896	192	640	835	198	641
960	192	640	893	198	640
1023	192	640	951	198	640
0	256	640	125	255	644
64	256	640	136	255	644
128	256	640	166	255	644
192	256	640	211	254	644
256	256	640	262	253	644
320	256	640	316	253	642
384	256	640	373	253	642
448	256	640	430	253	642
512	256	640	485	253	642
576	256	640	542	253	642
640	256	640	604	254	642
704	256	640	658	254	642
768	256	640	715	255	641
832	256	640	775	255	641
896	256	640	834	255	641
960	256	640	893	256	640
1023	256	640	950	256	640
0	320	640	125	316	642
64	320	640	136	316	642
128	320	640	167	316	642
192	320	640	211	316	641
256	320	640	261	315	641
320	320	640	316	315	641
384	320	640	373	315	641
448	320	640	429	315	640
512	320	640	485	315	640
576	320	640	541	315	640
640	320	640	603	315	640
704	320	640	657	316	640
768	320	640	715	316	640
832	320	640	775	315	639
896	320	640	834	316	639
960	320	640	892	316	639
1023	320	640	950	316	638
0	384	640	125	379	642
64	384	640	136	379	642
128	384	640	167	378	642
192	384	640	211	378	642
256	384	640	261	377	642
320	384	640	316	377	641
384	384	640	373	377	641
448	384	640	429	377	641
512	384	640	485	377	640
576	384	640	541	377	640
640	384	640	603	377	640
704	384	640	657	377	640
768	384	640	715	377	640
832	384	640	775	377	640
896	384	640	834	377	639
960	384	640	892	377	639
1023	384	640	950	377	638
0	448	640	125	439	642
64	448	640	136	439	642
128	448	640	167	439	642
192	448	640	211	439	642
256	448	640	262	438	641
320	448	640	316	438	641
384	448	640	373	438	641
448	448	640	429	438	640
512	448	640	485	438	640
576	448	640	541	438	640
640	448	640	603	438	640
704	448	640	657	438	640
768	448	640	715	438	639
832	448	640	775	437	639
896	448	640	834	438	639
960	448	640	892	437	639
1023	448	640	950	437	638
0	512	640	125	499	641
64	512	640	136	499	641
128	512	640	167	499	641
192	512	640	211	498	641
256	512	640	262	498	641
320	512	640	316	497	640
384	512	640	373	497	640
448	512	640	429	497	640
512	512	640	485	497	640
576	512	640	541	497	640
640	512	640	603	497	640
704	512	640	656	497	640
768	512	640	715	497	639
832	512	640	774	497	639
896	512	640	834	497	639
960	512	640	892	496	638
1023	512	640	950	496	638
0	576	640	126	561	641
64	576	640	136	561	641
128	576	640	168	560	641
192	576	640	211	560	641
256	576	640	262	559	641
320	576	640	316	558	640
384	576	640	373	558	640
448	576	640	429	558	640
512	576	640	484	558	640
576	576	640	541	558	640
640	576	640	603	558	640
704	576	640	656	558	639
768	576	640	714	558	639
832	576	640	774	558	639
896	576	640	834	558	639
960	576	640	892	558	638
1023	576	640	950	557	638
0	640	640	128	624	641
64	640	640	138	624	641
128	640	640	168	624	641
192	640	640	211	623	641
256	640	640	262	623	641
320	640	640	316	622	640
384	640	640	373	622	640
448	640	640	429	622	640
512	640	640	484	622	640
576	640	640	541	622	640
640	640	640	603	622	640
704	640	640	656	621	639
768	640	640	714	621	639
832	640	640	774	621	639
896	640	640	834	621	639
960	640	640	892	621	638
1023	640	640	950	621	638
0	704	640	128	682	642
64	704	640	138	682	642
128	704	640	167	682	642
192	704	640	212	682	641
256	704	640	261	681	641
320	704	640	316	681	640
384	704	640	372	680	640
448	704	640	429	680	640
512	704	640	484	680	640
576	704	640	540	680	640
640	704	640	602	680	640
704	704	640	656	680	639
768	704	640	714	680	639
832	704	640	774	680	639
896	704	640	833	680	639
960	704	640	892	680	638
1023	704	640	950	680	638
0	768	640	128	744	642
64	768	640	137	744	642
128	768	640	167	743	642
192	768	640	211	743	642
256	768	640	261	743	642
320	768	640	315	742	641
384	768	640	372	742	641
448	768	640	428	742	640
512	768	640	484	742	640
576	768	640	540	742	640
640	768	640	602	742	640
704	768	640	656	742	640
768	768	640	714	742	639
832	768	640	774	742	639
896	768	640	833	742	639
960	768	640	892	742	638
1023	768	640	950	741	638
0	832	640	128	808	641
64	832	640	138	808	641
128	832	640	168	807	641
192	832	640	212	807	641
256	832	640	262	807	641
320	832	640	315	806	640
384	832	640	372	806	640
448	832	640	428	806	640
512	832	640	483	806	640
576	832	640	540	806	639
640	832	640	602	806	639
704	832	640	655	806	639
768	832	640	714	806	639
832	832	640	774	806	639
896	832	640	833	806	638
960	832	640	892	806	638
1023	832	640	950	806	637
0	896	640	128	869	641
64	896	640	137	869	641
128	896	640	167	869	641
192	896	640	210	868	641
256	896	640	261	868	641
320	896	640	314	868	640
384	896	640	371	868	640
448	896	640	427	868	639
512	896	640	483	868	639
576	896	640	539	868	639
640	896	640	601	868	639
704	896	640	655	868	639
768	896	640	713	868	639
832	896	640	773	868	638
896	896	640	833	868	638
960	896	640	892	868	638
1023	896	640	949	868	637
0	960	640	129	931	641
64	960	640	138	931	641
128	960	640	169	930	641
192	960	640	212	930	641
256	960	640	261	930	641
320	960	640	315	930	640
384	960	640	371	930	640
448	960	640	427	930	639
512	960	640	483	930	639
576	960	640	539	930	639
640	960	640	601	930	639
704	960	640	655	930	639
768	960	640	713	930	639
832	960	640	773	930	638
896	960	640	833	930	638
960	960	640	892	930	638
1023	960	640	950	930	637
0	1023	640	129	991	641
64	1023	640	138	991	641
128	1023	640	167	991	640
192	1023	640	210	991	640
256	1023	640	259	991	640
320	1023	640	313	990	639
384	1023	640	370	990	639
448	1023	640	426	990	639
512	1023	640	481	990	639
576	1023	640	538	990	639
640	1023	640	600	990	638
704	1023	640	654	990	638
768	1023	640	712	990	638
832	1023	640	773	990	638
896	1023	640	832	990	637
960	1023	640	891	990	637
1023	1023	640	949	990	637
0	0	704	138	63	705
64	0	704	148	63	705
128	0	704	177	63	704
192	0	704	218	63	704
256	0	704	268	63	704
320	0	704	322	63	704
384	0	704	379	63	703
448	0	704	434	66	703
512	0	704	489	66	702
576	0	704	546	69	703
640	0	704	607	72	702
704	0	704	660	72	702
768	0	704	718	75	703
832	0	704	778	77	703
896	0	704	837	80	703
960	0	704	895	85	703
1023	0	704	952	85	702
0	64	704	138	87	704
64	64	704	148	87	704
128	64	704	177	87	704
192	64	704	218	87	704
256	64	704	268	87	703
320	64	704	322	87	703
384	64	704	378	87	703
448	64	704	434	89	703
512	64	704	489	89	702
576	64	704	546	91	703
640	64	704	607	91	702
704	64	704	660	93	702
768	64	704	718	95	703
832	64	704	778	95	703
896	64	704	837	99	703
960	64	704	895	101	703
1023	64	704	952	103	702
0	128	704	138	137	704
64	128	704	148	136	704
128	128	704	177	136	704
192	128	704	218	137	704
256	128	704	267	137	703
320	128	704	322	137	703
384	128	704	378	137	703
448	128	704	434	137	703
512	128	704	489	138	702
576	128	704	546	139	703
640	128	704	607	139	702
704	128	704	660	141	702
768	128	704	718	142	702
832	128	704	778	142	703
896	128	704	836	144	703
960	128	704	895	144	703
1023	128	704	952	145	702
0	192	704	137	194	704
64	192	704	147	194	704
128	192	704	177	194	704
192	192	704	218	194	704
256	192	704	267	194	703
320	192	704	321	194	703
384	192	704	378	194	703
448	192	704	434	194	703
512	192	704	489	194	702
576	192	704	545	195	703
640	192	704	606	196	702
704	192	704	660	197	702
768	192	704	717	197	702
832	192	704	777	198	703
896	192	704	836	198	703
960	192	704	894	198	703
1023	192	704	952	199	702
0	256	704	137	256	704
64	256	704	147	255	704
128	256	704	176	255	704
192	256	704	218	255	704
256	256	704	266	255	703
320	256	704	321	254	703
384	256	704	377	254	703
448	256	704	433	254	703
512	256	704	488	255	702
576	256	704	544	255	703
640	256	704	606	255	702
704	256	704	659	255	702
768	256	704	717	256	702
832	256	704	777	256	703
896	256	704	836	257	703
960	256	704	894	256	703
1023	256	704	952	256	703
0	320	704	138	317	704
64	320	704	147	317	704
128	320	704	176	317	704
192	320	704	218	317	704
256	320	704	266	316	703
320	320	704	320	316	703
384	320	704	376	316	703
448	320	704	432	316	703
512	320	704	487	316	702
576	320	704	544	316	702
640	320	704	605	316	702
704	320	704	659	316	702
768	320	704	717	316	702
832	320	704	776	316	702
896	320	704	835	317	701
960	320	704	894	316	701
1023	320	704	951	317	700
0	384	704	138	379	704
64	384	704	148	379	704
128	384	704	176	379	704
192	384	704	218	379	704
256	384	704	267	378	703
320	384	704	320	378	703
384	384	704	377	378	703
448	384	704	432	377	703
512	384	704	487	377	702
576	384	704	544	378	702
640	384	704	605	378	702
704	384	704	659	378	702
768	384	704	717	378	702
832	384	704	776	378	702
896	384	704	835	378	701
960	384	704	894	378	701
1023	384	704	951	377	701
0	448	704	138	440	704
64	448	704	148	440	704
128	448	704	177	439	704
192	448	704	218	439	703
256	448	704	267	438	703
320	448	704	320	438	703
384	448	704	376	438	702
448	448	704	432	438	702
512	448	704	487	438	702
576	448	704	544	438	702
640	448	704	605	438	702
704	448	704	658	438	702
768	448	704	716	438	702
832	448	704	776	438	701
896	448	704	835	438	701
960	448	704	894	438	701
1023	448	704	951	437	700
0	512	704	138	500	704
64	512	704	148	500	704
128	512	704	177	499	704
192	512	704	218	498	703
256	512	704	267	498	703
320	512	704	320	498	702
384	512	704	376	497	702
448	512	704	432	497	702
512	512	704	487	497	702
576	512	704	543	497	702
640	512	704	605	497	702
704	512	704	658	497	702
768	512	704	716	497	701
832	512	704	776	497	701
896	512	704	835	497	701
960	512	704	893	497	700
1023	512	704	951	496	700
0	576	704	138	561	704
64	576	704	148	561	704
128	576	704	177	560	703
192	576	704	218	560	703
256	576	704	266	559	703
320	576	704	320	559	702
384	576	704	376	559	702
448	576	704	432	559	702
512	576	704	486	559	702
576	576	704	543	559	702
640	576	704	604	558	702
704	576	704	658	559	701
768	576	704	716	559	701
832	576	704	776	558	701
896	576	704	835	558	701
960	576	704	893	558	700
1023	576	704	951	558	700
0	640	704	138	624	704
64	640	704	148	624	704
128	640	704	177	623	704
192	640	704	218	623	703
256	640	704	267	622	703
320	640	704	320	622	702
384	640	704	376	622	702
448	640	704	432	622	702
512	640	704	486	622	702
576	640	704	543	622	702
640	640	704	604	621	702
704	640	704	658	621	701
768	640	704	716	621	701
832	640	704	776	621	701
896	640	704	835	621	701
960	640	704	893	621	700
1023	640	704	951	621	700
0	704	704	138	682	704
64	704	704	148	682	704
128	704	704	177	682	704
192	704	704	218	682	703
256	704	704	266	681	703
320	704	704	319	681	702
384	704	704	376	681	702
448	704	704	431	680	702
512	704	704	486	680	702
576	704	704	543	680	702
640	704	704	604	680	702
704	704	704	658	680	702
768	704	704	716	680	702
832	704	704	775	680	701
896	704	704	835	680	701
960	704	704	893	680	701
1023	704	704	951	680	700
0	768	704	139	744	704
64	768	704	148	744	704
128	768	704	177	743	704
192	768	704	218	743	703
256	768	704	266	743	703
320	768	704	319	742	702
384	768	704	375	742	702
448	768	704	431	742	702
512	768	704	486	742	702
576	768	704	542	742	702
640	768	704	604	742	702
704	768	704	657	742	701
768	768	704	716	742	701
832	768	704	776	742	701
896	768	704	835	742	701
960	768	704	893	742	700
1023	768	704	951	742	700
0	832	704	139	808	704
64	832	704	149	808	704
128	832	704	178	808	703
192	832	704	218	807	703
256	832	704	266	807	703
320	832	704	320	807	702
384	832	704	376	807	702
448	832	704	431	807	702
512	832	704	486	807	702
576	832	704	542	806	702
640	832	704	604	806	702
704	832	704	657	807	701
768	832	704	716	807	701
832	832	704	776	807	701
896	832	704	835	807	701
960	832	704	893	806	700
1023	832	704	951	806	700
0	896	704	139	869	703
64	896	704	149	869	703
128	896	704	177	869	703
192	896	704	218	869	703
256	896	704	265	868	702
320	896	704	318	868	702
384	896	704	375	868	702
448	896	704	430	868	702
512	896	704	485	868	702
576	896	704	542	868	701
640	896	704	603	868	701
704	896	704	657	868	701
768	896	704	715	868	701
832	896	704	775	868	701
896	896	704	834	868	700
960	896	704	893	868	700
1023	896	704	951	868	699
0	960	704	141	931	703
64	960	704	149	931	703
128	960	704	177	931	703
192	960	704	218	930	703
256	960	704	266	930	702
320	960	704	318	930	702
384	960	704	375	930	702
448	960	704	430	930	702
512	960	704	485	930	702
576	960	704	541	930	701
640	960	704	603	930	701
704	960	704	657	930	701
768	960	704	715	930	701
832	960	704	775	930	700
896	960	704	834	930	700
960	960	704	893	930	700
1023	960	704	951	930	699
0	1023	704	141	991	702
64	1023	704	149	991	702
128	1023	704	177	991	702
192	1023	704	217	991	702
256	1023	704	265	991	701
320	1023	704	317	991	701
384	1023	704	373	991	701
448	1023	704	429	991	701
512	1023	704	484	991	701
576	1023	704	540	991	700
640	1023	704	602	991	700
704	1023	704	656	991	700
768	1023	704	714	991	700
832	1023	704	774	991	700
896	1023	704	834	991	700
960	1023	704	892	991	699
1023	1023	704	950	991	698
0	0	768	150	69	769
64	0	768	159	69	769
128	0	768	186	69	769
192	0	768	226	69	769
256	0	768	274	69	769
320	0	768	327	69	768
384	0	768	382	69	768
448	0	768	437	72	768
512	0	768	492	75	768
576	0	768	548	75	768
640	0	768	609	75	768
704	0	768	662	80	767
768	0	768	720	80	767
832	0	768	779	82	767
896	0	768	838	87	767
960	0	768	896	89	767
1023	0	768	953	91	766
0	64	768	150	91	769
64	64	768	159	91	769
128	64	768	186	91	769
192	64	768	225	91	769
256	64	768	274	91	769
320	64	768	327	91	768
384	64	768	382	91	768
448	64	768	437	91	768
512	64	768	492	93	768
576	64	768	548	95	768
640	64	768	609	95	768
704	64	768	662	97	767
768	64	768	720	99	767
832	64	768	779	101	767
896	64	768	838	103	767
960	64	768	896	106	767
1023	64	768	953	106	766
0	128	768	149	139	769
64	128	768	159	139	769
128	128	768	186	139	769
192	128	768	225	139	769
256	128	768	274	139	769
320	128	768	326	141	768
384	128	768	382	141	768
448	128	768	437	141	768
512	128	768	491	141	768
576	128	768	548	141	768
640	128	768	609	142	768
704	128	768	662	143	767
768	128	768	720	143	767
832	128	768	779	145	767
896	128	768	838	145	767
960	128	768	896	147	767
1023	128	768	953	148	766
0	192	768	149	197	769
64	192	768	158	197	769
128	192	768	185	197	769
192	192	768	225	196	769
256	192	768	273	196	769
320	192	768	326	196	768
384	192	768	381	196	768
448	192	768	436	196	768
512	192	768	491	197	768
576	192	768	547	198	768
640	192	768	608	198	768
704	192	768	661	198	767
768	192	768	719	198	767
832	192	768	779	198	767
896	192	768	837	199	767
960	192	768	896	200	767
1023	192	768	953	201	766
0	256	768	149	256	769
64	256	768	158	256	769
128	256	768	185	256	769
192	256	768	225	256	769
256	256	768	272	255	769
320	256	768	325	255	768
384	256	768	381	255	768
448	256	768	436	255	768
512	256	768	490	256	768
576	256	768	547	256	768
640	256	768	607	256	768
704	256	768	661	256	767
768	256	768	719	256	768
832	256	768	778	257	767
896	256	768	837	257	767
960	256	768	895	258	767
1023	256	768	953	258	766
0	320	768	150	318	768
64	320	768	158	318	768
128	320	768	185	317	768
192	320	768	224	317	768
256	320	768	272	317	768
320	320	768	325	316	767
384	320	768	380	316	767
448	320	768	435	316	767
512	320	768	490	316	767
576	320	768	546	317	767
640	320	768	607	317	767
704	320	768	660	317	767
768	320	768	718	317	767
832	320	768	778	317	766
896	320	768	837	317	766
960	320	768	895	317	766
1023	320	768	953	317	766
0	384	768	150	380	769
64	384	768	158	380	769
128	384	768	186	379	769
192	384	768	225	379	768
256	384	768	272	378	768
320	384	768	325	378	767
384	384	768	380	378	767
448	384	768	435	378	767
512	384	768	490	378	767
576	384	768	546	378	767
640	384	768	607	378	767
704	384	768	660	378	767
768	384	768	718	378	767
832	384	768	778	378	767
896	384	768	837	378	766
960	384	768	895	378	766
1023	384	768	953	378	766
0	448	768	150	440	768
64	448	768	159	440	768
128	448	768	186	440	768
192	448	768	225	439	768
256	448	768	273	439	768
320	448	768	325	438	767
384	448	768	380	438	767
448	448	768	435	438	767
512	448	768	490	438	767
576	448	768	546	438	767
640	448	768	607	438	767
704	448	768	660	438	767
768	448	768	718	438	767
832	448	768	778	438	766
896	448	768	837	438	766
960	448	768	895	438	766
1023	448	768	953	438	765
0	512	768	151	500	768
64	512	768	159	500	768
128	512	768	186	499	768
192	512	768	225	499	768
256	512	768	272	498	768
320	512	768	325	498	767
384	512	768	380	498	767
448	512	768	435	497	767
512	512	768	489	497	767
576	512	768	546	497	767
640	512	768	607	497	767
704	512	768	660	497	767
768	512	768	718	497	766
832	512	768	778	497	766
896	512	768	837	497	766
960	512	768	895	497	766
1023	512	768	953	497	765
0	576	768	151	561	768
64	576	768	159	561	768
128	576	768	186	561	768
192	576	768	225	560	768
256	576	768	272	559	768
320	576	768	325	559	767
384	576	768	380	559	767
448	576	768	435	559	767
512	576	768	489	559	767
576	576	768	546	559	767
640	576	768	606	559	767
704	576	768	660	559	767
768	576	768	718	559	766
832	576	768	778	559	766
896	576	768	837	559	766
960	576	768	895	558	766
1023	576	768	953	558	765
0	640	768	151	624	768
64	640	768	159	624	768
128	640	768	186	624	768
192	640	768	225	623	768
256	640	768	272	623	768
320	640	768	325	622	767
384	640	768	380	622	767
448	640	768	435	622	767
512	640	768	489	622	767
576	640	768	546	622	767
640	640	768	606	622	767
704	640	768	660	622	767
768	640	768	718	622	766
832	640	768	778	622	766
896	640	768	836	621	766
960	640	768	895	621	766
1023	640	768	952	621	765
0	704	768	150	682	768
64	704	768	159	682	768
128	704	768	186	682	768
192	704	768	225	682	768
256	704	768	272	681	768
320	704	768	324	681	767
384	704	768	379	681	767
448	704	768	434	681	767
512	704	768	489	681	767
576	704	768	545	680	767
640	704	768	606	681	767
704	704	768	660	681	767
768	704	768	717	681	767
832	704	768	777	681	766
896	704	768	836	680	766
960	704	768	895	680	766
1023	704	768	952	680	765
0	768	768	151	744	768
64	768	768	159	744	768
128	768	768	186	743	768
192	768	768	225	743	768
256	768	768	272	743	768
320	768	768	324	743	767
384	768	768	379	742	767
448	768	768	434	742	767
512	768	768	488	742	767
576	768	768	545	742	767
640	768	768	606	742	767
704	768	768	659	742	767
768	768	768	717	742	767
832	768	768	777	742	766
896	768	768	836	742	766
960	768	768	895	742	766
1023	768	768	952	742	765
0	832	768	152	808	768
64	832	768	160	808	768
128	832	768	186	808	768
192	832	768	225	808	768
256	832	768	272	807	768
320	832	768	324	807	767
384	832	768	379	807	767
448	832	768	434	807	767
512	832	768	489	807	767
576	832	768	545	807	767
640	832	768	606	807	767
704	832	768	659	807	767
768	832	768	717	807	767
832	832	768	777	807	766
896	832	768	836	807	766
960	832	768	895	807	766
1023	832	768	953	806	765
0	896	768	152	870	768
64	896	768	159	869	768
128	896	768	186	869	768
192	896	768	225	869	768
256	896	768	271	869	767
320	896	768	323	869	767
384	896	768	379	869	767
448	896	768	433	869	767
512	896	768	488	868	767
576	896	768	544	869	767
640	896	768	605	869	767
704	896	768	659	868	767
768	896	768	717	869	766
832	896	768	777	869	766
896	896	768	836	869	766
960	896	768	895	869	766
1023	896	768	952	868	765
0	960	768	152	931	768
64	960	768	160	931	768
128	960	768	187	931	768
192	960	768	225	931	768
256	960	768	271	931	768
320	960	768	323	930	767
384	960	768	379	930	767
448	960	768	433	930	767
512	960	768	488	930	767
576	960	768	544	930	767
640	960	768	605	930	767
704	960	768	659	930	767
768	960	768	717	931	766
832	960	768	777	930	766
896	960	768	836	930	766
960	960	768	894	930	765
1023	960	768	952	930	765
0	1023	768	151	991	767
64	1023	768	159	991	767
128	1023	768	185	991	767
192	1023	768	223	991	767
256	1023	768	270	991	767
320	1023	768	322	991	767
384	1023	768	377	991	766
448	1023	768	432	991	766
512	1023	768	486	991	766
576	1023	768	543	991	766
640	1023	768	604	991	766
704	1023	768	657	991	766
768	1023	768	716	991	766
832	1023	768	776	991	765
896	1023	768	835	991	765
960	1023	768	894	991	765
1023	1023	768	952	991	764
0	0	832	163	77	834
64	0	832	171	77	834
128	0	832	195	77	834
192	0	832	234	77	833
256	0	832	280	77	833
320	0	832	331	77	833
384	0	832	386	77	833
448	0	832	441	77	833
512	0	832	495	77	833
576	0	832	551	80	832
640	0	832	611	82	832
704	0	832	664	82	832
768	0	832	722	87	832
832	0	832	781	87	832
896	0	832	840	91	832
960	0	832	897	91	831
1023	0	832	955	95	831
0	64	832	162	93	834
64	64	832	171	93	834
128	64	832	195	93	833
192	64	832	234	93	833
256	64	832	280	93	833
320	64	832	331	95	833
384	64	832	386	95	833
448	64	832	440	95	833
512	64	832	495	97	832
576	64	832	551	99	832
640	64	832	611	99	832
704	64	832	664	101	832
768	64	832	722	103	832
832	64	832	781	104	832
896	64	832	840	106	832
960	64	832	897	108	831
1023	64	832	955	109	831
0	128	832	162	142	834
64	128	832	170	142	834
128	128	832	195	142	833
192	128	832	234	142	833
256	128	832	279	142	833
320	128	832	331	142	833
384	128	832	386	141	833
448	128	832	440	143	833
512	128	832	494	143	832
576	128	832	551	143	832
640	128	832	611	143	832
704	128	832	664	145	832
768	128	832	721	145	832
832	128	832	781	148	832
896	128	832	839	148	832
960	128	832	897	150	831
1023	128	832	955	150	831
0	192	832	162	198	834
64	192	832	170	198	834
128	192	832	194	198	833
192	192	832	233	198	833
256	192	832	279	198	833
320	192	832	331	198	833
384	192	832	385	198	833
448	192	832	440	198	833
512	192	832	494	198	832
576	192	832	550	198	832
640	192	832	610	198	832
704	192	832	663	199	832
768	192	832	721	199	832
832	192	832	780	200	832
896	192	832	839	201	832
960	192	832	897	202	831
1023	192	832	954	202	831
0	256	832	162	257	834
64	256	832	170	257	834
128	256	832	194	257	834
192	256	832	233	257	833
256	256	832	279	256	833
320	256	832	330	256	833
384	256	832	385	256	833
448	256	832	439	256	833
512	256	832	493	256	832
576	256	832	549	256	832
640	256	832	609	256	832
704	256	832	663	257	832
768	256	832	720	258	832
832	256	832	780	258	832
896	256	832	839	258	832
960	256	832	897	258	831
1023	256	832	954	259	831
0	320	832	162	318	833
64	320	832	170	318	833
128	320	832	194	318	833
192	320	832	232	317	833
256	320	832	278	317	832
320	320	832	330	317	832
384	320	832	384	317	832
448	320	832	438	317	832
512	320	832	492	317	832
576	320	832	549	317	832
640	320	832	609	317	832
704	320	832	662	317	832
768	320	832	720	317	832
832	320	832	780	317	832
896	320	832	838	317	831
960	320	832	896	317	831
1023	320	832	954	317	831
0	384	832	162	380	833
64	384	832	170	380	833
128	384	832	194	379	833
192	384	832	232	379	833
256	384	832	279	378	832
320	384	832	330	378	832
384	384	832	385	378	832
448	384	832	438	378	832
512	384	832	492	378	832
576	384	832	549	378	832
640	384	832	609	378	832
704	384	832	662	378	832
768	384	832	720	379	832
832	384	832	780	378	832
896	384	832	838	378	831
960	384	832	897	378	831
1023	384	832	954	378	831
0	448	832	163	440	833
64	448	832	171	440	833
128	448	832	194	440	833
192	448	832	233	439	833
256	448	832	279	438	832
320	448	832	330	438	832
384	448	832	384	438	832
448	448	832	438	438	832
512	448	832	492	438	832
576	448	832	549	438	832
640	448	832	609	438	832
704	448	832	662	438	832
768	448	832	720	438	832
832	448	832	780	438	832
896	448	832	838	438	831
960	448	832	897	438	831
1023	448	832	954	438	831
0	512	832	163	500	833
64	512	832	171	500	833
128	512	832	194	499	833
192	512	832	233	499	833
256	512	832	279	498	833
320	512	832	330	498	832
384	512	832	385	498	832
448	512	832	438	498	832
512	512	832	492	498	832
576	512	832	548	498	832
640	512	832	609	498	832
704	512	832	662	498	832
768	512	832	720	498	832
832	512	832	780	497	831
896	512	832	838	497	831
960	512	832	897	497	831
1023	512	832	954	497	831
0	576	832	163	561	833
64	576	832	170	561	833
128	576	832	195	561	833
192	576	832	233	560	833
256	576	832	279	559	832
320	576	832	330	559	832
384	576	832	384	559	832
448	576	832	438	559	832
512	576	832	492	559	832
576	576	832	548	559	832
640	576	832	609	559	832
704	576	832	662	559	832
768	576	832	720	559	831
832	576	832	780	559	831
896	576	832	838	559	831
960	576	832	896	559	831
1023	576	832	954	558	831
0	640	832	163	624	833
64	640	832	171	624	833
128	640	832	196	624	833
192	640	832	233	623	833
256	640	832	279	623	832
320	640	832	330	622	832
384	640	832	384	622	832
448	640	832	438	622	832
512	640	832	492	622	832
576	640	832	548	622	832
640	640	832	609	622	832
704	640	832	662	622	832
768	640	832	720	622	832
832	640	832	780	622	831
896	640	832	838	622	831
960	640	832	896	621	831
1023	640	832	954	621	831
0	704	832	163	682	833
64	704	832	171	682	833
128	704	832	196	682	833
192	704	832	233	682	833
256	704	832	278	681	832
320	704	832	329	681	832
384	704	832	384	681	832
448	704	832	438	681	832
512	704	832	492	681	832
576	704	832	548	681	832
640	704	832	608	681	832
704	704	832	662	681	832
768	704	832	720	681	832
832	704	832	779	681	832
896	704	832	838	681	831
960	704	832	896	680	831
1023	704	832	954	680	831
0	768	832	163	744	833
64	768	832	171	744	833
128	768	832	195	744	833
192	768	832	233	743	833
256	768	832	278	743	833
320	768	832	329	743	832
384	768	832	384	743	832
448	768	832	438	743	832
512	768	832	492	743	832
576	768	832	548	742	832
640	768	832	608	743	832
704	768	832	662	743	832
768	768	832	719	743	832
832	768	832	779	743	832
896	768	832	838	743	831
960	768	832	896	742	831
1023	768	832	954	742	831
0	832	832	164	808	833
64	832	832	171	808	833
128	832	832	196	808	833
192	832	832	233	808	833
256	832	832	277	807	832
320	832	832	329	807	832
384	832	832	383	807	832
448	832	832	438	807	832
512	832	832	491	807	832
576	832	832	548	807	832
640	832	832	608	807	832
704	832	832	661	807	832
768	832	832	719	807	832
832	832	832	779	807	831
896	832	832	838	807	831
960	832	832	896	807	831
1023	832	832	954	806	830
0	896	832	163	869	833
64	896	832	171	869	833
128	896	832	194	869	833
192	896	832	232	869	833
256	896	832	277	869	832
320	896	832	328	869	832
384	896	832	382	869	832
448	896	832	436	869	832
512	896	832	491	869	832
576	896	832	547	869	832
640	896	832	607	868	832
704	896	832	660	868	832
768	896	832	719	869	832
832	896	832	779	869	831
896	896	832	837	869	831
960	896	832	896	868	831
1023	896	832	954	868	831
0	960	832	164	931	833
64	960	832	172	931	833
128	960	832	196	931	833
192	960	832	232	931	833
256	960	832	277	931	832
320	960	832	329	931	832
384	960	832	382	931	832
448	960	832	437	931	832
512	960	832	491	931	832
576	960	832	547	931	832
640	960	832	607	930	831
704	960	832	660	930	831
768	960	832	718	930	831
832	960	832	779	931	831
896	960	832	837	931	831
960	960	832	896	930	831
1023	960	832	954	930	830
0	1023	832	163	992	832
64	1023	832	171	992	832
128	1023	832	195	992	832
192	1023	832	232	991	832
256	1023	832	276	991	832
320	1023	832	327	991	831
384	1023	832	381	991	831
448	1023	832	435	991	831
512	1023	832	489	991	831
576	1023	832	546	991	831
640	1023	832	606	991	831
704	1023	832	660	991	831
768	1023	832	718	991	831
832	1023	832	778	991	831
896	1023	832	837	991	831
960	1023	832	895	991	830
1023	1023	832	953	991	830
0	0	896	175	82	897
64	0	896	182	82	897
128	0	896	206	82	897
192	0	896	241	82	897
256	0	896	286	82	897
320	0	896	337	82	897
384	0	896	390	82	897
448	0	896	444	82	897
512	0	896	498	82	897
576	0	896	553	87	897
640	0	896	613	87	897
704	0	896	666	89	897
768	0	896	724	91	897
832	0	896	783	93	896
896	0	896	841	95	896
960	0	896	899	99	896
1023	0	896	956	99	896
0	64	896	175	99	897
64	64	896	182	99	897
128	64	896	206	99	897
192	64	896	241	99	897
256	64	896	286	99	897
320	64	896	337	99	897
384	64	896	390	101	897
448	64	896	444	101	897
512	64	896	498	103	897
576	64	896	553	103	897
640	64	896	613	103	897
704	64	896	666	106	897
768	64	896	723	106	897
832	64	896	783	109	896
896	64	896	841	109	896
960	64	896	899	111	896
1023	64	896	956	114	896
0	128	896	175	144	897
64	128	896	182	144	897
128	128	896	206	144	897
192	128	896	241	144	897
256	128	896	285	144	897
320	128	896	337	144	897
384	128	896	390	144	897
448	128	896	444	144	897
512	128	896	498	145	897
576	128	896	553	147	897
640	128	896	613	147	897
704	128	896	666	148	897
768	128	896	723	149	897
832	128	896	783	150	896
896	128	896	841	151	896
960	128	896	899	152	896
1023	128	896	956	153	896
0	192	896	175	199	897
64	192	896	182	199	897
128	192	896	205	199	897
192	192	896	241	199	897
256	192	896	285	199	897
320	192	896	336	199	897
384	192	896	390	199	897
448	192	896	443	199	897
512	192	896	497	199	897
576	192	896	553	200	897
640	192	896	613	201	897
704	192	896	665	201	897
768	192	896	723	201	897
832	192	896	783	202	896
896	192	896	841	202	896
960	192	896	899	204	896
1023	192	896	956	204	896
0	256	896	175	258	898
64	256	896	181	258	898
128	256	896	204	258	898
192	256	896	241	258	898
256	256	896	284	257	898
320	256	896	336	258	897
384	256	896	389	257	897
448	256	896	443	258	897
512	256	896	496	258	897
576	256	896	552	258	897
640	256	896	612	258	897
704	256	896	665	259	897
768	256	896	722	259	897
832	256	896	782	259	897
896	256	896	840	259	896
960	256	896	899	259	896
1023	256	896	956	260	896
0	320	896	174	319	897
64	320	896	181	319	897
128	320	896	204	318	897
192	320	896	241	318	897
256	320	896	284	317	896
320	320	896	335	317	896
384	320	896	389	317	896
448	320	896	442	317	896
512	320	896	495	317	896
576	320	896	552	317	896
640	320	896	611	318	896
704	320	896	665	318	896
768	320	896	722	318	896
832	320	896	782	318	895
896	320	896	840	318	895
960	320	896	898	318	895
1023	320	896	956	318	895
0	384	896	175	381	897
64	384	896	181	381	897
128	384	896	205	380	897
192	384	896	241	380	897
256	384	896	285	379	897
320	384	896	335	379	896
384	384	896	389	379	896
448	384	896	442	379	896
512	384	896	496	379	896
576	384	896	552	379	896
640	384	896	611	379	896
704	384	896	665	379	896
768	384	896	722	379	896
832	384	896	782	379	896
896	384	896	840	379	896
960	384	896	899	379	895
1023	384	896	956	379	895
0	448	896	175	441	897
64	448	896	182	441	897
128	448	896	205	440	897
192	448	896	241	440	897
256	448	896	285	439	897
320	448	896	335	439	896
384	448	896	389	439	896
448	448	896	442	439	896
512	448	896	496	438	896
576	448	896	552	439	896
640	448	896	611	438	896
704	448	896	665	439	896
768	448	896	722	439	896
832	448	896	782	439	896
896	448	896	840	439	895
960	448	896	898	438	895
1023	448	896	956	438	895
0	512	896	175	500	897
64	512	896	182	500	897
128	512	896	205	500	897
192	512	896	241	499	897
256	512	896	285	498	897
320	512	896	335	498	896
384	512	896	389	498	896
448	512	896	442	498	896
512	512	896	495	498	896
576	512	896	552	498	896
640	512	896	611	498	896
704	512	896	664	498	896
768	512	896	722	498	896
832	512	896	782	498	896
896	512	896	840	498	895
960	512	896	898	497	895
1023	512	896	956	497	895
0	576	896	175	561	896
64	576	896	182	561	896
128	576	896	205	561	896
192	576	896	241	560	896
256	576	896	285	560	896
320	576	896	335	559	896
384	576	896	389	559	896
448	576	896	442	559	896
512	576	896	495	559	896
576	576	896	552	559	896
640	576	896	611	559	896
704	576	896	664	559	896
768	576	896	722	559	895
832	576	896	782	559	895
896	576	896	840	559	895
960	576	896	898	559	895
1023	576	896	956	559	895
0	640	896	175	624	897
64	640	896	182	624	897
128	640	896	206	624	897
192	640	896	241	623	897
256	640	896	285	623	896
320	640	896	335	622	896
384	640	896	389	622	896
448	640	896	442	622	896
512	640	896	495	622	896
576	640	896	551	622	896
640	640	896	611	622	896
704	640	896	664	622	896
768	640	896	722	622	896
832	640	896	782	622	896
896	640	896	840	622	895
960	640	896	898	622	895
1023	640	896	956	621	895
0	704	896	176	683	897
64	704	896	182	682	897
128	704	896	206	682	897
192	704	896	240	682	896
256	704	896	284	681	896
320	704	896	334	681	896
384	704	896	388	681	896
448	704	896	441	681	896
512	704	896	495	681	896
576	704	896	551	681	896
640	704	896	611	681	896
704	704	896	664	681	896
768	704	896	721	681	896
832	704	896	781	681	895
896	704	896	840	681	895
960	704	896	898	681	895
1023	704	896	956	680	895
0	768	896	175	744	897
64	768	896	182	744	897
128	768	896	206	744	897
192	768	896	241	743	897
256	768	896	284	743	897
320	768	896	334	743	896
384	768	896	388	743	896
448	768	896	441	743	896
512	768	896	495	743	896
576	768	896	551	743	896
640	768	896	610	743	896
704	768	896	664	743	896
768	768	896	721	743	896
832	768	896	781	743	896
896	768	896	840	743	895
960	768	896	898	743	895
1023	768	896	956	742	895
0	832	896	176	808	897
64	832	896	183	808	897
128	832	896	206	808	897
192	832	896	241	808	897
256	832	896	284	808	897
320	832	896	334	808	896
384	832	896	388	807	896
448	832	896	441	807	896
512	832	896	495	807	896
576	832	896	551	807	896
640	832	896	610	807	896
704	832	896	664	807	896
768	832	896	721	807	896
832	832	896	781	807	895
896	832	896	840	807	895
960	832	896	898	807	895
1023	832	896	955	807	895
0	896	896	175	870	896
64	896	896	182	870	896
128	896	896	205	870	896
192	896	896	240	869	896
256	896	896	283	869	896
320	896	896	334	869	896
384	896	896	387	869	896
448	896	896	440	869	896
512	896	896	494	869	896
576	896	896	550	869	896
640	896	896	610	869	896
704	896	896	663	869	896
768	896	896	721	869	896
832	896	896	781	869	896
896	896	896	839	869	895
960	896	896	898	869	895
1023	896	896	955	869	895
0	960	896	176	931	897
64	960	896	183	931	897
128	960	896	205	931	897
192	960	896	240	931	897
256	960	896	284	931	897
320	960	896	334	931	896
384	960	896	388	931	896
448	960	896	440	931	896
512	960	896	494	931	896
576	960	896	550	931	896
640	960	896	610	931	896
704	960	896	663	931	896
768	960	896	721	931	896
832	960	896	781	931	896
896	960	896	839	931	895
960	960	896	898	931	895
1023	960	896	955	931	895
0	1023	896	176	992	897
64	1023	896	182	992	897
128	1023	896	204	992	897
192	1023	896	239	992	897
256	1023	896	282	992	896
320	1023	896	333	991	896
384	1023	896	386	991	896
448	1023	896	439	991	896
512	1023	896	492	991	896
576	1023	896	548	991	896
640	1023	896	609	991	896
704	1023	896	661	991	896
768	1023	896	720	991	896
832	1023	896	780	991	895
896	1023	896	838	992	895
960	1023	896	897	991	895
1023	1023	896	955	991	895
0	0	960	187	89	961
64	0	960	193	89	961
128	0	960	215	89	961
192	0	960	250	89	961
256	0	960	293	89	961
320	0	960	342	89	961
384	0	960	395	89	961
448	0	960	447	89	960
512	0	960	501	91	960
576	0	960	557	91	960
640	0	960	616	91	960
704	0	960	668	95	960
768	0	960	726	97	960
832	0	960	785	97	960
896	0	960	843	101	960
960	0	960	901	103	960
1023	0	960	958	106	960
0	64	960	187	103	961
64	64	960	193	103	961
128	64	960	215	103	961
192	64	960	250	104	961
256	64	960	293	104	961
320	64	960	342	104	961
384	64	960	395	104	961
448	64	960	447	106	960
512	64	960	501	106	960
576	64	960	557	106	960
640	64	960	616	109	960
704	64	960	668	109	960
768	64	960	726	111	960
832	64	960	785	113	960
896	64	960	843	114	960
960	64	960	901	117	960
1023	64	960	958	117	960
0	128	960	187	148	961
64	128	960	193	148	961
128	128	960	215	148	961
192	128	960	250	147	961
256	128	960	292	147	961
320	128	960	342	147	961
384	128	960	395	148	961
448	128	960	447	148	960
512	128	960	501	149	960
576	128	960	556	149	960
640	128	960	615	150	960
704	128	960	668	150	960
768	128	960	725	152	960
832	128	960	785	152	960
896	128	960	843	155	960
960	128	960	901	155	960
1023	128	960	958	157	960
0	192	960	187	202	961
64	192	960	193	202	961
128	192	960	215	202	961
192	192	960	249	202	961
256	192	960	292	201	961
320	192	960	342	201	961
384	192	960	395	201	961
448	192	960	447	201	960
512	192	960	500	201	960
576	192	960	556	202	960
640	192	960	615	202	960
704	192	960	668	202	960
768	192	960	725	203	960
832	192	960	785	203	960
896	192	960	842	205	960
960	192	960	901	206	960
1023	192	960	958	206	960
0	256	960	187	259	961
64	256	960	193	259	961
128	256	960	215	259	961
192	256	960	248	259	961
256	256	960	292	258	961
320	256	960	341	258	961
384	256	960	394	259	961
448	256	960	446	258	961
512	256	960	500	259	960
576	256	960	555	259	960
640	256	960	614	259	960
704	256	960	667	259	960
768	256	960	725	259	960
832	256	960	784	259	960
896	256	960	842	260	960
960	256	960	900	261	960
1023	256	960	958	261	960
0	320	960	187	319	960
64	320	960	193	319	960
128	320	960	215	319	960
192	320	960	248	319	960
256	320	960	291	318	960
320	320	960	340	318	960
384	320	960	393	318	960
448	320	960	446	318	960
512	320	960	499	318	960
576	320	960	555	318	960
640	320	960	614	318	960
704	320	960	667	318	960
768	320	960	724	318	960
832	320	960	784	318	960
896	320	960	842	319	959
960	320	960	900	319	959
1023	320	960	957	319	959
0	384	960	187	381	960
64	384	960	193	381	960
128	384	960	215	381	960
192	384	960	248	380	960
256	384	960	291	379	960
320	384	960	341	379	960
384	384	960	393	379	960
448	384	960	446	379	960
512	384	960	499	379	960
576	384	960	555	379	960
640	384	960	614	379	960
704	384	960	667	379	960
768	384	960	724	379	960
832	384	960	784	379	960
896	384	960	842	379	959
960	384	960	900	379	959
1023	384	960	957	379	959
0	448	960	187	441	960
64	448	960	193	440	960
128	448	960	215	440	960
192	448	960	248	440	960
256	448	960	292	439	960
320	448	960	341	439	960
384	448	960	393	439	960
448	448	960	446	439	960
512	448	960	499	439	960
576	448	960	555	439	960
640	448	960	614	439	960
704	448	960	667	439	960
768	448	960	724	439	959
832	448	960	784	439	959
896	448	960	842	439	959
960	448	960	900	439	959
1023	448	960	957	438	959
0	512	960	187	500	960
64	512	960	193	500	960
128	512	960	215	500	960
192	512	960	250	499	960
256	512	960	292	498	960
320	512	960	341	498	960
384	512	960	393	498	960
448	512	960	446	498	960
512	512	960	499	498	960
576	512	960	554	498	960
640	512	960	614	498	960
704	512	960	667	498	960
768	512	960	724	498	960
832	512	960	784	498	959
896	512	960	842	498	959
960	512	960	900	497	959
1023	512	960	957	497	959
0	576	960	188	561	960
64	576	960	194	561	960
128	576	960	215	561	960
192	576	960	250	560	960
256	576	960	292	560	960
320	576	960	341	560	960
384	576	960	393	560	960
448	576	960	446	559	960
512	576	960	498	559	960
576	576	960	555	559	960
640	576	960	614	559	960
704	576	960	666	559	960
768	576	960	724	559	959
832	576	960	784	559	959
896	576	960	842	559	959
960	576	960	900	559	959
1023	576	960	957	559	959
0	640	960	188	624	960
64	640	960	194	624	960
128	640	960	215	623	960
192	640	960	249	623	960
256	640	960	291	623	960
320	640	960	341	622	960
384	640	960	393	622	960
448	640	960	445	622	960
512	640	960	498	622	960
576	640	960	554	622	960
640	640	960	613	622	960
704	640	960	666	622	960
768	640	960	724	622	959
832	640	960	784	622	960
896	640	960	842	622	959
960	640	960	900	621	959
1023	640	960	957	621	959
0	704	960	187	682	960
64	704	960	193	682	960
128	704	960	215	682	960
192	704	960	248	682	960
256	704	960	291	681	960
320	704	960	340	681	960
384	704	960	393	681	960
448	704	960	445	681	960
512	704	960	498	681	960
576	704	960	554	681	960
640	704	960	613	681	960
704	704	960	666	681	960
768	704	960	723	681	960
832	704	960	783	681	960
896	704	960	842	681	959
960	704	960	900	680	959
1023	704	960	957	680	959
0	768	960	187	744	960
64	768	960	193	744	960
128	768	960	215	744	960
192	768	960	248	743	960
256	768	960	291	743	960
320	768	960	340	743	960
384	768	960	393	743	960
448	768	960	445	743	960
512	768	960	498	743	960
576	768	960	554	743	960
640	768	960	613	743	960
704	768	960	666	743	960
768	768	960	724	743	960
832	768	960	783	743	960
896	768	960	842	743	960
960	768	960	900	742	959
1023	768	960	957	742	959
0	832	960	188	808	960
64	832	960	194	808	960
128	832	960	215	808	960
192	832	960	248	808	960
256	832	960	291	807	960
320	832	960	340	807	960
384	832	960	393	807	960
448	832	960	445	807	960
512	832	960	498	807	960
576	832	960	554	807	960
640	832	960	613	807	960
704	832	960	666	807	960
768	832	960	723	807	960
832	832	960	783	807	959
896	832	960	841	807	959
960	832	960	900	807	959
1023	832	960	957	807	959
0	896	960	188	868	960
64	896	960	193	868	960
128	896	960	215	868	960
192	896	960	248	868	960
256	896	960	291	868	960
320	896	960	340	868	960
384	896	960	392	868	960
448	896	960	444	868	960
512	896	960	497	868	960
576	896	960	553	868	960
640	896	960	613	868	960
704	896	960	666	868	960
768	896	960	723	868	960
832	896	960	783	868	960
896	896	960	841	868	960
960	896	960	900	868	960
1023	896	960	957	867	960
0	960	960	188	930	961
64	960	960	194	930	961
128	960	960	215	930	961
192	960	960	249	930	961
256	960	960	291	930	960
320	960	960	340	930	960
384	960	960	392	930	960
448	960	960	444	930	960
512	960	960	497	930	960
576	960	960	553	930	960
640	960	960	612	929	960
704	960	960	665	930	960
768	960	960	723	930	960
832	960	960	783	930	960
896	960	960	841	930	960
960	960	960	900	930	959
1023	960	960	957	929	959
0	1023	960	187	991	961
64	1023	960	193	991	961
128	1023	960	215	991	961
192	1023	960	248	990	961
256	1023	960	290	990	960
320	1023	960	339	990	960
384	1023	960	391	990	960
448	1023	960	443	990	960
512	1023	960	496	990	960
576	1023	960	552	990	960
640	1023	960	611	990	960
704	1023	960	665	990	960
768	1023	960	722	990	960
832	1023	960	782	990	959
896	1023	960	841	990	960
960	1023	960	899	990	959
1023	1023	960	957	990	959
0	0	1023	198	91	1023
64	0	1023	204	91	1023
128	0	1023	225	91	1023
192	0	1023	258	91	1023
256	0	1023	299	91	1023
320	0	1023	348	93	1023
384	0	1023	399	93	1023
448	0	1023	451	93	1023
512	0	1023	503	95	1023
576	0	1023	559	95	1023
640	0	1023	617	97	1023
704	0	1023	670	99	1023
768	0	1023	727	99	1023
832	0	1023	787	101	1022
896	0	1023	844	103	1023
960	0	1023	902	103	1022
1023	0	1023	959	106	1022
0	64	1023	198	106	1023
64	64	1023	204	106	1023
128	64	1023	225	106	1023
192	64	1023	258	106	1023
256	64	1023	299	106	1023
320	64	1023	348	106	1023
384	64	1023	399	108	1023
448	64	1023	451	108	1023
512	64	1023	503	109	1023
576	64	1023	559	109	1023
640	64	1023	617	111	1023
704	64	1023	670	111	1023
768	64	1023	727	114	1023
832	64	1023	787	114	1023
896	64	1023	844	117	1023
960	64	1023	902	117	1022
1023	64	1023	959	119	1022
0	128	1023	198	149	1023
64	128	1023	204	149	1023
128	128	1023	225	149	1023
192	128	1023	258	149	1023
256	128	1023	298	149	1023
320	128	1023	347	149	1023
384	128	1023	399	149	1023
448	128	1023	450	149	1023
512	128	1023	503	150	1023
576	128	1023	559	150	1023
640	128	1023	617	150	1023
704	128	1023	670	152	1023
768	128	1023	727	152	1023
832	128	1023	787	153	1023
896	128	1023	844	155	1023
960	128	1023	902	156	1022
1023	128	1023	959	156	1022
0	192	1023	198	202	1023
64	192	1023	204	202	1023
128	192	1023	225	202	1023
192	192	1023	257	201	1023
256	192	1023	298	201	1023
320	192	1023	347	201	1023
384	192	1023	398	201	1023
448	192	1023	450	201	1023
512	192	1023	502	202	1023
576	192	1023	558	202	1023
640	192	1023	617	202	1023
704	192	1023	669	202	1023
768	192	1023	727	203	1023
832	192	1023	786	203	1023
896	192	1023	844	204	1023
960	192	1023	902	205	1022
1023	192	1023	959	206	1022
0	256	1023	198	259	1023
64	256	1023	204	258	1023
128	256	1023	223	258	1023
192	256	1023	256	258	1023
256	256	1023	297	258	1023
320	256	1023	346	258	1023
384	256	1023	398	258	1023
448	256	1023	449	258	1023
512	256	1023	502	258	1023
576	256	1023	558	258	1023
640	256	1023	616	258	1023
704	256	1023	669	258	1023
768	256	1023	726	259	1023
832	256	1023	786	258	1023
896	256	1023	843	259	1022
960	256	1023	901	259	1022
1023	256	1023	959	259	1022
0	320	1023	198	318	1022
64	320	1023	204	318	1022
128	320	1023	223	318	1022
192	320	1023	256	317	1022
256	320	1023	297	317	1023
320	320	1023	346	317	1023
384	320	1023	397	317	1023
448	320	1023	449	317	1023
512	320	1023	501	317	1023
576	320	1023	557	317	1023
640	320	1023	615	317	1022
704	320	1023	668	317	1022
768	320	1023	726	317	1022
832	320	1023	785	317	1022
896	320	1023	843	317	1022
960	320	1023	901	317	1022
1023	320	1023	959	317	1022
0	384	1023	198	379	1023
64	384	1023	204	379	1023
128	384	1023	224	379	1023
192	384	1023	257	378	1023
256	384	1023	298	378	1022
320	384	1023	346	378	1022
384	384	1023	398	378	1022
448	384	1023	449	378	1023
512	384	1023	501	377	1023
576	384	1023	557	377	1023
640	384	1023	615	378	1022
704	384	1023	668	378	1022
768	384	1023	726	377	1022
832	384	1023	785	378	1022
896	384	1023	843	378	1022
960	384	1023	901	378	1022
1023	384	1023	959	378	1022
0	448	1023	198	439	1023
64	448	1023	204	439	1023
128	448	1023	224	438	1023
192	448	1023	257	438	1023
256	448	1023	298	437	1023
320	448	1023	346	437	1023
384	448	1023	398	437	1023
448	448	1023	449	437	1022
512	448	1023	501	437	1022
576	448	1023	557	437	1023
640	448	1023	615	437	1023
704	448	1023	668	437	1022
768	448	1023	726	437	1022
832	448	1023	785	437	1022
896	448	1023	843	437	1022
960	448	1023	901	437	1022
1023	448	1023	959	436	1022
0	512	1023	198	498	1023
64	512	1023	204	498	1023
128	512	1023	224	497	1023
192	512	1023	257	497	1023
256	512	1023	298	496	1023
320	512	1023	346	496	1023
384	512	1023	398	496	1023
448	512	1023	449	496	1023
512	512	1023	501	496	1023
576	512	1023	557	496	1023
640	512	1023	615	496	1023
704	512	1023	668	496	1022
768	512	1023	726	496	1023
832	512	1023	785	495	1022
896	512	1023	843	495	1022
960	512	1023	901	495	1022
1023	512	1023	959	495	1022
0	576	1023	199	559	1023
64	576	1023	205	559	1023
128	576	1023	225	559	1023
192	576	1023	257	558	1023
256	576	1023	298	558	1023
320	576	1023	346	558	1023
384	576	1023	398	557	1023
448	576	1023	449	557	1023
512	576	1023	502	557	1023
576	576	1023	557	557	1023
640	576	1023	615	557	1023
704	576	1023	668	557	1022
768	576	1023	725	557	1022
832	576	1023	785	557	1022
896	576	1023	843	557	1022
960	576	1023	901	557	1022
1023	576	1023	959	556	1022
0	640	1023	199	621	1023
64	640	1023	205	621	1023
128	640	1023	225	621	1023
192	640	1023	257	621	1023
256	640	1023	298	621	1023
320	640	1023	346	620	1023
384	640	1023	398	620	1023
448	640	1023	449	620	1023
512	640	1023	501	620	1023
576	640	1023	557	620	1023
640	640	1023	615	620	1022
704	640	1023	668	620	1022
768	640	1023	725	620	1022
832	640	1023	785	620	1022
896	640	1023	843	620	1022
960	640	1023	901	620	1022
1023	640	1023	958	619	1022
0	704	1023	198	680	1023
64	704	1023	205	680	1023
128	704	1023	225	680	1023
192	704	1023	257	680	1023
256	704	1023	298	679	1023
320	704	1023	346	679	1023
384	704	1023	397	679	1023
448	704	1023	448	679	1023
512	704	1023	501	679	1023
576	704	1023	556	679	1023
640	704	1023	615	679	1023
704	704	1023	668	679	1022
768	704	1023	725	679	1022
832	704	1023	785	679	1023
896	704	1023	843	679	1022
960	704	1023	901	679	1022
1023	704	1023	958	678	1022
0	768	1023	198	742	1023
64	768	1023	205	742	1023
128	768	1023	225	742	1023
192	768	1023	257	741	1023
256	768	1023	298	741	1023
320	768	1023	346	741	1023
384	768	1023	397	741	1023
448	768	1023	448	741	1023
512	768	1023	501	741	1023
576	768	1023	557	741	1023
640	768	1023	615	741	1023
704	768	1023	668	741	1023
768	768	1023	725	741	1023
832	768	1023	785	740	1022
896	768	1023	843	740	1022
960	768	1023	901	740	1022
1023	768	1023	958	740	1022
0	832	1023	199	806	1023
64	832	1023	204	806	1023
128	832	1023	225	806	1023
192	832	1023	257	805	1023
256	832	1023	297	805	1023
320	832	1023	346	805	1023
384	832	1023	397	805	1023
448	832	1023	447	805	1023
512	832	1023	500	805	1023
576	832	1023	556	805	1023
640	832	1023	614	805	1023
704	832	1023	667	805	1023
768	832	1023	725	805	1023
832	832	1023	784	805	1023
896	832	1023	843	805	1023
960	832	1023	901	805	1022
1023	832	1023	958	805	1022
0	896	1023	198	868	1023
64	896	1023	204	868	1023
128	896	1023	223	867	1023
192	896	1023	256	867	1023
256	896	1023	296	867	1023
320	896	1023	344	867	1023
384	896	1023	396	867	1023
448	896	1023	447	867	1023
512	896	1023	500	867	1023
576	896	1023	555	867	1023
640	896	1023	614	867	1023
704	896	1023	667	867	1023
768	896	1023	724	867	1022
832	896	1023	784	867	1023
896	896	1023	842	867	1023
960	896	1023	900	867	1023
1023	896	1023	958	867	1022
0	960	1023	199	930	1023
64	960	1023	205	930	1023
128	960	1023	225	930	1023
192	960	1023	256	929	1023
256	960	1023	297	929	1023
320	960	1023	345	929	1023
384	960	1023	395	929	1023
448	960	1023	447	929	1023
512	960	1023	500	929	1022
576	960	1023	555	929	1023
640	960	1023	613	929	1023
704	960	1023	667	929	1023
768	960	1023	724	929	1022
832	960	1023	784	929	1023
896	960	1023	842	929	1022
960	960	1023	900	929	1022
1023	960	1023	958	929	1022
0	1023	1023	198	990	1023
64	1023	1023	204	990	1023
128	1023	1023	223	990	1023
192	1023	1023	255	990	1023
256	1023	1023	295	990	1023
320	1023	1023	343	990	1023
384	1023	1023	394	990	1023
448	1023	1023	445	990	1023
512	1023	1023	498	990	1023
576	1023	1023	554	990	1023
640	1023	1023	612	990	1023
704	1023	1023	665	990	1022
768	1023	1023	723	990	1023
832	1023	1023	783	990	1023
896	1023	1023	841	990	1022
960	1023	1023	900	990	1022
1023	1023	1023	957	990	1022
