0	0	0	0	0	0
64	0	0	56	15	9
128	0	0	112	30	19
192	0	0	169	46	28
256	0	0	225	61	37
320	0	0	281	76	47
384	0	0	337	91	56
448	0	0	394	107	66
512	0	0	450	122	75
576	0	0	506	137	84
640	0	0	562	152	94
704	0	0	619	167	103
768	0	0	675	183	112
832	0	0	731	198	122
896	0	0	787	213	131
960	0	0	843	228	140
1023	0	0	899	243	150
0	64	0	32	61	19
64	64	0	63	62	21
128	64	0	116	66	26
192	64	0	171	74	33
256	64	0	226	83	41
320	64	0	282	94	50
384	64	0	338	107	59
448	64	0	394	120	67
512	64	0	450	133	77
576	64	0	507	147	86
640	64	0	563	161	95
704	64	0	619	175	104
768	64	0	675	190	113
832	64	0	731	204	123
896	64	0	788	219	132
960	64	0	844	234	141
1023	64	0	899	248	150
0	128	0	63	122	38
64	128	0	82	122	39
128	128	0	126	124	42
192	128	0	177	128	46
256	128	0	231	133	52
320	128	0	286	140	59
384	128	0	341	148	66
448	128	0	397	157	74
512	128	0	453	167	82
576	128	0	508	177	91
640	128	0	564	189	99
704	128	0	620	201	108
768	128	0	676	213	117
832	128	0	733	226	126
896	128	0	789	239	135
960	128	0	845	253	144
1023	128	0	900	266	153
0	192	0	95	182	58
64	192	0	108	183	58
128	192	0	143	184	60
192	192	0	189	186	63
256	192	0	240	190	67
320	192	0	293	194	72
384	192	0	347	199	78
448	192	0	401	206	85
512	192	0	456	213	92
576	192	0	512	221	99
640	192	0	567	230	107
704	192	0	623	240	115
768	192	0	679	250	123
832	192	0	735	261	132
896	192	0	791	272	140
960	192	0	847	283	149
1023	192	0	902	295	158
0	256	0	127	243	77
64	256	0	136	243	77
128	256	0	164	244	78
192	256	0	205	246	81
256	256	0	252	248	84
320	256	0	302	251	88
384	256	0	355	255	93
448	256	0	408	260	98
512	256	0	462	266	104
576	256	0	517	272	111
640	256	0	572	279	117
704	256	0	627	287	125
768	256	0	682	295	132
832	256	0	738	304	140
896	256	0	794	313	148
960	256	0	849	323	156
1023	256	0	904	333	164
0	320	0	158	304	96
64	320	0	165	304	96
128	320	0	189	305	97
192	320	0	224	306	99
256	320	0	267	308	101
320	320	0	315	310	105
384	320	0	365	313	109
448	320	0	417	317	113
512	320	0	470	322	118
576	320	0	524	327	124
640	320	0	578	332	130
704	320	0	632	339	137
768	320	0	687	345	143
832	320	0	742	353	150
896	320	0	798	361	158
960	320	0	853	369	165
1023	320	0	908	378	173
0	384	0	190	365	115
64	384	0	196	365	116
128	384	0	215	365	116
192	384	0	246	366	118
256	384	0	285	368	120
320	384	0	330	370	122
384	384	0	378	372	126
448	384	0	428	375	129
512	384	0	479	379	134
576	384	0	532	383	139
640	384	0	585	388	144
704	384	0	639	393	150
768	384	0	693	399	156
832	384	0	748	405	162
896	384	0	803	412	169
960	384	0	858	419	176
1023	384	0	912	426	183
0	448	0	222	425	135
64	448	0	226	425	135
128	448	0	243	426	135
192	448	0	270	427	137
256	448	0	306	428	138
320	448	0	347	430	140
384	448	0	393	432	143
448	448	0	441	434	147
512	448	0	491	437	150
576	448	0	542	441	155
640	448	0	594	445	159
704	448	0	647	449	165
768	448	0	701	454	170
832	448	0	755	460	176
896	448	0	809	465	182
960	448	0	863	471	188
1023	448	0	917	478	195
0	512	0	253	486	154
64	512	0	257	486	154
128	512	0	272	487	155
192	512	0	296	487	156
256	512	0	328	488	157
320	512	0	367	490	159
384	512	0	410	492	161
448	512	0	456	494	164
512	512	0	504	496	167
576	512	0	554	499	171
640	512	0	605	503	175
704	512	0	657	507	180
768	512	0	709	511	185
832	512	0	762	516	190
896	512	0	816	521	196
960	512	0	870	526	202
1023	512	0	924	532	208
0	576	0	285	547	173
64	576	0	288	547	173
128	576	0	301	547	174
192	576	0	323	548	175
256	576	0	352	549	176
320	576	0	388	550	177
384	576	0	428	552	180
448	576	0	472	554	182
512	576	0	518	556	185
576	576	0	567	558	188
640	576	0	616	561	192
704	576	0	667	565	196
768	576	0	719	569	201
832	576	0	771	573	206
896	576	0	824	577	211
960	576	0	878	582	216
1023	576	0	931	587	222
0	640	0	317	608	192
64	640	0	320	608	192
128	640	0	331	608	193
192	640	0	350	609	194
256	640	0	377	609	195
320	640	0	410	610	196
384	640	0	448	612	198
448	640	0	490	614	200
512	640	0	535	616	203
576	640	0	581	618	206
640	640	0	630	621	209
704	640	0	679	624	213
768	640	0	730	627	217
832	640	0	782	630	222
896	640	0	834	634	226
960	640	0	887	639	231
1023	640	0	939	643	236
0	704	0	348	668	212
64	704	0	351	668	212
128	704	0	361	669	212
192	704	0	379	669	213
256	704	0	403	670	214
320	704	0	434	671	215
384	704	0	470	672	217
448	704	0	509	674	219
512	704	0	552	675	221
576	704	0	597	678	224
640	704	0	644	680	227
704	704	0	693	683	230
768	704	0	742	686	234
832	704	0	793	689	238
896	704	0	844	692	242
960	704	0	896	696	247
1023	704	0	948	700	252
0	768	0	380	729	231
64	768	0	382	729	231
128	768	0	391	729	231
192	768	0	408	730	232
256	768	0	430	731	233
320	768	0	459	731	234
384	768	0	492	733	235
448	768	0	530	734	237
512	768	0	571	736	239
576	768	0	614	737	242
640	768	0	660	740	245
704	768	0	707	742	248
768	768	0	756	745	251
832	768	0	805	748	255
896	768	0	856	751	259
960	768	0	907	754	263
1023	768	0	958	758	268
0	832	0	411	790	250
64	832	0	414	790	250
128	832	0	422	790	250
192	832	0	437	791	251
256	832	0	458	791	252
320	832	0	485	792	253
384	832	0	516	793	254
448	832	0	552	794	256
512	832	0	591	796	258
576	832	0	633	797	260
640	832	0	677	799	263
704	832	0	723	802	266
768	832	0	770	804	269
832	832	0	819	807	272
896	832	0	868	810	276
960	832	0	918	813	280
1023	832	0	969	816	284
0	896	0	443	851	269
64	896	0	445	851	269
128	896	0	453	851	270
192	896	0	466	851	270
256	896	0	486	852	271
320	896	0	511	853	272
384	896	0	541	853	273
448	896	0	575	855	275
512	896	0	612	856	276
576	896	0	652	858	279
640	896	0	695	859	281
704	896	0	739	861	284
768	896	0	785	864	286
832	896	0	833	866	290
896	896	0	881	869	293
960	896	0	931	872	297
1023	896	0	981	875	301
0	960	0	475	911	289
64	960	0	477	911	289
128	960	0	484	912	289
192	960	0	496	912	289
256	960	0	514	912	290
320	960	0	538	913	291
384	960	0	566	914	292
448	960	0	598	915	293
512	960	0	634	916	295
576	960	0	672	918	297
640	960	0	714	919	299
704	960	0	757	921	302
768	960	0	802	923	304
832	960	0	848	926	307
896	960	0	896	928	311
960	960	0	944	931	314
1023	960	0	993	934	318
0	1023	0	506	971	307
64	1023	0	508	971	308
128	1023	0	514	971	308
192	1023	0	526	972	308
256	1023	0	543	972	309
320	1023	0	565	973	310
384	1023	0	591	974	311
448	1023	0	622	975	312
512	1023	0	656	976	314
576	1023	0	693	977	315
640	1023	0	733	979	317
704	1023	0	775	980	320
768	1023	0	819	982	322
832	1023	0	864	984	325
896	1023	0	911	987	328
960	1023	0	959	989	331
1023	1023	0	1006	992	335
0	0	64	14	9	59
64	0	64	57	17	59
128	0	64	113	31	61
192	0	64	169	46	64
256	0	64	225	61	68
320	0	64	281	76	73
384	0	64	338	92	79
448	0	64	394	107	85
512	0	64	450	122	92
576	0	64	506	137	100
640	0	64	562	152	108
704	0	64	619	167	116
768	0	64	675	183	124
832	0	64	731	198	132
896	0	64	787	213	141
960	0	64	844	228	149
1023	0	64	899	243	158
0	64	64	34	61	61
64	64	64	64	62	62
128	64	64	116	67	63
192	64	64	171	74	66
256	64	64	227	84	70
320	64	64	282	95	75
384	64	64	338	107	81
448	64	64	394	120	87
512	64	64	451	133	94
576	64	64	507	147	101
640	64	64	563	161	109
704	64	64	619	175	117
768	64	64	675	190	125
832	64	64	731	204	133
896	64	64	788	219	142
960	64	64	844	234	150
1023	64	64	899	248	159
0	128	64	64	122	69
64	128	64	83	122	69
128	128	64	126	124	70
192	128	64	178	128	73
256	128	64	231	133	76
320	128	64	286	140	81
384	128	64	341	148	86
448	128	64	397	157	92
512	128	64	453	167	98
576	128	64	509	178	105
640	128	64	564	189	113
704	128	64	620	201	120
768	128	64	677	213	128
832	128	64	733	226	136
896	128	64	789	239	144
960	128	64	845	253	153
1023	128	64	900	266	161
0	192	64	96	182	80
64	192	64	108	183	80
128	192	64	143	184	81
192	192	64	189	186	83
256	192	64	240	190	86
320	192	64	293	194	90
384	192	64	347	200	95
448	192	64	401	206	100
512	192	64	457	213	106
576	192	64	512	221	113
640	192	64	567	230	119
704	192	64	623	240	126
768	192	64	679	250	134
832	192	64	735	261	142
896	192	64	791	272	150
960	192	64	847	283	158
1023	192	64	902	295	166
0	256	64	127	243	94
64	256	64	136	243	94
128	256	64	164	244	95
192	256	64	205	246	97
256	256	64	252	248	100
320	256	64	302	252	103
384	256	64	355	256	107
448	256	64	408	260	111
512	256	64	462	266	117
576	256	64	517	272	122
640	256	64	572	279	129
704	256	64	627	287	135
768	256	64	683	295	142
832	256	64	738	304	149
896	256	64	794	313	157
960	256	64	849	323	164
1023	256	64	904	333	172
0	320	64	159	304	110
64	320	64	166	304	110
128	320	64	189	305	111
192	320	64	224	306	112
256	320	64	267	308	114
320	320	64	315	310	117
384	320	64	365	313	121
448	320	64	417	317	125
512	320	64	470	322	129
576	320	64	524	327	134
640	320	64	578	332	140
704	320	64	632	339	146
768	320	64	687	345	152
832	320	64	742	353	159
896	320	64	798	361	166
960	320	64	853	369	173
1023	320	64	908	378	180
0	384	64	190	365	127
64	384	64	196	365	127
128	384	64	215	365	128
192	384	64	246	366	129
256	384	64	286	368	131
320	384	64	330	370	133
384	384	64	378	372	136
448	384	64	428	375	139
512	384	64	479	379	143
576	384	64	532	383	148
640	384	64	585	388	153
704	384	64	639	393	158
768	384	64	693	399	164
832	384	64	748	405	170
896	384	64	803	412	177
960	384	64	858	419	183
1023	384	64	912	426	190
0	448	64	222	425	144
64	448	64	227	425	144
128	448	64	243	426	145
192	448	64	270	427	146
256	448	64	306	428	148
320	448	64	347	430	150
384	448	64	393	432	152
448	448	64	441	434	155
512	448	64	491	437	159
576	448	64	542	441	163
640	448	64	594	445	167
704	448	64	647	449	172
768	448	64	701	454	177
832	448	64	755	460	183
896	448	64	809	465	189
960	448	64	863	471	195
1023	448	64	917	478	201
0	512	64	253	486	162
64	512	64	258	486	162
128	512	64	272	487	163
192	512	64	296	487	164
256	512	64	328	488	165
320	512	64	367	490	167
384	512	64	410	492	169
448	512	64	456	494	172
512	512	64	504	496	175
576	512	64	554	499	179
640	512	64	605	503	183
704	512	64	657	507	187
768	512	64	709	511	192
832	512	64	763	516	197
896	512	64	816	521	202
960	512	64	870	526	208
1023	512	64	924	532	214
0	576	64	285	547	180
64	576	64	289	547	180
128	576	64	301	547	181
192	576	64	323	548	182
256	576	64	352	549	183
320	576	64	388	550	184
384	576	64	428	552	186
448	576	64	472	554	189
512	576	64	518	556	192
576	576	64	567	559	195
640	576	64	616	562	199
704	576	64	667	565	203
768	576	64	719	569	207
832	576	64	772	573	212
896	576	64	824	577	216
960	576	64	878	582	222
1023	576	64	931	587	227
0	640	64	317	608	199
64	640	64	320	608	199
128	640	64	331	608	199
192	640	64	350	609	200
256	640	64	377	609	201
320	640	64	410	610	202
384	640	64	448	612	204
448	640	64	490	614	206
512	640	64	535	616	209
576	640	64	581	618	212
640	640	64	630	621	215
704	640	64	679	624	219
768	640	64	730	627	223
832	640	64	782	630	227
896	640	64	834	634	232
960	640	64	887	639	236
1023	640	64	939	643	241
0	704	64	348	668	217
64	704	64	351	668	217
128	704	64	361	669	218
192	704	64	379	669	218
256	704	64	403	670	219
320	704	64	434	671	221
384	704	64	470	672	222
448	704	64	509	674	224
512	704	64	552	675	227
576	704	64	597	678	229
640	704	64	644	680	232
704	704	64	693	683	235
768	704	64	742	686	239
832	704	64	793	689	243
896	704	64	844	692	247
960	704	64	896	696	252
1023	704	64	948	700	256
0	768	64	380	729	236
64	768	64	382	729	236
128	768	64	392	729	236
192	768	64	408	730	237
256	768	64	430	731	238
320	768	64	459	731	239
384	768	64	493	733	240
448	768	64	530	734	242
512	768	64	571	736	244
576	768	64	614	737	247
640	768	64	660	740	250
704	768	64	707	742	253
768	768	64	756	745	256
832	768	64	805	748	260
896	768	64	856	751	263
960	768	64	907	754	268
1023	768	64	958	758	272
0	832	64	412	790	255
64	832	64	414	790	255
128	832	64	422	790	255
192	832	64	437	791	256
256	832	64	458	791	256
320	832	64	485	792	257
384	832	64	516	793	259
448	832	64	552	794	260
512	832	64	591	796	262
576	832	64	633	797	265
640	832	64	677	799	267
704	832	64	723	802	270
768	832	64	770	804	273
832	832	64	819	807	276
896	832	64	868	810	280
960	832	64	919	813	284
1023	832	64	969	816	288
0	896	64	443	851	274
64	896	64	445	851	274
128	896	64	453	851	274
192	896	64	467	851	274
256	896	64	486	852	275
320	896	64	511	853	276
384	896	64	541	853	277
448	896	64	575	855	279
512	896	64	612	856	281
576	896	64	652	858	283
640	896	64	695	859	285
704	896	64	739	861	288
768	896	64	785	864	290
832	896	64	833	866	294
896	896	64	882	869	297
960	896	64	931	872	301
1023	896	64	981	875	304
0	960	64	475	911	292
64	960	64	477	911	293
128	960	64	484	912	293
192	960	64	496	912	293
256	960	64	515	912	294
320	960	64	538	913	295
384	960	64	566	914	296
448	960	64	598	915	297
512	960	64	634	916	299
576	960	64	673	918	301
640	960	64	714	919	303
704	960	64	757	921	305
768	960	64	802	923	308
832	960	64	848	926	311
896	960	64	896	928	314
960	960	64	944	931	318
1023	960	64	993	934	321
0	1023	64	506	971	311
64	1023	64	508	971	311
128	1023	64	514	971	311
192	1023	64	526	972	312
256	1023	64	543	972	312
320	1023	64	565	973	313
384	1023	64	592	974	314
448	1023	64	622	975	316
512	1023	64	656	976	317
576	1023	64	693	977	319
640	1023	64	733	979	321
704	1023	64	775	980	323
768	1023	64	819	982	326
832	1023	64	864	984	328
896	1023	64	911	987	331
960	1023	64	959	989	335
1023	1023	64	1006	992	338
0	0	128	28	18	118
64	0	128	61	23	118
128	0	128	115	35	119
192	0	128	170	48	120
256	0	128	226	63	122
320	0	128	282	78	125
384	0	128	338	92	128
448	0	128	394	107	132
512	0	128	450	123	136
576	0	128	506	138	141
640	0	128	563	153	146
704	0	128	619	168	152
768	0	128	675	183	158
832	0	128	731	198	164
896	0	128	787	213	171
960	0	128	844	229	178
1023	0	128	899	244	185
0	64	128	41	63	119
64	64	128	68	64	119
128	64	128	118	68	120
192	64	128	172	75	121
256	64	128	227	85	123
320	64	128	283	96	126
384	64	128	339	108	129
448	64	128	395	120	133
512	64	128	451	134	137
576	64	128	507	148	142
640	64	128	563	162	147
704	64	128	619	176	153
768	64	128	675	190	159
832	64	128	732	205	165
896	64	128	788	219	172
960	64	128	844	234	178
1023	64	128	899	249	185
0	128	128	68	122	122
64	128	128	85	123	123
128	128	128	128	125	123
192	128	128	179	129	125
256	128	128	232	134	126
320	128	128	287	140	129
384	128	128	342	148	132
448	128	128	397	157	136
512	128	128	453	167	140
576	128	128	509	178	144
640	128	128	565	189	150
704	128	128	621	201	155
768	128	128	677	214	161
832	128	128	733	227	167
896	128	128	789	240	174
960	128	128	845	253	181
1023	128	128	900	266	187
0	192	128	98	183	129
64	192	128	110	183	129
128	192	128	145	184	129
192	192	128	190	187	131
256	192	128	241	190	132
320	192	128	293	194	135
384	192	128	347	200	138
448	192	128	402	206	141
512	192	128	457	214	145
576	192	128	512	222	150
640	192	128	568	231	154
704	192	128	623	240	160
768	192	128	679	250	165
832	192	128	735	261	171
896	192	128	791	272	178
960	192	128	847	284	184
1023	192	128	902	295	191
0	256	128	129	243	137
64	256	128	138	244	137
128	256	128	166	245	138
192	256	128	206	246	139
256	256	128	253	249	141
320	256	128	303	252	143
384	256	128	355	256	145
448	256	128	409	261	149
512	256	128	463	266	152
576	256	128	517	273	157
640	256	128	572	280	161
704	256	128	627	287	166
768	256	128	683	295	172
832	256	128	738	304	178
896	256	128	794	314	184
960	256	128	850	323	190
1023	256	128	904	333	197
0	320	128	160	304	148
64	320	128	167	304	148
128	320	128	190	305	148
192	320	128	225	306	149
256	320	128	268	308	151
320	320	128	316	311	153
384	320	128	366	314	155
448	320	128	417	317	158
512	320	128	470	322	162
576	320	128	524	327	166
640	320	128	578	333	170
704	320	128	633	339	175
768	320	128	688	346	180
832	320	128	743	353	186
896	320	128	798	361	191
960	320	128	853	369	197
1023	320	128	908	378	204
0	384	128	191	365	160
64	384	128	197	365	160
128	384	128	216	365	161
192	384	128	247	366	161
256	384	128	286	368	163
320	384	128	331	370	165
384	384	128	378	373	167
448	384	128	428	376	170
512	384	128	480	379	173
576	384	128	532	383	177
640	384	128	586	388	181
704	384	128	639	393	185
768	384	128	694	399	190
832	384	128	748	405	195
896	384	128	803	412	201
960	384	128	858	419	206
1023	384	128	912	426	212
0	448	128	223	425	174
64	448	128	227	426	174
128	448	128	244	426	174
192	448	128	271	427	175
256	448	128	307	428	176
320	448	128	348	430	178
384	448	128	393	432	180
448	448	128	441	435	183
512	448	128	491	438	185
576	448	128	542	441	189
640	448	128	594	445	193
704	448	128	647	450	197
768	448	128	701	454	201
832	448	128	755	460	206
896	448	128	809	465	211
960	448	128	864	472	217
1023	448	128	918	478	222
0	512	128	254	486	188
64	512	128	258	486	188
128	512	128	273	487	189
192	512	128	297	487	189
256	512	128	329	489	191
320	512	128	367	490	192
384	512	128	410	492	194
448	512	128	456	494	196
512	512	128	504	497	199
576	512	128	554	500	202
640	512	128	605	503	206
704	512	128	657	507	209
768	512	128	709	511	214
832	512	128	763	516	218
896	512	128	816	521	223
960	512	128	870	526	228
1023	512	128	924	532	233
0	576	128	286	547	204
64	576	128	289	547	204
128	576	128	302	547	204
192	576	128	323	548	205
256	576	128	353	549	206
320	576	128	388	550	207
384	576	128	429	552	209
448	576	128	472	554	211
512	576	128	519	556	214
576	576	128	567	559	216
640	576	128	617	562	220
704	576	128	668	565	223
768	576	128	719	569	227
832	576	128	772	573	231
896	576	128	825	577	236
960	576	128	878	582	240
1023	576	128	931	587	245
0	640	128	317	608	220
64	640	128	320	608	220
128	640	128	332	608	220
192	640	128	351	609	221
256	640	128	378	609	222
320	640	128	411	611	223
384	640	128	449	612	225
448	640	128	490	614	227
512	640	128	535	616	229
576	640	128	582	618	232
640	640	128	630	621	234
704	640	128	680	624	238
768	640	128	730	627	241
832	640	128	782	631	245
896	640	128	834	635	249
960	640	128	887	639	254
1023	640	128	939	643	259
0	704	128	349	668	236
64	704	128	352	669	237
128	704	128	362	669	237
192	704	128	379	669	237
256	704	128	404	670	238
320	704	128	435	671	239
384	704	128	470	672	241
448	704	128	510	674	243
512	704	128	552	676	245
576	704	128	597	678	247
640	704	128	644	680	250
704	704	128	693	683	253
768	704	128	742	686	256
832	704	128	793	689	260
896	704	128	844	692	264
960	704	128	896	696	268
1023	704	128	948	700	272
0	768	128	380	729	253
64	768	128	383	729	254
128	768	128	392	730	254
192	768	128	408	730	254
256	768	128	431	731	255
320	768	128	459	731	256
384	768	128	493	733	258
448	768	128	530	734	259
512	768	128	571	736	261
576	768	128	615	738	263
640	768	128	660	740	266
704	768	128	707	742	269
768	768	128	756	745	272
832	768	128	805	748	275
896	768	128	856	751	279
960	768	128	907	754	283
1023	768	128	958	758	287
0	832	128	412	790	271
64	832	128	414	790	271
128	832	128	423	790	271
192	832	128	437	791	272
256	832	128	458	791	272
320	832	128	485	792	273
384	832	128	516	793	275
448	832	128	552	794	276
512	832	128	591	796	278
576	832	128	633	798	280
640	832	128	677	799	282
704	832	128	723	802	285
768	832	128	770	804	288
832	832	128	819	807	291
896	832	128	868	810	294
960	832	128	919	813	298
1023	832	128	969	816	302
0	896	128	444	851	288
64	896	128	446	851	288
128	896	128	453	851	289
192	896	128	467	851	289
256	896	128	486	852	290
320	896	128	511	853	291
384	896	128	541	854	292
448	896	128	575	855	293
512	896	128	612	856	295
576	896	128	652	858	297
640	896	128	695	859	299
704	896	128	739	861	302
768	896	128	786	864	304
832	896	128	833	866	307
896	896	128	882	869	310
960	896	128	931	872	314
1023	896	128	981	875	318
0	960	128	475	911	306
64	960	128	477	912	306
128	960	128	484	912	306
192	960	128	497	912	307
256	960	128	515	913	308
320	960	128	538	913	308
384	960	128	566	914	310
448	960	128	598	915	311
512	960	128	634	916	312
576	960	128	673	918	314
640	960	128	714	919	316
704	960	128	757	921	319
768	960	128	802	923	321
832	960	128	848	926	324
896	960	128	896	928	327
960	960	128	945	931	330
1023	960	128	993	934	334
0	1023	128	506	971	324
64	1023	128	508	971	324
128	1023	128	515	971	324
192	1023	128	526	972	325
256	1023	128	543	972	325
320	1023	128	565	973	326
384	1023	128	592	974	327
448	1023	128	622	975	328
512	1023	128	657	976	330
576	1023	128	694	977	331
640	1023	128	733	979	333
704	1023	128	775	980	335
768	1023	128	819	982	338
832	1023	128	864	984	340
896	1023	128	911	987	343
960	1023	128	959	989	346
1023	1023	128	1007	992	350
0	0	192	42	27	177
64	0	192	68	30	177
128	0	192	118	40	178
192	0	192	172	52	178
256	0	192	227	65	180
320	0	192	283	80	181
384	0	192	339	94	183
448	0	192	395	109	186
512	0	192	451	124	189
576	0	192	507	139	192
640	0	192	563	154	196
704	0	192	619	169	200
768	0	192	675	184	204
832	0	192	732	199	209
896	0	192	788	214	214
960	0	192	844	229	219
1023	0	192	899	244	225
0	64	192	51	65	178
64	64	192	74	66	178
128	64	192	121	71	178
192	64	192	174	77	179
256	64	192	229	86	180
320	64	192	284	97	182
384	64	192	340	109	184
448	64	192	396	122	186
512	64	192	452	135	189
576	64	192	508	149	192
640	64	192	564	162	196
704	64	192	620	177	200
768	64	192	676	191	205
832	64	192	732	205	209
896	64	192	788	220	214
960	64	192	844	235	220
1023	64	192	900	249	225
0	128	192	74	124	180
64	128	192	90	124	180
128	128	192	131	126	180
192	128	192	181	130	181
256	128	192	234	135	182
320	128	192	288	141	184
384	128	192	343	149	186
448	128	192	398	158	188
512	128	192	454	168	191
576	128	192	509	179	194
640	128	192	565	190	198
704	128	192	621	202	202
768	128	192	677	214	206
832	128	192	733	227	211
896	128	192	789	240	216
960	128	192	845	253	221
1023	128	192	901	267	227
0	192	192	102	184	184
64	192	192	114	184	184
128	192	192	147	185	184
192	192	192	192	187	185
256	192	192	242	191	186
320	192	192	294	195	188
384	192	192	348	201	190
448	192	192	403	207	192
512	192	192	458	214	195
576	192	192	513	222	198
640	192	192	568	231	202
704	192	192	624	241	205
768	192	192	680	251	210
832	192	192	735	261	214
896	192	192	791	273	219
960	192	192	847	284	224
1023	192	192	902	296	230
0	256	192	132	244	189
64	256	192	140	244	189
128	256	192	168	245	190
192	256	192	208	247	191
256	256	192	254	249	192
320	256	192	304	252	193
384	256	192	356	256	195
448	256	192	409	261	197
512	256	192	463	267	200
576	256	192	518	273	203
640	256	192	573	280	207
704	256	192	628	288	210
768	256	192	683	296	215
832	256	192	739	305	219
896	256	192	794	314	224
960	256	192	850	324	229
1023	256	192	905	334	234
0	320	192	162	304	197
64	320	192	169	305	197
128	320	192	192	305	197
192	320	192	227	307	198
256	320	192	269	308	199
320	320	192	317	311	200
384	320	192	366	314	202
448	320	192	418	318	204
512	320	192	471	322	207
576	320	192	524	327	210
640	320	192	579	333	213
704	320	192	633	339	217
768	320	192	688	346	221
832	320	192	743	353	225
896	320	192	798	361	230
960	320	192	854	369	235
1023	320	192	908	378	240
0	384	192	193	365	206
64	384	192	199	365	206
128	384	192	218	366	206
192	384	192	248	367	207
256	384	192	287	368	208
320	384	192	332	370	209
384	384	192	379	373	211
448	384	192	429	376	213
512	384	192	480	380	215
576	384	192	533	384	218
640	384	192	586	388	221
704	384	192	640	394	225
768	384	192	694	399	229
832	384	192	749	405	233
896	384	192	803	412	237
960	384	192	858	419	242
1023	384	192	913	427	247
0	448	192	224	426	216
64	448	192	229	426	216
128	448	192	245	426	216
192	448	192	272	427	217
256	448	192	308	428	218
320	448	192	349	430	219
384	448	192	394	432	221
448	448	192	442	435	223
512	448	192	492	438	225
576	448	192	543	441	228
640	448	192	595	445	231
704	448	192	648	450	234
768	448	192	701	455	238
832	448	192	755	460	242
896	448	192	809	466	246
960	448	192	864	472	251
1023	448	192	918	478	255
0	512	192	255	486	227
64	512	192	260	487	227
128	512	192	274	487	228
192	512	192	298	488	228
256	512	192	330	489	229
320	512	192	368	490	231
384	512	192	411	492	232
448	512	192	457	494	234
512	512	192	505	497	236
576	512	192	554	500	239
640	512	192	605	503	241
704	512	192	657	507	245
768	512	192	710	511	248
832	512	192	763	516	252
896	512	192	817	521	256
960	512	192	871	526	260
1023	512	192	924	532	265
0	576	192	287	547	240
64	576	192	290	547	240
128	576	192	303	548	240
192	576	192	324	548	241
256	576	192	354	549	242
320	576	192	389	550	243
384	576	192	429	552	244
448	576	192	473	554	246
512	576	192	519	556	248
576	576	192	568	559	250
640	576	192	617	562	253
704	576	192	668	565	256
768	576	192	720	569	259
832	576	192	772	573	263
896	576	192	825	577	267
960	576	192	878	582	271
1023	576	192	931	587	275
0	640	192	318	608	253
64	640	192	321	608	253
128	640	192	332	608	254
192	640	192	352	609	254
256	640	192	379	610	255
320	640	192	412	611	256
384	640	192	449	612	257
448	640	192	491	614	259
512	640	192	535	616	261
576	640	192	582	618	263
640	640	192	630	621	266
704	640	192	680	624	269
768	640	192	731	627	272
832	640	192	782	631	275
896	640	192	834	635	279
960	640	192	887	639	283
1023	640	192	939	643	287
0	704	192	350	669	267
64	704	192	352	669	268
128	704	192	362	669	268
192	704	192	380	669	268
256	704	192	405	670	269
320	704	192	435	671	270
384	704	192	471	672	271
448	704	192	510	674	273
512	704	192	553	676	275
576	704	192	598	678	277
640	704	192	645	680	279
704	704	192	693	683	282
768	704	192	743	686	285
832	704	192	793	689	288
896	704	192	845	693	291
960	704	192	897	696	295
1023	704	192	948	701	299
0	768	192	381	729	282
64	768	192	384	729	282
128	768	192	393	730	283
192	768	192	409	730	283
256	768	192	431	731	284
320	768	192	460	732	285
384	768	192	493	733	286
448	768	192	531	734	287
512	768	192	572	736	289
576	768	192	615	738	291
640	768	192	661	740	293
704	768	192	708	742	296
768	768	192	756	745	299
832	768	192	806	748	302
896	768	192	856	751	305
960	768	192	907	755	308
1023	768	192	958	758	312
0	832	192	413	790	298
64	832	192	415	790	298
128	832	192	423	790	298
192	832	192	438	791	298
256	832	192	459	791	299
320	832	192	486	792	300
384	832	192	517	793	301
448	832	192	553	794	302
512	832	192	592	796	304
576	832	192	633	798	306
640	832	192	677	800	308
704	832	192	723	802	310
768	832	192	771	804	313
832	832	192	819	807	316
896	832	192	869	810	319
960	832	192	919	813	322
1023	832	192	969	816	326
0	896	192	444	851	313
64	896	192	446	851	314
128	896	192	454	851	314
192	896	192	467	851	314
256	896	192	487	852	315
320	896	192	512	853	316
384	896	192	542	854	317
448	896	192	575	855	318
512	896	192	613	856	320
576	896	192	653	858	321
640	896	192	695	860	323
704	896	192	740	862	325
768	896	192	786	864	328
832	896	192	833	866	331
896	896	192	882	869	334
960	896	192	931	872	337
1023	896	192	981	875	340
0	960	192	476	912	330
64	960	192	478	912	330
128	960	192	485	912	330
192	960	192	497	912	330
256	960	192	515	913	331
320	960	192	539	913	332
384	960	192	567	914	333
448	960	192	599	915	334
512	960	192	635	916	335
576	960	192	673	918	337
640	960	192	714	920	339
704	960	192	757	921	341
768	960	192	802	924	343
832	960	192	849	926	346
896	960	192	896	928	349
960	960	192	945	931	352
1023	960	192	994	934	355
0	1023	192	507	971	346
64	1023	192	509	971	346
128	1023	192	515	972	346
192	1023	192	527	972	347
256	1023	192	544	972	347
320	1023	192	566	973	348
384	1023	192	592	974	349
448	1023	192	623	975	350
512	1023	192	657	976	351
576	1023	192	694	977	353
640	1023	192	734	979	355
704	1023	192	776	981	357
768	1023	192	819	982	359
832	1023	192	865	985	361
896	1023	192	911	987	364
960	1023	192	959	989	367
1023	1023	192	1007	992	370
0	0	256	56	36	236
64	0	256	77	39	236
128	0	256	123	46	236
192	0	256	175	57	237
256	0	256	230	69	238
320	0	256	285	82	239
384	0	256	340	97	240
448	0	256	396	111	242
512	0	256	452	125	244
576	0	256	508	140	247
640	0	256	564	155	250
704	0	256	620	170	253
768	0	256	676	185	256
832	0	256	732	200	260
896	0	256	788	215	263
960	0	256	844	230	268
1023	0	256	900	245	272
0	64	256	63	69	236
64	64	256	82	70	236
128	64	256	126	74	237
192	64	256	177	80	237
256	64	256	231	89	238
320	64	256	286	100	239
384	64	256	341	111	241
448	64	256	397	123	243
512	64	256	453	136	245
576	64	256	508	150	247
640	64	256	564	164	250
704	64	256	620	178	253
768	64	256	676	192	256
832	64	256	733	206	260
896	64	256	789	221	264
960	64	256	845	236	268
1023	64	256	900	250	272
0	128	256	82	125	238
64	128	256	97	126	238
128	128	256	135	128	238
192	128	256	184	131	239
256	128	256	236	136	240
320	128	256	289	143	241
384	128	256	344	151	242
448	128	256	399	159	244
512	128	256	455	169	246
576	128	256	510	180	249
640	128	256	566	191	251
704	128	256	622	203	254
768	128	256	678	215	258
832	128	256	734	228	261
896	128	256	790	241	265
960	128	256	846	254	269
1023	128	256	901	267	274
0	192	256	107	185	241
64	192	256	119	185	241
128	192	256	151	186	241
192	192	256	195	188	242
256	192	256	244	192	243
320	192	256	296	196	244
384	192	256	350	202	245
448	192	256	404	208	247
512	192	256	459	215	249
576	192	256	514	223	251
640	192	256	569	232	254
704	192	256	624	242	257
768	192	256	680	252	260
832	192	256	736	262	264
896	192	256	792	273	268
960	192	256	848	285	272
1023	192	256	903	296	276
0	256	256	136	245	245
64	256	256	144	245	245
128	256	256	171	246	245
192	256	256	210	247	246
256	256	256	256	250	247
320	256	256	306	253	248
384	256	256	357	257	249
448	256	256	410	262	251
512	256	256	464	267	253
576	256	256	519	274	255
640	256	256	573	281	258
704	256	256	628	288	261
768	256	256	684	296	264
832	256	256	739	305	267
896	256	256	795	315	271
960	256	256	850	324	275
1023	256	256	905	334	280
0	320	256	165	305	250
64	320	256	172	305	250
128	320	256	194	306	251
192	320	256	229	307	251
256	320	256	271	309	252
320	320	256	318	312	253
384	320	256	368	315	255
448	320	256	419	318	256
512	320	256	472	323	258
576	320	256	525	328	260
640	320	256	579	333	263
704	320	256	634	340	266
768	320	256	689	346	269
832	320	256	744	354	272
896	320	256	799	362	276
960	320	256	854	370	280
1023	320	256	909	379	284
0	384	256	196	366	257
64	384	256	201	366	257
128	384	256	220	366	257
192	384	256	250	367	258
256	384	256	289	369	259
320	384	256	333	371	260
384	384	256	380	373	261
448	384	256	430	376	263
512	384	256	481	380	265
576	384	256	534	384	267
640	384	256	587	389	269
704	384	256	640	394	272
768	384	256	695	400	275
832	384	256	749	406	279
896	384	256	804	413	282
960	384	256	859	420	286
1023	384	256	913	427	290
0	448	256	226	426	265
64	448	256	231	426	265
128	448	256	247	427	265
192	448	256	274	428	266
256	448	256	309	429	267
320	448	256	350	431	268
384	448	256	395	433	269
448	448	256	443	435	271
512	448	256	493	438	272
576	448	256	544	442	274
640	448	256	596	446	277
704	448	256	648	450	280
768	448	256	702	455	283
832	448	256	756	460	286
896	448	256	810	466	289
960	448	256	864	472	293
1023	448	256	918	479	297
0	512	256	257	487	274
64	512	256	261	487	274
128	512	256	275	487	274
192	512	256	299	488	275
256	512	256	331	489	276
320	512	256	369	491	277
384	512	256	412	492	278
448	512	256	458	495	279
512	512	256	506	497	281
576	512	256	555	500	283
640	512	256	606	504	286
704	512	256	658	507	288
768	512	256	710	512	291
832	512	256	764	516	294
896	512	256	817	521	297
960	512	256	871	527	301
1023	512	256	924	532	305
0	576	256	288	547	284
64	576	256	292	548	284
128	576	256	304	548	285
192	576	256	326	549	285
256	576	256	355	549	286
320	576	256	390	551	287
384	576	256	430	552	288
448	576	256	474	554	289
512	576	256	520	556	291
576	576	256	568	559	293
640	576	256	618	562	295
704	576	256	669	565	298
768	576	256	720	569	300
832	576	256	773	573	303
896	576	256	825	578	307
960	576	256	879	582	310
1023	576	256	932	587	314
0	640	256	320	608	295
64	640	256	323	608	295
128	640	256	334	609	296
192	640	256	353	609	296
256	640	256	380	610	297
320	640	256	413	611	298
384	640	256	450	612	299
448	640	256	492	614	300
512	640	256	536	616	302
576	640	256	583	618	304
640	640	256	631	621	306
704	640	256	681	624	308
768	640	256	731	627	311
832	640	256	783	631	314
896	640	256	835	635	317
960	640	256	887	639	320
1023	640	256	940	644	324
0	704	256	351	669	307
64	704	256	354	669	307
128	704	256	364	669	307
192	704	256	381	670	308
256	704	256	406	670	309
320	704	256	436	671	309
384	704	256	472	673	310
448	704	256	511	674	312
512	704	256	554	676	313
576	704	256	599	678	315
640	704	256	645	680	317
704	704	256	694	683	319
768	704	256	743	686	322
832	704	256	794	689	325
896	704	256	845	693	328
960	704	256	897	697	331
1023	704	256	949	701	334
0	768	256	382	730	320
64	768	256	385	730	320
128	768	256	394	730	320
192	768	256	410	730	321
256	768	256	432	731	321
320	768	256	461	732	322
384	768	256	494	733	323
448	768	256	532	734	324
512	768	256	572	736	326
576	768	256	616	738	327
640	768	256	661	740	329
704	768	256	708	742	332
768	768	256	757	745	334
832	768	256	806	748	337
896	768	256	857	751	340
960	768	256	908	755	343
1023	768	256	959	758	346
0	832	256	414	790	333
64	832	256	416	790	333
128	832	256	424	791	333
192	832	256	439	791	334
256	832	256	460	792	334
320	832	256	486	792	335
384	832	256	518	793	336
448	832	256	553	795	337
512	832	256	592	796	339
576	832	256	634	798	340
640	832	256	678	800	342
704	832	256	724	802	344
768	832	256	771	804	347
832	832	256	820	807	349
896	832	256	869	810	352
960	832	256	919	813	355
1023	832	256	970	817	358
0	896	256	445	851	347
64	896	256	447	851	347
128	896	256	455	851	347
192	896	256	468	852	348
256	896	256	488	852	348
320	896	256	513	853	349
384	896	256	542	854	350
448	896	256	576	855	351
512	896	256	613	856	352
576	896	256	653	858	354
640	896	256	696	860	356
704	896	256	740	862	358
768	896	256	786	864	360
832	896	256	834	866	362
896	896	256	882	869	365
960	896	256	932	872	368
1023	896	256	981	875	371
0	960	256	477	912	362
64	960	256	479	912	362
128	960	256	486	912	362
192	960	256	498	912	362
256	960	256	516	913	363
320	960	256	540	913	363
384	960	256	567	914	364
448	960	256	600	915	365
512	960	256	635	917	367
576	960	256	674	918	368
640	960	256	715	920	370
704	960	256	758	922	372
768	960	256	803	924	374
832	960	256	849	926	376
896	960	256	897	928	379
960	960	256	945	931	381
1023	960	256	994	934	384
0	1023	256	508	972	376
64	1023	256	510	972	376
128	1023	256	516	972	376
192	1023	256	528	972	377
256	1023	256	545	973	377
320	1023	256	566	973	378
384	1023	256	593	974	379
448	1023	256	623	975	380
512	1023	256	658	976	381
576	1023	256	695	977	382
640	1023	256	734	979	384
704	1023	256	776	981	386
768	1023	256	820	983	388
832	1023	256	865	985	390
896	1023	256	912	987	393
960	1023	256	959	990	395
1023	1023	256	1007	992	398
0	0	320	70	45	295
64	0	320	87	47	295
128	0	320	129	53	295
192	0	320	179	62	296
256	0	320	233	74	296
320	0	320	287	86	297
384	0	320	342	100	298
448	0	320	398	114	300
512	0	320	453	128	301
576	0	320	509	142	303
640	0	320	565	157	305
704	0	320	621	172	308
768	0	320	677	186	310
832	0	320	733	201	313
896	0	320	789	216	316
960	0	320	845	231	320
1023	0	320	900	246	323
0	64	320	75	74	295
64	64	320	91	75	295
128	64	320	132	78	296
192	64	320	181	84	296
256	64	320	234	93	297
320	64	320	288	103	298
384	64	320	343	114	299
448	64	320	398	126	300
512	64	320	454	139	302
576	64	320	510	152	304
640	64	320	565	165	306
704	64	320	621	179	308
768	64	320	677	193	311
832	64	320	733	208	314
896	64	320	789	222	317
960	64	320	845	237	320
1023	64	320	901	251	324
0	128	320	91	128	296
64	128	320	105	128	297
128	128	320	141	130	297
192	128	320	187	133	297
256	128	320	239	138	298
320	128	320	292	145	299
384	128	320	346	152	300
448	128	320	401	161	301
512	128	320	456	171	303
576	128	320	511	181	305
640	128	320	567	193	307
704	128	320	623	204	309
768	128	320	679	217	312
832	128	320	734	229	315
896	128	320	790	242	318
960	128	320	846	255	321
1023	128	320	902	268	325
0	192	320	115	186	299
64	192	320	125	186	299
128	192	320	156	188	299
192	192	320	198	190	299
256	192	320	247	193	300
320	192	320	298	197	301
384	192	320	351	203	302
448	192	320	405	209	303
512	192	320	460	216	305
576	192	320	515	224	307
640	192	320	570	233	309
704	192	320	625	243	311
768	192	320	681	253	314
832	192	320	737	263	317
896	192	320	792	274	320
960	192	320	848	286	323
1023	192	320	903	297	327
0	256	320	141	246	302
64	256	320	149	246	302
128	256	320	175	247	302
192	256	320	213	248	303
256	256	320	259	251	303
320	256	320	308	254	304
384	256	320	359	258	305
448	256	320	412	263	307
512	256	320	466	268	308
576	256	320	520	275	310
640	256	320	574	282	312
704	256	320	629	289	314
768	256	320	685	297	317
832	256	320	740	306	320
896	256	320	795	315	323
960	256	320	851	325	326
1023	256	320	906	335	330
0	320	320	170	306	306
64	320	320	176	306	306
128	320	320	198	307	306
192	320	320	232	308	307
256	320	320	274	310	307
320	320	320	320	312	308
384	320	320	369	315	309
448	320	320	421	319	311
512	320	320	473	324	312
576	320	320	526	329	314
640	320	320	580	334	316
704	320	320	635	340	318
768	320	320	689	347	321
832	320	320	744	354	324
896	320	320	799	362	327
960	320	320	855	371	330
1023	320	320	909	379	333
0	384	320	199	366	311
64	384	320	205	366	311
128	384	320	223	367	312
192	384	320	253	368	312
256	384	320	291	369	313
320	384	320	335	371	314
384	384	320	382	374	315
448	384	320	431	377	316
512	384	320	483	381	317
576	384	320	535	385	319
640	384	320	588	389	321
704	384	320	641	395	324
768	384	320	695	400	326
832	384	320	750	406	329
896	384	320	804	413	332
960	384	320	859	420	335
1023	384	320	914	428	338
0	448	320	229	427	318
64	448	320	234	427	318
128	448	320	250	427	318
192	448	320	277	428	318
256	448	320	311	429	319
320	448	320	352	431	320
384	448	320	397	433	321
448	448	320	444	436	322
512	448	320	494	439	324
576	448	320	545	442	325
640	448	320	597	446	327
704	448	320	649	451	330
768	448	320	703	456	332
832	448	320	756	461	335
896	448	320	811	467	338
960	448	320	865	473	341
1023	448	320	919	479	344
0	512	320	260	487	325
64	512	320	264	487	325
128	512	320	278	488	325
192	512	320	302	488	326
256	512	320	333	490	326
320	512	320	371	491	327
384	512	320	413	493	328
448	512	320	459	495	329
512	512	320	507	498	331
576	512	320	556	501	333
640	512	320	607	504	334
704	512	320	659	508	337
768	512	320	711	512	339
832	512	320	764	517	342
896	512	320	818	522	344
960	512	320	872	527	347
1023	512	320	925	533	351
0	576	320	291	548	333
64	576	320	294	548	333
128	576	320	307	548	334
192	576	320	328	549	334
256	576	320	357	550	335
320	576	320	392	551	335
384	576	320	432	553	336
448	576	320	475	555	338
512	576	320	521	557	339
576	576	320	569	560	341
640	576	320	619	562	343
704	576	320	669	566	345
768	576	320	721	570	347
832	576	320	773	574	349
896	576	320	826	578	352
960	576	320	879	583	355
1023	576	320	932	588	358
0	640	320	322	608	343
64	640	320	325	609	343
128	640	320	336	609	343
192	640	320	355	609	343
256	640	320	381	610	344
320	640	320	414	611	345
384	640	320	452	613	346
448	640	320	493	614	347
512	640	320	537	616	348
576	640	320	584	619	350
640	640	320	632	621	351
704	640	320	681	624	353
768	640	320	732	628	356
832	640	320	783	631	358
896	640	320	835	635	361
960	640	320	888	640	364
1023	640	320	940	644	367
0	704	320	353	669	353
64	704	320	356	669	353
128	704	320	365	669	353
192	704	320	383	670	353
256	704	320	407	671	354
320	704	320	438	672	355
384	704	320	473	673	355
448	704	320	512	674	357
512	704	320	555	676	358
576	704	320	600	678	359
640	704	320	646	681	361
704	704	320	695	683	363
768	704	320	744	686	365
832	704	320	795	690	368
896	704	320	846	693	370
960	704	320	898	697	373
1023	704	320	949	701	376
0	768	320	384	730	363
64	768	320	386	730	363
128	768	320	395	730	364
192	768	320	411	731	364
256	768	320	434	731	365
320	768	320	462	732	365
384	768	320	495	733	366
448	768	320	533	735	367
512	768	320	573	736	368
576	768	320	617	738	370
640	768	320	662	740	372
704	768	320	709	743	374
768	768	320	757	745	376
832	768	320	807	748	378
896	768	320	857	752	380
960	768	320	908	755	383
1023	768	320	959	759	386
0	832	320	415	791	375
64	832	320	418	791	375
128	832	320	426	791	375
192	832	320	440	791	375
256	832	320	461	792	376
320	832	320	488	793	377
384	832	320	519	794	378
448	832	320	554	795	379
512	832	320	593	796	380
576	832	320	635	798	381
640	832	320	679	800	383
704	832	320	725	802	385
768	832	320	772	805	387
832	832	320	820	807	389
896	832	320	870	810	391
960	832	320	920	813	394
1023	832	320	970	817	397
0	896	320	447	851	387
64	896	320	449	851	387
128	896	320	456	851	387
192	896	320	470	852	388
256	896	320	489	852	388
320	896	320	514	853	389
384	896	320	543	854	390
448	896	320	577	855	391
512	896	320	614	857	392
576	896	320	654	858	393
640	896	320	697	860	395
704	896	320	741	862	396
768	896	320	787	864	398
832	896	320	835	867	401
896	896	320	883	869	403
960	896	320	932	872	405
1023	896	320	982	875	408
0	960	320	478	912	400
64	960	320	480	912	400
128	960	320	487	912	400
192	960	320	499	913	400
256	960	320	517	913	401
320	960	320	541	914	401
384	960	320	568	915	402
448	960	320	601	916	403
512	960	320	636	917	404
576	960	320	675	918	406
640	960	320	716	920	407
704	960	320	759	922	409
768	960	320	803	924	411
832	960	320	850	926	413
896	960	320	897	929	415
960	960	320	946	931	417
1023	960	320	994	934	420
0	1023	320	509	972	413
64	1023	320	511	972	413
128	1023	320	517	972	413
192	1023	320	529	972	413
256	1023	320	546	973	414
320	1023	320	567	973	414
384	1023	320	594	974	415
448	1023	320	624	975	416
512	1023	320	658	976	417
576	1023	320	695	978	418
640	1023	320	735	979	420
704	1023	320	777	981	422
768	1023	320	820	983	423
832	1023	320	866	985	425
896	1023	320	912	987	428
960	1023	320	960	990	430
1023	1023	320	1008	992	432
0	0	384	84	54	354
64	0	384	98	56	354
128	0	384	136	61	354
192	0	384	184	69	355
256	0	384	236	79	355
320	0	384	290	91	356
384	0	384	344	104	357
448	0	384	400	117	358
512	0	384	455	131	359
576	0	384	510	145	361
640	0	384	566	159	362
704	0	384	622	174	364
768	0	384	678	188	367
832	0	384	734	203	369
896	0	384	790	218	371
960	0	384	846	233	374
1023	0	384	901	247	377
0	64	384	88	79	354
64	64	384	102	80	354
128	64	384	139	83	354
192	64	384	186	89	355
256	64	384	238	97	355
320	64	384	291	106	356
384	64	384	345	117	357
448	64	384	400	129	358
512	64	384	456	141	359
576	64	384	511	154	361
640	64	384	567	168	363
704	64	384	622	181	365
768	64	384	678	195	367
832	64	384	734	209	369
896	64	384	790	224	372
960	64	384	846	238	375
1023	64	384	901	252	377
0	128	384	102	131	355
64	128	384	114	131	355
128	128	384	147	133	355
192	128	384	192	136	356
256	128	384	242	141	356
320	128	384	295	147	357
384	128	384	348	155	358
448	128	384	403	163	359
512	128	384	458	173	360
576	128	384	513	183	362
640	128	384	568	194	364
704	128	384	624	206	366
768	128	384	680	218	368
832	128	384	735	231	370
896	128	384	791	243	373
960	128	384	847	256	375
1023	128	384	902	270	378
0	192	384	123	188	357
64	192	384	132	188	357
128	192	384	161	189	357
192	192	384	203	192	357
256	192	384	250	195	358
320	192	384	301	199	359
384	192	384	354	205	360
448	192	384	407	211	361
512	192	384	461	218	362
576	192	384	516	226	364
640	192	384	571	235	365
704	192	384	627	244	367
768	192	384	682	254	369
832	192	384	738	264	372
896	192	384	793	275	374
960	192	384	849	287	377
1023	192	384	904	298	380
0	256	384	148	247	359
64	256	384	156	247	360
128	256	384	180	248	360
192	256	384	217	250	360
256	256	384	262	252	361
320	256	384	310	255	361
384	256	384	361	259	362
448	256	384	414	264	363
512	256	384	467	270	365
576	256	384	521	276	366
640	256	384	576	283	368
704	256	384	630	290	370
768	256	384	686	298	372
832	256	384	741	307	374
896	256	384	796	316	377
960	256	384	852	326	379
1023	256	384	906	336	382
0	320	384	175	307	363
64	320	384	181	307	363
128	320	384	202	308	363
192	320	384	236	309	364
256	320	384	277	311	364
320	320	384	323	313	365
384	320	384	372	316	366
448	320	384	422	320	367
512	320	384	475	325	368
576	320	384	528	330	370
640	320	384	582	335	371
704	320	384	636	341	373
768	320	384	690	348	375
832	320	384	745	355	377
896	320	384	800	363	380
960	320	384	855	371	383
1023	320	384	910	380	386
0	384	384	204	367	367
64	384	384	209	367	367
128	384	384	227	368	368
192	384	384	256	369	368
256	384	384	294	370	368
320	384	384	337	372	369
384	384	384	384	375	370
448	384	384	433	378	371
512	384	384	484	381	372
576	384	384	536	386	374
640	384	384	589	390	375
704	384	384	642	395	377
768	384	384	696	401	379
832	384	384	751	407	382
896	384	384	805	414	384
960	384	384	860	421	387
1023	384	384	914	428	390
0	448	384	233	427	373
64	448	384	238	428	373
128	448	384	253	428	373
192	448	384	280	429	373
256	448	384	314	430	374
320	448	384	354	432	374
384	448	384	399	434	375
448	448	384	446	436	376
512	448	384	495	439	377
576	448	384	546	443	379
640	448	384	598	447	381
704	448	384	650	451	382
768	448	384	704	456	384
832	448	384	757	461	387
896	448	384	811	467	389
960	448	384	866	473	392
1023	448	384	920	480	394
0	512	384	263	488	379
64	512	384	267	488	379
128	512	384	281	488	379
192	512	384	304	489	379
256	512	384	336	490	380
320	512	384	373	492	380
384	512	384	415	493	381
448	512	384	460	496	382
512	512	384	508	498	383
576	512	384	557	501	385
640	512	384	608	505	386
704	512	384	660	508	388
768	512	384	712	513	390
832	512	384	765	517	392
896	512	384	819	522	395
960	512	384	872	528	397
1023	512	384	926	533	400
0	576	384	294	548	386
64	576	384	297	548	386
128	576	384	309	549	386
192	576	384	330	549	386
256	576	384	359	550	387
320	576	384	394	552	387
384	576	384	434	553	388
448	576	384	477	555	389
512	576	384	523	557	390
576	576	384	571	560	392
640	576	384	620	563	393
704	576	384	670	566	395
768	576	384	722	570	397
832	576	384	774	574	399
896	576	384	827	579	401
960	576	384	880	583	404
1023	576	384	933	588	407
0	640	384	324	609	393
64	640	384	327	609	393
128	640	384	338	609	394
192	640	384	357	610	394
256	640	384	384	611	394
320	640	384	416	612	395
384	640	384	453	613	396
448	640	384	495	615	397
512	640	384	539	617	398
576	640	384	585	619	399
640	640	384	633	622	401
704	640	384	682	625	403
768	640	384	733	628	404
832	640	384	784	632	407
896	640	384	836	636	409
960	640	384	889	640	411
1023	640	384	941	644	414
0	704	384	355	670	402
64	704	384	358	670	402
128	704	384	368	670	402
192	704	384	385	670	402
256	704	384	409	671	403
320	704	384	439	672	403
384	704	384	475	673	404
448	704	384	514	675	405
512	704	384	556	677	406
576	704	384	601	679	408
640	704	384	647	681	409
704	704	384	696	684	411
768	704	384	745	687	413
832	704	384	795	690	415
896	704	384	847	694	417
960	704	384	898	697	419
1023	704	384	950	701	422
0	768	384	386	730	411
64	768	384	389	730	411
128	768	384	397	731	411
192	768	384	413	731	412
256	768	384	436	732	412
320	768	384	464	732	413
384	768	384	497	734	413
448	768	384	534	735	414
512	768	384	575	737	416
576	768	384	618	738	417
640	768	384	663	741	418
704	768	384	710	743	420
768	768	384	758	746	422
832	768	384	808	749	424
896	768	384	858	752	426
960	768	384	909	755	428
1023	768	384	960	759	431
0	832	384	417	791	421
64	832	384	419	791	421
128	832	384	428	791	421
192	832	384	442	792	422
256	832	384	463	792	422
320	832	384	489	793	423
384	832	384	520	794	423
448	832	384	556	795	424
512	832	384	595	797	425
576	832	384	636	798	427
640	832	384	680	800	428
704	832	384	725	803	430
768	832	384	773	805	431
832	832	384	821	808	433
896	832	384	870	811	435
960	832	384	921	814	438
1023	832	384	971	817	440
0	896	384	448	852	432
64	896	384	450	852	432
128	896	384	458	852	432
192	896	384	471	852	432
256	896	384	491	853	433
320	896	384	515	853	433
384	896	384	545	854	434
448	896	384	578	856	435
512	896	384	615	857	436
576	896	384	655	858	437
640	896	384	698	860	438
704	896	384	742	862	440
768	896	384	788	864	442
832	896	384	835	867	444
896	896	384	884	870	446
960	896	384	933	873	448
1023	896	384	983	876	450
0	960	384	480	912	443
64	960	384	481	912	443
128	960	384	488	912	443
192	960	384	501	913	443
256	960	384	519	913	444
320	960	384	542	914	444
384	960	384	570	915	445
448	960	384	602	916	446
512	960	384	637	917	447
576	960	384	676	919	448
640	960	384	717	920	449
704	960	384	760	922	451
768	960	384	804	924	453
832	960	384	851	926	454
896	960	384	898	929	456
960	960	384	947	932	459
1023	960	384	995	935	461
0	1023	384	510	972	454
64	1023	384	512	972	455
128	1023	384	519	972	455
192	1023	384	530	972	455
256	1023	384	547	973	455
320	1023	384	569	974	456
384	1023	384	595	974	457
448	1023	384	626	975	457
512	1023	384	659	977	458
576	1023	384	696	978	460
640	1023	384	736	979	461
704	1023	384	778	981	462
768	1023	384	821	983	464
832	1023	384	866	985	466
896	1023	384	913	987	468
960	1023	384	961	990	470
1023	1023	384	1008	993	472
0	0	448	98	63	413
64	0	448	110	65	413
128	0	448	145	69	413
192	0	448	190	76	413
256	0	448	241	85	414
320	0	448	293	96	414
384	0	448	347	108	415
448	0	448	402	121	416
512	0	448	457	134	417
576	0	448	512	148	419
640	0	448	568	162	420
704	0	448	623	176	422
768	0	448	679	190	423
832	0	448	735	205	425
896	0	448	791	220	428
960	0	448	847	234	430
1023	0	448	902	249	432
0	64	448	102	85	413
64	64	448	113	86	413
128	64	448	147	89	413
192	64	448	192	94	414
256	64	448	242	102	414
320	64	448	294	111	415
384	64	448	348	121	415
448	64	448	403	132	416
512	64	448	458	144	417
576	64	448	513	157	419
640	64	448	568	170	420
704	64	448	624	184	422
768	64	448	680	197	424
832	64	448	735	211	426
896	64	448	791	225	428
960	64	448	847	240	430
1023	64	448	902	254	433
0	128	448	114	134	414
64	128	448	124	134	414
128	128	448	155	136	414
192	128	448	198	139	414
256	128	448	246	144	415
320	128	448	298	150	415
384	128	448	351	158	416
448	128	448	405	166	417
512	128	448	460	175	418
576	128	448	515	186	420
640	128	448	570	196	421
704	128	448	625	208	423
768	128	448	681	220	424
832	128	448	737	232	426
896	128	448	792	245	429
960	128	448	848	258	431
1023	128	448	903	271	433
0	192	448	132	190	415
64	192	448	141	191	415
128	192	448	168	192	416
192	192	448	208	194	416
256	192	448	254	197	416
320	192	448	304	201	417
384	192	448	356	207	418
448	192	448	409	213	419
512	192	448	463	220	420
576	192	448	518	228	421
640	192	448	573	236	422
704	192	448	628	246	424
768	192	448	683	255	426
832	192	448	739	266	428
896	192	448	794	277	430
960	192	448	850	288	432
1023	192	448	905	300	435
0	256	448	155	249	418
64	256	448	163	249	418
128	256	448	186	250	418
192	256	448	222	251	418
256	256	448	266	254	418
320	256	448	314	257	419
384	256	448	364	261	420
448	256	448	416	266	421
512	256	448	469	271	422
576	256	448	523	277	423
640	256	448	577	284	425
704	256	448	632	292	426
768	256	448	687	300	428
832	256	448	742	308	430
896	256	448	797	317	432
960	256	448	853	327	434
1023	256	448	907	337	437
0	320	448	181	308	420
64	320	448	187	308	420
128	320	448	208	309	421
192	320	448	240	310	421
256	320	448	280	312	421
320	320	448	326	315	422
384	320	448	374	318	423
448	320	448	425	321	424
512	320	448	477	326	425
576	320	448	529	331	426
640	320	448	583	336	427
704	320	448	637	342	429
768	320	448	692	349	431
832	320	448	746	356	433
896	320	448	801	364	435
960	320	448	856	372	437
1023	320	448	911	381	440
0	384	448	209	368	424
64	384	448	214	368	424
128	384	448	232	369	424
192	384	448	260	370	425
256	384	448	297	371	425
320	384	448	340	373	426
384	384	448	386	376	426
448	384	448	435	379	427
512	384	448	486	382	428
576	384	448	538	387	430
640	384	448	590	391	431
704	384	448	644	396	433
768	384	448	698	402	434
832	384	448	752	408	436
896	384	448	806	415	438
960	384	448	861	422	441
1023	384	448	915	429	443
0	448	448	238	428	429
64	448	448	242	428	429
128	448	448	257	429	429
192	448	448	283	430	429
256	448	448	317	431	429
320	448	448	357	433	430
384	448	448	401	435	431
448	448	448	448	437	432
512	448	448	497	440	433
576	448	448	548	444	434
640	448	448	599	448	435
704	448	448	652	452	437
768	448	448	705	457	439
832	448	448	758	462	441
896	448	448	812	468	443
960	448	448	867	474	445
1023	448	448	920	480	447
0	512	448	267	489	434
64	512	448	271	489	434
128	512	448	284	489	434
192	512	448	307	490	434
256	512	448	339	491	435
320	512	448	376	492	435
384	512	448	417	494	436
448	512	448	462	496	437
512	512	448	510	499	438
576	512	448	559	502	439
640	512	448	610	505	440
704	512	448	661	509	442
768	512	448	713	513	444
832	512	448	766	518	446
896	512	448	820	523	448
960	512	448	873	528	450
1023	512	448	927	534	452
0	576	448	297	549	440
64	576	448	300	549	440
128	576	448	312	549	440
192	576	448	333	550	440
256	576	448	362	551	440
320	576	448	396	552	441
384	576	448	436	554	442
448	576	448	479	556	443
512	576	448	524	558	444
576	576	448	572	561	445
640	576	448	621	564	446
704	576	448	672	567	448
768	576	448	723	571	449
832	576	448	775	575	451
896	576	448	828	579	453
960	576	448	881	584	455
1023	576	448	934	589	458
0	640	448	327	609	446
64	640	448	330	610	446
128	640	448	341	610	446
192	640	448	360	610	447
256	640	448	386	611	447
320	640	448	418	612	448
384	640	448	455	614	448
448	640	448	496	615	449
512	640	448	540	617	450
576	640	448	586	620	451
640	640	448	634	622	453
704	640	448	684	625	454
768	640	448	734	629	456
832	640	448	785	632	458
896	640	448	837	636	460
960	640	448	890	640	462
1023	640	448	942	645	464
0	704	448	358	670	454
64	704	448	360	670	454
128	704	448	370	670	454
192	704	448	387	671	454
256	704	448	411	672	454
320	704	448	441	673	455
384	704	448	477	674	456
448	704	448	516	675	457
512	704	448	558	677	458
576	704	448	602	679	459
640	704	448	649	682	460
704	704	448	697	684	461
768	704	448	746	687	463
832	704	448	796	690	465
896	704	448	848	694	467
960	704	448	899	698	469
1023	704	448	951	702	471
0	768	448	388	731	462
64	768	448	391	731	462
128	768	448	400	731	462
192	768	448	415	731	462
256	768	448	438	732	462
320	768	448	466	733	463
384	768	448	499	734	464
448	768	448	536	735	464
512	768	448	576	737	465
576	768	448	619	739	467
640	768	448	664	741	468
704	768	448	711	743	469
768	768	448	759	746	471
832	768	448	809	749	473
896	768	448	859	752	475
960	768	448	910	756	477
1023	768	448	961	759	479
0	832	448	419	791	470
64	832	448	422	791	470
128	832	448	430	792	471
192	832	448	444	792	471
256	832	448	465	793	471
320	832	448	491	793	472
384	832	448	522	794	472
448	832	448	557	796	473
512	832	448	596	797	474
576	832	448	637	799	475
640	832	448	681	801	476
704	832	448	727	803	478
768	832	448	774	805	479
832	832	448	822	808	481
896	832	448	871	811	483
960	832	448	922	814	485
1023	832	448	972	818	487
0	896	448	450	852	480
64	896	448	452	852	480
128	896	448	460	852	480
192	896	448	473	853	480
256	896	448	492	853	480
320	896	448	517	854	481
384	896	448	546	855	482
448	896	448	580	856	482
512	896	448	617	857	483
576	896	448	657	859	484
640	896	448	699	861	486
704	896	448	743	863	487
768	896	448	789	865	488
832	896	448	836	867	490
896	896	448	885	870	492
960	896	448	934	873	494
1023	896	448	983	876	496
0	960	448	481	913	490
64	960	448	483	913	490
128	960	448	490	913	490
192	960	448	503	913	490
256	960	448	521	914	490
320	960	448	544	914	491
384	960	448	571	915	491
448	960	448	603	916	492
512	960	448	639	917	493
576	960	448	677	919	494
640	960	448	718	921	495
704	960	448	761	922	497
768	960	448	805	924	498
832	960	448	852	927	500
896	960	448	899	929	502
960	960	448	947	932	504
1023	960	448	996	935	506
0	1023	448	512	972	500
64	1023	448	514	972	500
128	1023	448	520	972	500
192	1023	448	532	973	500
256	1023	448	549	973	501
320	1023	448	570	974	501
384	1023	448	597	975	502
448	1023	448	627	976	502
512	1023	448	661	977	503
576	1023	448	698	978	504
640	1023	448	737	980	506
704	1023	448	779	981	507
768	1023	448	822	983	508
832	1023	448	867	985	510
896	1023	448	914	988	512
960	1023	448	961	990	514
1023	1023	448	1009	993	516
0	0	512	112	72	472
64	0	512	123	73	472
128	0	512	154	77	472
192	0	512	197	83	472
256	0	512	246	92	473
320	0	512	297	102	473
384	0	512	351	113	474
448	0	512	405	125	475
512	0	512	459	138	476
576	0	512	514	151	477
640	0	512	570	165	478
704	0	512	625	179	479
768	0	512	681	193	481
832	0	512	736	207	483
896	0	512	792	222	485
960	0	512	848	236	487
1023	0	512	903	251	489
0	64	512	115	92	472
64	64	512	125	92	472
128	64	512	156	95	472
192	64	512	199	100	473
256	64	512	247	107	473
320	64	512	298	116	473
384	64	512	351	125	474
448	64	512	405	136	475
512	64	512	460	148	476
576	64	512	515	160	477
640	64	512	570	173	478
704	64	512	625	186	480
768	64	512	681	200	481
832	64	512	737	214	483
896	64	512	792	228	485
960	64	512	848	242	487
1023	64	512	903	256	489
0	128	512	126	138	473
64	128	512	135	138	473
128	128	512	163	140	473
192	128	512	204	143	473
256	128	512	251	148	474
320	128	512	302	154	474
384	128	512	354	161	475
448	128	512	408	169	476
512	128	512	462	178	476
576	128	512	517	188	478
640	128	512	572	199	479
704	128	512	627	210	480
768	128	512	682	222	482
832	128	512	738	234	483
896	128	512	794	247	485
960	128	512	849	260	487
1023	128	512	904	273	490
0	192	512	142	193	474
64	192	512	150	193	474
128	192	512	176	194	474
192	192	512	214	196	474
256	192	512	259	200	475
320	192	512	308	204	475
384	192	512	359	209	476
448	192	512	412	215	477
512	192	512	466	222	478
576	192	512	520	230	479
640	192	512	575	238	480
704	192	512	630	247	481
768	192	512	685	257	483
832	192	512	740	268	485
896	192	512	796	278	487
960	192	512	851	290	489
1023	192	512	906	301	491
0	256	512	164	251	476
64	256	512	171	251	476
128	256	512	193	252	476
192	256	512	228	253	476
256	256	512	270	256	477
320	256	512	317	259	477
384	256	512	367	263	478
448	256	512	419	267	479
512	256	512	471	273	480
576	256	512	525	279	481
640	256	512	579	286	482
704	256	512	633	293	483
768	256	512	688	301	485
832	256	512	743	310	486
896	256	512	798	319	488
960	256	512	854	329	490
1023	256	512	908	338	492
0	320	512	188	310	478
64	320	512	194	310	478
128	320	512	214	310	479
192	320	512	245	312	479
256	320	512	285	314	479
320	320	512	329	316	480
384	320	512	377	319	480
448	320	512	427	323	481
512	320	512	479	327	482
576	320	512	531	332	483
640	320	512	585	338	484
704	320	512	639	344	486
768	320	512	693	350	487
832	320	512	748	358	489
896	320	512	802	365	491
960	320	512	858	374	493
1023	320	512	912	382	495
0	384	512	215	369	481
64	384	512	220	369	482
128	384	512	237	370	482
192	384	512	265	371	482
256	384	512	301	372	482
320	384	512	344	374	483
384	384	512	389	377	483
448	384	512	438	380	484
512	384	512	488	384	485
576	384	512	540	388	486
640	384	512	592	392	487
704	384	512	645	397	489
768	384	512	699	403	490
832	384	512	753	409	492
896	384	512	808	416	494
960	384	512	862	423	496
1023	384	512	916	430	498
0	448	512	243	429	485
64	448	512	247	429	485
128	448	512	262	430	485
192	448	512	287	431	486
256	448	512	321	432	486
320	448	512	360	434	487
384	448	512	404	436	487
448	448	512	450	438	488
512	448	512	499	441	489
576	448	512	550	445	490
640	448	512	601	449	491
704	448	512	653	453	492
768	448	512	706	458	494
832	448	512	760	463	496
896	448	512	814	469	497
960	448	512	868	475	499
1023	448	512	921	481	502
0	512	512	272	489	490
64	512	512	275	490	490
128	512	512	289	490	490
192	512	512	311	491	490
256	512	512	342	492	491
320	512	512	379	493	491
384	512	512	420	495	492
448	512	512	465	497	492
512	512	512	512	500	493
576	512	512	561	503	494
640	512	512	611	506	496
704	512	512	663	510	497
768	512	512	715	514	498
832	512	512	768	519	500
896	512	512	821	524	502
960	512	512	874	529	504
1023	512	512	928	535	506
0	576	512	301	550	495
64	576	512	304	550	495
128	576	512	316	550	495
192	576	512	337	551	495
256	576	512	365	552	496
320	576	512	399	553	496
384	576	512	438	555	497
448	576	512	481	556	497
512	576	512	526	559	498
576	576	512	574	561	499
640	576	512	623	564	501
704	576	512	673	568	502
768	576	512	724	571	503
832	576	512	776	575	505
896	576	512	829	580	507
960	576	512	882	585	509
1023	576	512	935	590	511
0	640	512	331	610	501
64	640	512	334	610	501
128	640	512	344	611	501
192	640	512	363	611	501
256	640	512	389	612	501
320	640	512	421	613	502
384	640	512	458	614	502
448	640	512	499	616	503
512	640	512	542	618	504
576	640	512	588	620	505
640	640	512	636	623	506
704	640	512	685	626	508
768	640	512	735	629	509
832	640	512	787	633	511
896	640	512	838	637	512
960	640	512	891	641	514
1023	640	512	943	646	516
0	704	512	361	671	507
64	704	512	364	671	507
128	704	512	373	671	507
192	704	512	390	671	507
256	704	512	414	672	508
320	704	512	444	673	508
384	704	512	479	674	509
448	704	512	518	676	510
512	704	512	560	678	510
576	704	512	604	680	511
640	704	512	650	682	513
704	704	512	698	685	514
768	704	512	747	688	515
832	704	512	798	691	517
896	704	512	849	695	519
960	704	512	900	698	521
1023	704	512	952	702	522
0	768	512	391	731	514
64	768	512	394	731	514
128	768	512	403	731	514
192	768	512	418	732	514
256	768	512	440	733	515
320	768	512	468	733	515
384	768	512	501	735	516
448	768	512	538	736	517
512	768	512	578	738	517
576	768	512	621	739	518
640	768	512	666	742	520
704	768	512	713	744	521
768	768	512	761	747	522
832	768	512	810	750	524
896	768	512	860	753	525
960	768	512	911	756	527
1023	768	512	962	760	529
0	832	512	422	792	522
64	832	512	424	792	522
128	832	512	432	792	522
192	832	512	447	792	522
256	832	512	467	793	522
320	832	512	493	794	523
384	832	512	524	795	524
448	832	512	559	796	524
512	832	512	598	798	525
576	832	512	639	799	526
640	832	512	683	801	527
704	832	512	728	803	528
768	832	512	775	806	530
832	832	512	823	809	531
896	832	512	872	811	533
960	832	512	923	815	535
1023	832	512	973	818	537
0	896	512	453	852	530
64	896	512	455	852	530
128	896	512	462	853	530
192	896	512	476	853	530
256	896	512	495	853	531
320	896	512	519	854	531
384	896	512	548	855	532
448	896	512	582	856	532
512	896	512	618	858	533
576	896	512	658	859	534
640	896	512	700	861	535
704	896	512	744	863	537
768	896	512	790	865	538
832	896	512	837	868	539
896	896	512	886	870	541
960	896	512	935	873	543
1023	896	512	984	876	545
0	960	512	484	913	539
64	960	512	486	913	539
128	960	512	492	913	539
192	960	512	505	914	539
256	960	512	523	914	540
320	960	512	546	915	540
384	960	512	573	916	541
448	960	512	605	917	541
512	960	512	640	918	542
576	960	512	678	919	543
640	960	512	719	921	544
704	960	512	762	923	545
768	960	512	807	925	547
832	960	512	853	927	548
896	960	512	900	930	550
960	960	512	948	932	551
1023	960	512	997	935	553
0	1023	512	514	973	548
64	1023	512	516	973	548
128	1023	512	522	973	548
192	1023	512	534	973	548
256	1023	512	551	974	549
320	1023	512	572	974	549
384	1023	512	598	975	550
448	1023	512	629	976	550
512	1023	512	662	977	551
576	1023	512	699	979	552
640	1023	512	738	980	553
704	1023	512	780	982	554
768	1023	512	823	984	556
832	1023	512	869	986	557
896	1023	512	915	988	559
960	1023	512	962	991	560
1023	1023	512	1010	993	562
0	0	576	126	81	531
64	0	576	135	82	531
128	0	576	164	86	531
192	0	576	204	91	531
256	0	576	252	99	532
320	0	576	302	108	532
384	0	576	354	119	533
448	0	576	408	130	533
512	0	576	462	142	534
576	0	576	517	155	535
640	0	576	572	169	536
704	0	576	627	182	537
768	0	576	682	196	539
832	0	576	738	210	540
896	0	576	794	224	542
960	0	576	849	239	544
1023	0	576	904	253	546
0	64	576	129	99	531
64	64	576	138	99	531
128	64	576	166	102	531
192	64	576	206	107	531
256	64	576	253	113	532
320	64	576	303	121	532
384	64	576	355	130	533
448	64	576	409	141	533
512	64	576	463	152	534
576	64	576	517	164	535
640	64	576	572	176	536
704	64	576	627	189	538
768	64	576	683	203	539
832	64	576	738	216	540
896	64	576	794	230	542
960	64	576	850	244	544
1023	64	576	904	258	546
0	128	576	138	142	532
64	128	576	146	143	532
128	128	576	173	144	532
192	128	576	211	147	532
256	128	576	257	152	532
320	128	576	306	158	533
384	128	576	358	165	533
448	128	576	411	173	534
512	128	576	465	182	535
576	128	576	519	191	536
640	128	576	574	202	537
704	128	576	629	213	538
768	128	576	684	225	539
832	128	576	739	237	541
896	128	576	795	249	543
960	128	576	851	262	544
1023	128	576	905	275	546
0	192	576	153	196	533
64	192	576	161	196	533
128	192	576	185	197	533
192	192	576	221	199	533
256	192	576	265	202	533
320	192	576	313	207	534
384	192	576	363	212	534
448	192	576	415	218	535
512	192	576	468	224	536
576	192	576	522	232	537
640	192	576	577	241	538
704	192	576	631	250	539
768	192	576	686	259	541
832	192	576	742	270	542
896	192	576	797	280	544
960	192	576	852	292	545
1023	192	576	907	303	547
0	256	576	173	253	534
64	256	576	180	253	534
128	256	576	201	254	534
192	256	576	234	255	535
256	256	576	275	258	535
320	256	576	322	261	535
384	256	576	371	265	536
448	256	576	422	269	537
512	256	576	474	275	538
576	256	576	527	281	538
640	256	576	581	287	540
704	256	576	635	295	541
768	256	576	690	303	542
832	256	576	745	311	544
896	256	576	800	321	545
960	256	576	855	330	547
1023	256	576	910	340	549
0	320	576	196	311	536
64	320	576	202	311	537
128	320	576	221	312	537
192	320	576	251	313	537
256	320	576	289	315	537
320	320	576	333	318	538
384	320	576	381	321	538
448	320	576	430	324	539
512	320	576	481	329	540
576	320	576	534	334	541
640	320	576	587	339	542
704	320	576	641	345	543
768	320	576	695	352	544
832	320	576	749	359	546
896	320	576	804	367	547
960	320	576	859	375	549
1023	320	576	913	383	551
0	384	576	222	371	539
64	384	576	227	371	539
128	384	576	243	371	539
192	384	576	270	372	540
256	384	576	306	374	540
320	384	576	347	376	540
384	384	576	393	378	541
448	384	576	441	381	542
512	384	576	491	385	542
576	384	576	542	389	543
640	384	576	594	394	544
704	384	576	647	399	546
768	384	576	701	404	547
832	384	576	755	410	548
896	384	576	809	417	550
960	384	576	863	424	552
1023	384	576	917	431	554
0	448	576	249	430	543
64	448	576	253	430	543
128	448	576	268	431	543
192	448	576	292	432	543
256	448	576	325	433	543
320	448	576	364	435	544
384	448	576	407	437	544
448	448	576	453	439	545
512	448	576	502	442	546
576	448	576	552	446	547
640	448	576	603	450	548
704	448	576	655	454	549
768	448	576	708	459	550
832	448	576	761	464	552
896	448	576	815	470	553
960	448	576	869	476	555
1023	448	576	923	482	557
0	512	576	277	490	546
64	512	576	280	490	546
128	512	576	293	491	547
192	512	576	316	492	547
256	512	576	346	493	547
320	512	576	382	494	548
384	512	576	423	496	548
448	512	576	468	498	549
512	512	576	514	501	550
576	512	576	563	504	550
640	512	576	613	507	552
704	512	576	664	511	553
768	512	576	716	515	554
832	512	576	769	520	555
896	512	576	822	525	557
960	512	576	876	530	559
1023	512	576	929	536	561
0	576	576	305	551	551
64	576	576	309	551	551
128	576	576	320	551	551
192	576	576	341	552	551
256	576	576	368	553	552
320	576	576	402	554	552
384	576	576	441	555	553
448	576	576	484	557	553
512	576	576	529	560	554
576	576	576	576	562	555
640	576	576	625	565	556
704	576	576	675	568	557
768	576	576	726	572	558
832	576	576	778	576	560
896	576	576	830	581	561
960	576	576	883	585	563
1023	576	576	936	590	565
0	640	576	335	611	556
64	640	576	338	611	556
128	640	576	348	611	556
192	640	576	367	612	556
256	640	576	392	613	557
320	640	576	424	614	557
384	640	576	461	615	558
448	640	576	501	617	558
512	640	576	545	619	559
576	640	576	590	621	560
640	640	576	638	624	561
704	640	576	687	627	562
768	640	576	737	630	563
832	640	576	788	634	565
896	640	576	840	638	566
960	640	576	892	642	568
1023	640	576	944	646	570
0	704	576	365	671	562
64	704	576	367	671	562
128	704	576	377	672	562
192	704	576	394	672	562
256	704	576	417	673	562
320	704	576	447	674	563
384	704	576	481	675	563
448	704	576	520	677	564
512	704	576	562	678	565
576	704	576	606	680	566
640	704	576	652	683	567
704	704	576	700	685	568
768	704	576	749	688	569
832	704	576	799	692	570
896	704	576	850	695	572
960	704	576	902	699	574
1023	704	576	953	703	575
0	768	576	395	732	568
64	768	576	397	732	568
128	768	576	406	732	568
192	768	576	421	733	568
256	768	576	443	733	569
320	768	576	471	734	569
384	768	576	503	735	570
448	768	576	540	737	570
512	768	576	580	738	571
576	768	576	623	740	572
640	768	576	668	742	573
704	768	576	714	745	574
768	768	576	762	747	575
832	768	576	811	750	577
896	768	576	861	753	578
960	768	576	912	757	580
1023	768	576	963	761	581
0	832	576	425	792	575
64	832	576	427	792	575
128	832	576	435	793	575
192	832	576	449	793	575
256	832	576	470	794	575
320	832	576	496	794	576
384	832	576	527	795	576
448	832	576	561	797	577
512	832	576	600	798	578
576	832	576	641	800	579
640	832	576	684	802	580
704	832	576	730	804	581
768	832	576	776	806	582
832	832	576	825	809	583
896	832	576	874	812	585
960	832	576	924	815	586
1023	832	576	974	819	588
0	896	576	456	853	582
64	896	576	458	853	582
128	896	576	465	853	582
192	896	576	478	853	582
256	896	576	497	854	583
320	896	576	521	855	583
384	896	576	550	856	584
448	896	576	584	857	584
512	896	576	620	858	585
576	896	576	660	860	586
640	896	576	702	862	587
704	896	576	746	864	588
768	896	576	792	866	589
832	896	576	839	868	590
896	896	576	887	871	592
960	896	576	936	874	594
1023	896	576	985	877	595
0	960	576	486	913	590
64	960	576	488	913	590
128	960	576	495	914	590
192	960	576	507	914	590
256	960	576	525	914	591
320	960	576	548	915	591
384	960	576	575	916	592
448	960	576	607	917	592
512	960	576	642	918	593
576	960	576	680	920	594
640	960	576	721	921	595
704	960	576	763	923	596
768	960	576	808	925	597
832	960	576	854	928	598
896	960	576	901	930	600
960	960	576	950	933	601
1023	960	576	998	936	603
0	1023	576	517	973	598
64	1023	576	518	973	598
128	1023	576	525	973	598
192	1023	576	536	974	599
256	1023	576	553	974	599
320	1023	576	574	975	599
384	1023	576	600	976	600
448	1023	576	630	976	600
512	1023	576	664	978	601
576	1023	576	701	979	602
640	1023	576	740	981	603
704	1023	576	782	982	604
768	1023	576	825	984	605
832	1023	576	870	986	606
896	1023	576	916	989	608
960	1023	576	964	991	609
1023	1023	576	1011	994	611
0	0	640	140	90	590
64	0	640	148	91	590
128	0	640	174	94	590
192	0	640	213	99	590
256	0	640	258	106	591
320	0	640	307	115	591
384	0	640	359	125	591
448	0	640	412	136	592
512	0	640	465	147	593
576	0	640	519	160	594
640	0	640	574	173	595
704	0	640	629	186	596
768	0	640	684	199	597
832	0	640	740	213	598
896	0	640	795	227	600
960	0	640	851	241	601
1023	0	640	906	255	603
0	64	640	142	106	590
64	64	640	150	107	590
128	64	640	176	109	590
192	64	640	214	113	590
256	64	640	259	119	591
320	64	640	308	127	591
384	64	640	360	136	592
448	64	640	412	146	592
512	64	640	466	156	593
576	64	640	520	168	594
640	64	640	575	180	595
704	64	640	630	193	596
768	64	640	685	206	597
832	64	640	740	219	598
896	64	640	796	233	600
960	64	640	851	247	601
1023	64	640	906	260	603
0	128	640	151	147	591
64	128	640	158	148	591
128	128	640	183	149	591
192	128	640	219	152	591
256	128	640	263	156	591
320	128	640	312	162	592
384	128	640	362	169	592
448	128	640	415	176	593
512	128	640	468	185	593
576	128	640	522	195	594
640	128	640	576	205	595
704	128	640	631	216	596
768	128	640	686	227	597
832	128	640	741	239	599
896	128	640	797	252	600
960	128	640	852	264	602
1023	128	640	907	277	603
0	192	640	164	199	591
64	192	640	171	199	592
128	192	640	194	201	592
192	192	640	228	203	592
256	192	640	271	206	592
320	192	640	318	210	593
384	192	640	367	215	593
448	192	640	419	221	594
512	192	640	472	227	594
576	192	640	525	235	595
640	192	640	579	243	596
704	192	640	634	252	597
768	192	640	688	262	598
832	192	640	743	272	600
896	192	640	799	283	601
960	192	640	854	294	603
1023	192	640	909	305	604
0	256	640	183	255	593
64	256	640	189	255	593
128	256	640	209	256	593
192	256	640	241	258	593
256	256	640	281	260	594
320	256	640	326	263	594
384	256	640	375	267	594
448	256	640	425	272	595
512	256	640	477	277	596
576	256	640	530	283	597
640	256	640	583	290	598
704	256	640	637	297	599
768	256	640	692	305	600
832	256	640	747	313	601
896	256	640	802	322	603
960	256	640	857	332	604
1023	256	640	911	342	606
0	320	640	205	313	595
64	320	640	210	313	595
128	320	640	228	314	595
192	320	640	257	315	595
256	320	640	295	317	595
320	320	640	338	319	596
384	320	640	385	323	596
448	320	640	434	326	597
512	320	640	484	330	598
576	320	640	536	335	598
640	320	640	589	341	599
704	320	640	643	347	600
768	320	640	697	354	602
832	320	640	751	361	603
896	320	640	805	368	604
960	320	640	860	376	606
1023	320	640	914	385	608
0	384	640	229	372	597
64	384	640	234	372	597
128	384	640	250	373	597
192	384	640	276	374	598
256	384	640	311	375	598
320	384	640	352	377	598
384	384	640	397	380	599
448	384	640	444	383	599
512	384	640	494	386	600
576	384	640	545	390	601
640	384	640	597	395	602
704	384	640	649	400	603
768	384	640	703	406	604
832	384	640	756	412	605
896	384	640	811	418	607
960	384	640	865	425	608
1023	384	640	919	433	610
0	448	640	255	432	600
64	448	640	259	432	600
128	448	640	273	432	600
192	448	640	298	433	600
256	448	640	330	434	601
320	448	640	368	436	601
384	448	640	411	438	602
448	448	640	456	441	602
512	448	640	505	444	603
576	448	640	554	447	604
640	448	640	605	451	605
704	448	640	657	455	606
768	448	640	710	460	607
832	448	640	763	465	608
896	448	640	817	471	610
960	448	640	871	477	611
1023	448	640	924	483	613
0	512	640	282	492	604
64	512	640	286	492	604
128	512	640	299	492	604
192	512	640	321	493	604
256	512	640	350	494	604
320	512	640	386	495	605
384	512	640	427	497	605
448	512	640	471	499	606
512	512	640	517	502	606
576	512	640	566	505	607
640	512	640	615	508	608
704	512	640	666	512	609
768	512	640	718	516	610
832	512	640	771	521	612
896	512	640	824	526	613
960	512	640	877	531	615
1023	512	640	930	537	616
0	576	640	311	552	608
64	576	640	314	552	608
128	576	640	325	552	608
192	576	640	345	553	608
256	576	640	372	554	608
320	576	640	406	555	609
384	576	640	444	556	609
448	576	640	487	558	610
512	576	640	531	560	610
576	576	640	578	563	611
640	576	640	627	566	612
704	576	640	677	569	613
768	576	640	728	573	614
832	576	640	780	577	616
896	576	640	832	581	617
960	576	640	885	586	619
1023	576	640	937	591	620
0	640	640	339	612	612
64	640	640	342	612	612
128	640	640	353	612	612
192	640	640	371	613	612
256	640	640	396	613	613
320	640	640	427	615	613
384	640	640	464	616	614
448	640	640	504	618	614
512	640	640	547	620	615
576	640	640	593	622	616
640	640	640	640	625	617
704	640	640	689	628	618
768	640	640	739	631	619
832	640	640	790	634	620
896	640	640	841	638	621
960	640	640	893	643	623
1023	640	640	945	647	625
0	704	640	369	672	617
64	704	640	371	672	617
128	704	640	381	672	617
192	704	640	397	673	618
256	704	640	421	674	618
320	704	640	450	675	618
384	704	640	484	676	619
448	704	640	523	677	619
512	704	640	564	679	620
576	704	640	608	681	621
640	704	640	654	684	622
704	704	640	702	686	623
768	704	640	751	689	624
832	704	640	801	692	625
896	704	640	852	696	626
960	704	640	903	700	628
1023	704	640	954	704	629
0	768	640	398	732	623
64	768	640	401	733	623
128	768	640	409	733	623
192	768	640	425	733	623
256	768	640	446	734	623
320	768	640	474	735	624
384	768	640	506	736	624
448	768	640	543	737	625
512	768	640	583	739	625
576	768	640	625	741	626
640	768	640	670	743	627
704	768	640	716	745	628
768	768	640	764	748	629
832	768	640	813	751	631
896	768	640	863	754	632
960	768	640	914	758	633
1023	768	640	964	761	635
0	832	640	428	793	629
64	832	640	431	793	629
128	832	640	439	793	629
192	832	640	453	794	629
256	832	640	473	794	629
320	832	640	499	795	630
384	832	640	529	796	630
448	832	640	564	797	631
512	832	640	602	799	632
576	832	640	643	800	632
640	832	640	686	802	633
704	832	640	731	805	634
768	832	640	778	807	635
832	832	640	826	810	637
896	832	640	875	813	638
960	832	640	925	816	639
1023	832	640	975	819	641
0	896	640	459	853	636
64	896	640	461	853	636
128	896	640	468	854	636
192	896	640	481	854	636
256	896	640	500	855	636
320	896	640	524	855	636
384	896	640	553	856	637
448	896	640	586	857	637
512	896	640	623	859	638
576	896	640	662	860	639
640	896	640	704	862	640
704	896	640	748	864	641
768	896	640	793	866	642
832	896	640	840	869	643
896	896	640	888	871	644
960	896	640	938	874	646
1023	896	640	987	878	647
0	960	640	489	914	643
64	960	640	491	914	643
128	960	640	498	914	643
192	960	640	510	915	643
256	960	640	528	915	643
320	960	640	550	916	644
384	960	640	578	917	644
448	960	640	609	918	645
512	960	640	644	919	645
576	960	640	682	920	646
640	960	640	723	922	647
704	960	640	765	924	648
768	960	640	810	926	649
832	960	640	855	928	650
896	960	640	903	931	651
960	960	640	951	933	653
1023	960	640	999	936	654
0	1023	640	519	974	650
64	1023	640	521	974	650
128	1023	640	527	974	650
192	1023	640	539	974	650
256	1023	640	555	975	651
320	1023	640	577	975	651
384	1023	640	603	976	651
448	1023	640	633	977	652
512	1023	640	666	978	653
576	1023	640	703	979	653
640	1023	640	742	981	654
704	1023	640	783	983	655
768	1023	640	826	985	656
832	1023	640	871	987	657
896	1023	640	917	989	659
960	1023	640	965	992	660
1023	1023	640	1012	994	662
0	0	704	154	100	649
64	0	704	161	100	649
128	0	704	185	103	649
192	0	704	221	107	649
256	0	704	265	114	649
320	0	704	313	122	650
384	0	704	363	131	650
448	0	704	416	141	651
512	0	704	469	153	651
576	0	704	523	164	652
640	0	704	577	177	653
704	0	704	632	190	654
768	0	704	687	203	655
832	0	704	742	217	656
896	0	704	797	230	658
960	0	704	853	244	659
1023	0	704	907	258	660
0	64	704	156	114	649
64	64	704	163	114	649
128	64	704	187	116	649
192	64	704	223	120	649
256	64	704	266	126	650
320	64	704	314	133	650
384	64	704	364	141	650
448	64	704	416	151	651
512	64	704	469	161	652
576	64	704	523	173	652
640	64	704	577	184	653
704	64	704	632	197	654
768	64	704	687	209	655
832	64	704	742	222	656
896	64	704	797	236	658
960	64	704	853	249	659
1023	64	704	907	263	661
0	128	704	164	152	649
64	128	704	170	153	649
128	128	704	193	154	650
192	128	704	228	157	650
256	128	704	270	161	650
320	128	704	317	167	650
384	128	704	367	173	651
448	128	704	419	181	651
512	128	704	471	189	652
576	128	704	525	199	653
640	128	704	579	209	654
704	128	704	633	219	655
768	128	704	688	231	656
832	128	704	743	242	657
896	128	704	798	254	658
960	128	704	854	267	660
1023	128	704	908	279	661
0	192	704	176	203	650
64	192	704	183	203	650
128	192	704	203	204	650
192	192	704	236	206	651
256	192	704	277	209	651
320	192	704	323	213	651
384	192	704	372	218	652
448	192	704	423	224	652
512	192	704	475	230	653
576	192	704	528	238	654
640	192	704	582	246	654
704	192	704	636	255	655
768	192	704	691	264	656
832	192	704	745	274	658
896	192	704	800	285	659
960	192	704	856	296	660
1023	192	704	910	307	662
0	256	704	193	258	652
64	256	704	199	258	652
128	256	704	218	259	652
192	256	704	249	261	652
256	256	704	288	263	652
320	256	704	332	266	652
384	256	704	379	270	653
448	256	704	429	274	653
512	256	704	481	279	654
576	256	704	533	285	655
640	256	704	586	292	656
704	256	704	640	299	657
768	256	704	694	307	658
832	256	704	749	316	659
896	256	704	803	324	660
960	256	704	858	334	662
1023	256	704	913	344	663
0	320	704	214	315	653
64	320	704	219	316	653
128	320	704	236	316	653
192	320	704	264	317	654
256	320	704	301	319	654
320	320	704	343	322	654
384	320	704	389	325	655
448	320	704	437	328	655
512	320	704	488	332	656
576	320	704	539	337	657
640	320	704	592	343	657
704	320	704	645	349	658
768	320	704	699	355	659
832	320	704	753	362	661
896	320	704	807	370	662
960	320	704	862	378	663
1023	320	704	916	387	665
0	384	704	237	374	655
64	384	704	242	374	655
128	384	704	257	375	656
192	384	704	283	376	656
256	384	704	317	377	656
320	384	704	357	379	656
384	384	704	401	381	657
448	384	704	448	384	657
512	384	704	497	388	658
576	384	704	547	392	659
640	384	704	599	397	660
704	384	704	652	402	660
768	384	704	705	407	662
832	384	704	758	413	663
896	384	704	812	420	664
960	384	704	867	427	665
1023	384	704	920	434	667
0	448	704	262	433	658
64	448	704	266	433	658
128	448	704	280	434	658
192	448	704	303	435	658
256	448	704	335	436	659
320	448	704	373	437	659
384	448	704	415	439	659
448	448	704	460	442	660
512	448	704	508	445	661
576	448	704	557	448	661
640	448	704	608	452	662
704	448	704	659	457	663
768	448	704	712	461	664
832	448	704	765	467	665
896	448	704	818	472	667
960	448	704	872	478	668
1023	448	704	926	485	669
0	512	704	289	493	661
64	512	704	292	493	661
128	512	704	305	493	661
192	512	704	326	494	661
256	512	704	355	495	662
320	512	704	391	496	662
384	512	704	431	498	662
448	512	704	474	500	663
512	512	704	520	503	664
576	512	704	568	506	664
640	512	704	618	509	665
704	512	704	669	513	666
768	512	704	720	517	667
832	512	704	773	522	668
896	512	704	826	527	670
960	512	704	879	532	671
1023	512	704	932	538	672
0	576	704	316	553	665
64	576	704	319	553	665
128	576	704	331	553	665
192	576	704	350	554	665
256	576	704	377	555	665
320	576	704	410	556	666
384	576	704	448	557	666
448	576	704	490	559	667
512	576	704	534	562	667
576	576	704	581	564	668
640	576	704	630	567	669
704	576	704	679	570	670
768	576	704	730	574	671
832	576	704	781	578	672
896	576	704	834	583	673
960	576	704	886	587	675
1023	576	704	939	592	676
0	640	704	344	613	669
64	640	704	347	613	669
128	640	704	358	613	669
192	640	704	375	614	669
256	640	704	400	614	669
320	640	704	431	616	670
384	640	704	467	617	670
448	640	704	507	619	671
512	640	704	550	621	671
576	640	704	595	623	672
640	640	704	642	626	673
704	640	704	691	629	674
768	640	704	741	632	675
832	640	704	791	635	676
896	640	704	843	639	677
960	640	704	895	644	679
1023	640	704	947	648	680
0	704	704	373	673	673
64	704	704	376	673	673
128	704	704	385	673	673
192	704	704	402	674	674
256	704	704	425	674	674
320	704	704	454	675	674
384	704	704	488	677	675
448	704	704	526	678	675
512	704	704	567	680	676
576	704	704	611	682	677
640	704	704	657	684	677
704	704	704	704	687	678
768	704	704	753	690	679
832	704	704	803	693	680
896	704	704	853	697	682
960	704	704	905	701	683
1023	704	704	956	705	684
0	768	704	403	733	678
64	768	704	405	733	678
128	768	704	414	734	679
192	768	704	429	734	679
256	768	704	450	735	679
320	768	704	477	736	679
384	768	704	509	737	680
448	768	704	546	738	680
512	768	704	585	740	681
576	768	704	627	741	682
640	768	704	672	744	682
704	768	704	718	746	683
768	768	704	766	749	684
832	768	704	815	752	685
896	768	704	865	755	687
960	768	704	915	758	688
1023	768	704	966	762	689
0	832	704	432	794	684
64	832	704	435	794	684
128	832	704	442	794	684
192	832	704	456	794	684
256	832	704	476	795	684
320	832	704	502	796	685
384	832	704	532	797	685
448	832	704	567	798	686
512	832	704	605	799	686
576	832	704	645	801	687
640	832	704	688	803	688
704	832	704	733	805	689
768	832	704	780	808	690
832	832	704	828	810	691
896	832	704	877	813	692
960	832	704	927	816	693
1023	832	704	976	820	695
0	896	704	462	854	690
64	896	704	464	854	690
128	896	704	472	854	690
192	896	704	485	855	690
256	896	704	503	855	690
320	896	704	527	856	691
384	896	704	556	857	691
448	896	704	589	858	692
512	896	704	625	859	692
576	896	704	664	861	693
640	896	704	706	863	694
704	896	704	750	865	695
768	896	704	795	867	696
832	896	704	842	869	697
896	896	704	890	872	698
960	896	704	939	875	699
1023	896	704	988	878	701
0	960	704	492	915	696
64	960	704	494	915	696
128	960	704	501	915	696
192	960	704	513	915	697
256	960	704	531	916	697
320	960	704	553	916	697
384	960	704	580	917	698
448	960	704	612	918	698
512	960	704	646	919	699
576	960	704	684	921	699
640	960	704	725	923	700
704	960	704	767	924	701
768	960	704	811	926	702
832	960	704	857	929	703
896	960	704	904	931	704
960	960	704	952	934	706
1023	960	704	1001	937	707
0	1023	704	522	974	703
64	1023	704	524	974	703
128	1023	704	530	974	703
192	1023	704	542	975	703
256	1023	704	558	975	704
320	1023	704	579	976	704
384	1023	704	605	977	704
448	1023	704	635	978	705
512	1023	704	668	979	705
576	1023	704	705	980	706
640	1023	704	744	982	707
704	1023	704	785	983	708
768	1023	704	828	985	709
832	1023	704	873	987	710
896	1023	704	919	990	711
960	1023	704	966	992	712
1023	1023	704	1014	995	714
0	0	768	168	109	708
64	0	768	175	109	708
128	0	768	197	112	708
192	0	768	231	116	708
256	0	768	273	121	708
320	0	768	319	129	709
384	0	768	369	138	709
448	0	768	420	147	710
512	0	768	473	158	710
576	0	768	526	170	711
640	0	768	580	182	712
704	0	768	634	194	712
768	0	768	689	207	713
832	0	768	744	220	715
896	0	768	799	234	716
960	0	768	854	247	717
1023	0	768	909	261	718
0	64	768	170	121	708
64	64	768	177	122	708
128	64	768	198	124	708
192	64	768	232	128	708
256	64	768	274	133	708
320	64	768	320	140	709
384	64	768	369	147	709
448	64	768	421	157	710
512	64	768	473	167	710
576	64	768	526	177	711
640	64	768	580	189	712
704	64	768	635	201	713
768	64	768	689	213	714
832	64	768	744	226	715
896	64	768	799	239	716
960	64	768	855	253	717
1023	64	768	909	266	718
0	128	768	177	158	708
64	128	768	183	158	708
128	128	768	204	160	709
192	128	768	237	163	709
256	128	768	278	166	709
320	128	768	323	172	709
384	128	768	372	178	710
448	128	768	423	185	710
512	128	768	475	194	711
576	128	768	528	203	711
640	128	768	582	213	712
704	128	768	636	223	713
768	128	768	691	234	714
832	128	768	745	246	715
896	128	768	800	258	716
960	128	768	856	270	717
1023	128	768	910	282	719
0	192	768	188	207	709
64	192	768	194	207	709
128	192	768	214	208	709
192	192	768	245	210	709
256	192	768	284	213	710
320	192	768	329	217	710
384	192	768	377	222	710
448	192	768	427	227	711
512	192	768	479	234	711
576	192	768	531	241	712
640	192	768	585	249	713
704	192	768	639	258	714
768	192	768	693	267	715
832	192	768	748	277	716
896	192	768	802	288	717
960	192	768	857	299	718
1023	192	768	912	310	720
0	256	768	204	261	710
64	256	768	210	261	710
128	256	768	228	262	710
192	256	768	257	264	711
256	256	768	294	266	711
320	256	768	338	269	711
384	256	768	384	272	712
448	256	768	433	277	712
512	256	768	484	282	713
576	256	768	536	288	713
640	256	768	589	295	714
704	256	768	643	302	715
768	256	768	696	310	716
832	256	768	751	318	717
896	256	768	805	327	718
960	256	768	860	336	719
1023	256	768	914	346	721
0	320	768	224	318	712
64	320	768	228	318	712
128	320	768	245	319	712
192	320	768	272	320	712
256	320	768	307	322	712
320	320	768	349	324	713
384	320	768	394	327	713
448	320	768	442	331	714
512	320	768	491	335	714
576	320	768	543	340	715
640	320	768	595	345	716
704	320	768	648	351	716
768	320	768	701	357	717
832	320	768	755	365	718
896	320	768	809	372	720
960	320	768	864	380	721
1023	320	768	918	388	722
0	384	768	246	376	714
64	384	768	250	376	714
128	384	768	265	377	714
192	384	768	290	378	714
256	384	768	323	379	714
320	384	768	362	381	715
384	384	768	405	383	715
448	384	768	452	386	715
512	384	768	500	390	716
576	384	768	551	394	717
640	384	768	602	398	717
704	384	768	654	403	718
768	384	768	707	409	719
832	384	768	761	415	720
896	384	768	814	422	722
960	384	768	868	428	723
1023	384	768	922	436	724
0	448	768	270	435	716
64	448	768	274	435	716
128	448	768	287	435	716
192	448	768	310	436	716
256	448	768	341	437	717
320	448	768	378	439	717
384	448	768	419	441	717
448	448	768	464	444	718
512	448	768	511	447	718
576	448	768	560	450	719
640	448	768	611	454	720
704	448	768	662	458	721
768	448	768	714	463	722
832	448	768	767	468	723
896	448	768	820	474	724
960	448	768	874	480	725
1023	448	768	927	486	726
0	512	768	296	494	719
64	512	768	299	494	719
128	512	768	311	495	719
192	512	768	332	495	719
256	512	768	361	496	719
320	512	768	395	498	720
384	512	768	435	500	720
448	512	768	478	502	721
512	512	768	524	504	721
576	512	768	571	507	722
640	512	768	621	511	723
704	512	768	671	514	723
768	512	768	723	519	724
832	512	768	775	523	725
896	512	768	827	528	727
960	512	768	881	533	728
1023	512	768	933	539	729
0	576	768	322	554	722
64	576	768	326	554	722
128	576	768	336	554	722
192	576	768	356	555	722
256	576	768	382	556	723
320	576	768	415	557	723
384	576	768	452	559	723
448	576	768	493	561	724
512	576	768	538	563	724
576	576	768	584	565	725
640	576	768	632	568	726
704	576	768	682	572	727
768	576	768	732	575	728
832	576	768	784	579	729
896	576	768	836	584	730
960	576	768	888	588	731
1023	576	768	940	593	732
0	640	768	350	614	726
64	640	768	353	614	726
128	640	768	363	614	726
192	640	768	380	615	726
256	640	768	405	616	726
320	640	768	436	617	727
384	640	768	471	618	727
448	640	768	511	620	728
512	640	768	553	622	728
576	640	768	598	624	729
640	640	768	645	627	730
704	640	768	693	630	730
768	640	768	743	633	731
832	640	768	794	636	732
896	640	768	845	640	733
960	640	768	897	645	735
1023	640	768	948	649	736
0	704	768	378	674	730
64	704	768	381	674	730
128	704	768	390	674	730
192	704	768	406	675	730
256	704	768	429	675	731
320	704	768	458	676	731
384	704	768	491	678	731
448	704	768	529	679	732
512	704	768	570	681	732
576	704	768	614	683	733
640	704	768	659	685	734
704	704	768	706	688	734
768	704	768	755	691	735
832	704	768	805	694	736
896	704	768	855	698	738
960	704	768	906	702	739
1023	704	768	957	706	740
0	768	768	407	734	735
64	768	768	410	734	735
128	768	768	418	734	735
192	768	768	433	735	735
256	768	768	454	736	735
320	768	768	481	736	735
384	768	768	513	738	736
448	768	768	549	739	736
512	768	768	588	740	737
576	768	768	630	742	737
640	768	768	674	744	738
704	768	768	720	747	739
768	768	768	768	750	740
832	768	768	817	752	741
896	768	768	866	756	742
960	768	768	917	759	743
1023	768	768	967	763	745
0	832	768	437	794	740
64	832	768	439	794	740
128	832	768	446	795	740
192	832	768	460	795	740
256	832	768	480	796	740
320	832	768	505	796	740
384	832	768	536	797	741
448	832	768	570	799	741
512	832	768	607	800	742
576	832	768	648	802	742
640	832	768	691	804	743
704	832	768	736	806	744
768	832	768	782	808	745
832	832	768	830	811	746
896	832	768	879	814	747
960	832	768	928	817	748
1023	832	768	978	821	750
0	896	768	466	855	745
64	896	768	468	855	745
128	896	768	475	855	745
192	896	768	488	855	745
256	896	768	507	856	746
320	896	768	531	857	746
384	896	768	559	858	746
448	896	768	592	859	747
512	896	768	628	860	747
576	896	768	667	862	748
640	896	768	708	863	749
704	896	768	752	865	749
768	896	768	797	868	750
832	896	768	844	870	751
896	896	768	892	873	752
960	896	768	941	876	754
1023	896	768	990	879	755
0	960	768	496	915	751
64	960	768	498	915	751
128	960	768	505	915	751
192	960	768	517	916	751
256	960	768	534	916	751
320	960	768	556	917	752
384	960	768	583	918	752
448	960	768	614	919	753
512	960	768	649	920	753
576	960	768	687	922	754
640	960	768	727	923	754
704	960	768	769	925	755
768	960	768	813	927	756
832	960	768	859	929	757
896	960	768	906	932	758
960	960	768	954	935	759
1023	960	768	1002	937	761
0	1023	768	526	975	757
64	1023	768	528	975	757
128	1023	768	534	975	757
192	1023	768	545	975	757
256	1023	768	561	976	758
320	1023	768	582	976	758
384	1023	768	608	977	758
448	1023	768	638	978	759
512	1023	768	671	979	759
576	1023	768	707	981	760
640	1023	768	746	982	761
704	1023	768	787	984	761
768	1023	768	830	986	762
832	1023	768	875	988	763
896	1023	768	921	990	764
960	1023	768	968	993	766
1023	1023	768	1015	995	767
0	0	832	182	118	767
64	0	832	188	118	767
128	0	832	208	120	767
192	0	832	240	124	767
256	0	832	281	129	767
320	0	832	326	136	768
384	0	832	374	145	768
448	0	832	425	154	768
512	0	832	477	164	769
576	0	832	530	175	770
640	0	832	583	187	770
704	0	832	637	199	771
768	0	832	692	211	772
832	0	832	746	224	773
896	0	832	801	238	774
960	0	832	856	251	775
1023	0	832	911	264	776
0	64	832	184	129	767
64	64	832	190	130	767
128	64	832	210	132	767
192	64	832	242	135	767
256	64	832	282	140	767
320	64	832	327	146	768
384	64	832	375	154	768
448	64	832	426	163	769
512	64	832	477	172	769
576	64	832	530	183	770
640	64	832	584	194	770
704	64	832	638	205	771
768	64	832	692	217	772
832	64	832	747	230	773
896	64	832	802	243	774
960	64	832	857	256	775
1023	64	832	911	269	776
0	128	832	190	164	767
64	128	832	196	164	767
128	128	832	215	166	767
192	128	832	246	168	768
256	128	832	285	172	768
320	128	832	330	177	768
384	128	832	378	183	768
448	128	832	428	190	769
512	128	832	479	198	769
576	128	832	532	207	770
640	128	832	585	217	771
704	128	832	639	227	772
768	128	832	693	238	772
832	128	832	748	249	773
896	128	832	803	261	774
960	128	832	858	273	776
1023	128	832	912	285	777
0	192	832	201	211	768
64	192	832	206	211	768
128	192	832	224	212	768
192	192	832	254	214	768
256	192	832	292	217	768
320	192	832	336	221	769
384	192	832	383	226	769
448	192	832	432	231	770
512	192	832	483	238	770
576	192	832	535	245	771
640	192	832	588	253	771
704	192	832	642	261	772
768	192	832	696	271	773
832	192	832	750	280	774
896	192	832	805	291	775
960	192	832	860	301	776
1023	192	832	914	312	778
0	256	832	215	264	769
64	256	832	220	265	769
128	256	832	238	265	769
192	256	832	266	267	769
256	256	832	302	269	770
320	256	832	344	272	770
384	256	832	390	276	770
448	256	832	438	280	771
512	256	832	488	285	771
576	256	832	540	291	772
640	256	832	592	297	772
704	256	832	645	305	773
768	256	832	699	312	774
832	256	832	753	321	775
896	256	832	808	329	776
960	256	832	862	339	777
1023	256	832	916	348	779
0	320	832	234	320	770
64	320	832	238	321	770
128	320	832	254	321	771
192	320	832	280	322	771
256	320	832	314	324	771
320	320	832	355	326	771
384	320	832	399	329	772
448	320	832	446	333	772
512	320	832	496	337	773
576	320	832	546	342	773
640	320	832	598	347	774
704	320	832	651	353	775
768	320	832	704	360	776
832	320	832	757	367	776
896	320	832	812	374	778
960	320	832	866	382	779
1023	320	832	920	390	780
0	384	832	255	378	772
64	384	832	259	378	772
128	384	832	273	379	772
192	384	832	297	380	772
256	384	832	330	381	773
320	384	832	368	383	773
384	384	832	410	385	773
448	384	832	456	388	774
512	384	832	504	392	774
576	384	832	554	396	775
640	384	832	605	400	776
704	384	832	657	405	776
768	384	832	710	411	777
832	384	832	763	417	778
896	384	832	817	423	779
960	384	832	871	430	780
1023	384	832	924	437	782
0	448	832	278	437	774
64	448	832	282	437	774
128	448	832	295	437	774
192	448	832	317	438	775
256	448	832	347	439	775
320	448	832	383	441	775
384	448	832	424	443	775
448	448	832	468	445	776
512	448	832	515	448	776
576	448	832	564	452	777
640	448	832	614	456	778
704	448	832	665	460	779
768	448	832	717	465	779
832	448	832	769	470	780
896	448	832	823	475	781
960	448	832	876	481	783
1023	448	832	929	488	784
0	512	832	303	496	777
64	512	832	306	496	777
128	512	832	318	496	777
192	512	832	338	497	777
256	512	832	366	498	777
320	512	832	401	499	778
384	512	832	439	501	778
448	512	832	482	503	778
512	512	832	527	506	779
576	512	832	575	509	780
640	512	832	624	512	780
704	512	832	674	516	781
768	512	832	725	520	782
832	512	832	777	525	783
896	512	832	830	529	784
960	512	832	883	535	785
1023	512	832	935	540	786
0	576	832	329	555	780
64	576	832	332	555	780
128	576	832	343	556	780
192	576	832	361	556	780
256	576	832	387	557	780
320	576	832	420	558	781
384	576	832	457	560	781
448	576	832	498	562	781
512	576	832	541	564	782
576	576	832	587	567	783
640	576	832	635	570	783
704	576	832	684	573	784
768	576	832	735	577	785
832	576	832	786	581	786
896	576	832	838	585	787
960	576	832	890	590	788
1023	576	832	942	595	789
0	640	832	356	615	783
64	640	832	359	615	783
128	640	832	369	615	783
192	640	832	386	616	784
256	640	832	410	617	784
320	640	832	440	618	784
384	640	832	475	619	784
448	640	832	514	621	785
512	640	832	557	623	785
576	640	832	601	625	786
640	640	832	648	628	787
704	640	832	696	631	787
768	640	832	745	634	788
832	640	832	796	638	789
896	640	832	847	641	790
960	640	832	899	646	791
1023	640	832	950	650	793
0	704	832	384	675	787
64	704	832	386	675	787
128	704	832	395	675	787
192	704	832	411	676	787
256	704	832	434	676	787
320	704	832	462	677	788
384	704	832	495	679	788
448	704	832	533	680	789
512	704	832	573	682	789
576	704	832	617	684	790
640	704	832	662	686	790
704	704	832	709	689	791
768	704	832	757	692	792
832	704	832	807	695	793
896	704	832	857	699	794
960	704	832	908	703	795
1023	704	832	959	707	796
0	768	832	412	735	791
64	768	832	415	735	791
128	768	832	423	735	791
192	768	832	438	736	791
256	768	832	459	736	792
320	768	832	485	737	792
384	768	832	517	738	792
448	768	832	552	740	793
512	768	832	591	741	793
576	768	832	633	743	794
640	768	832	677	745	794
704	768	832	723	748	795
768	768	832	770	750	796
832	768	832	819	753	797
896	768	832	868	757	798
960	768	832	919	760	799
1023	768	832	969	764	800
0	832	832	441	795	796
64	832	832	443	795	796
128	832	832	451	796	796
192	832	832	465	796	796
256	832	832	484	797	796
320	832	832	509	797	797
384	832	832	539	798	797
448	832	832	573	800	797
512	832	832	611	801	798
576	832	832	651	803	798
640	832	832	694	805	799
704	832	832	738	807	800
768	832	832	784	809	801
832	832	832	832	812	802
896	832	832	881	815	803
960	832	832	930	818	804
1023	832	832	980	821	805
0	896	832	471	856	801
64	896	832	473	856	801
128	896	832	480	856	801
192	896	832	492	856	801
256	896	832	511	857	801
320	896	832	534	857	802
384	896	832	562	858	802
448	896	832	595	860	802
512	896	832	631	861	803
576	896	832	670	862	803
640	896	832	711	864	804
704	896	832	754	866	805
768	896	832	800	868	806
832	896	832	846	871	807
896	896	832	894	874	808
960	896	832	943	877	809
1023	896	832	991	880	810
0	960	832	500	916	806
64	960	832	502	916	806
128	960	832	509	916	806
192	960	832	520	917	806
256	960	832	538	917	807
320	960	832	560	918	807
384	960	832	587	919	807
448	960	832	618	920	808
512	960	832	652	921	808
576	960	832	689	922	809
640	960	832	729	924	809
704	960	832	772	926	810
768	960	832	816	928	811
832	960	832	861	930	812
896	960	832	908	933	813
960	960	832	956	935	814
1023	960	832	1004	938	815
0	1023	832	529	975	812
64	1023	832	531	975	812
128	1023	832	537	976	812
192	1023	832	549	976	812
256	1023	832	565	976	812
320	1023	832	586	977	813
384	1023	832	611	978	813
448	1023	832	641	979	813
512	1023	832	674	980	814
576	1023	832	710	981	814
640	1023	832	748	983	815
704	1023	832	789	985	816
768	1023	832	832	986	817
832	1023	832	877	989	818
896	1023	832	923	991	819
960	1023	832	970	993	820
1023	1023	832	1017	996	821
0	0	896	196	127	826
64	0	896	202	127	826
128	0	896	220	129	826
192	0	896	251	133	826
256	0	896	289	138	826
320	0	896	333	144	827
384	0	896	380	152	827
448	0	896	430	160	827
512	0	896	481	170	828
576	0	896	534	181	828
640	0	896	587	192	829
704	0	896	641	204	830
768	0	896	695	216	830
832	0	896	749	229	831
896	0	896	804	242	832
960	0	896	859	255	833
1023	0	896	913	268	835
0	64	896	198	138	826
64	64	896	203	138	826
128	64	896	222	140	826
192	64	896	252	143	826
256	64	896	290	148	826
320	64	896	334	153	827
384	64	896	381	161	827
448	64	896	431	169	827
512	64	896	482	178	828
576	64	896	534	188	828
640	64	896	587	199	829
704	64	896	641	210	830
768	64	896	695	222	831
832	64	896	749	234	831
896	64	896	804	247	832
960	64	896	859	260	834
1023	64	896	913	273	835
0	128	896	203	170	826
64	128	896	209	170	826
128	128	896	227	172	826
192	128	896	256	174	827
256	128	896	294	178	827
320	128	896	337	183	827
384	128	896	384	189	827
448	128	896	433	195	828
512	128	896	484	203	828
576	128	896	536	212	829
640	128	896	589	221	829
704	128	896	642	231	830
768	128	896	696	242	831
832	128	896	751	253	832
896	128	896	805	264	833
960	128	896	860	276	834
1023	128	896	914	288	835
0	192	896	213	216	827
64	192	896	218	216	827
128	192	896	235	217	827
192	192	896	264	219	827
256	192	896	300	222	827
320	192	896	343	225	828
384	192	896	389	230	828
448	192	896	437	235	828
512	192	896	487	242	829
576	192	896	539	249	829
640	192	896	592	257	830
704	192	896	645	265	831
768	192	896	699	274	832
832	192	896	753	284	832
896	192	896	807	294	833
960	192	896	862	304	834
1023	192	896	916	315	836
0	256	896	227	268	828
64	256	896	232	268	828
128	256	896	248	269	828
192	256	896	275	270	828
256	256	896	310	272	828
320	256	896	351	275	829
384	256	896	395	279	829
448	256	896	443	283	829
512	256	896	493	288	830
576	256	896	544	294	830
640	256	896	596	301	831
704	256	896	649	308	832
768	256	896	702	315	832
832	256	896	756	323	833
896	256	896	810	332	834
960	256	896	865	341	835
1023	256	896	918	351	837
0	320	896	244	323	829
64	320	896	249	323	829
128	320	896	264	324	829
192	320	896	289	325	829
256	320	896	322	327	830
320	320	896	361	329	830
384	320	896	405	332	830
448	320	896	451	336	831
512	320	896	500	340	831
576	320	896	550	345	832
640	320	896	602	350	832
704	320	896	654	356	833
768	320	896	707	362	834
832	320	896	760	369	835
896	320	896	814	377	836
960	320	896	868	384	837
1023	320	896	922	393	838
0	384	896	264	380	831
64	384	896	268	380	831
128	384	896	282	381	831
192	384	896	305	382	831
256	384	896	337	383	831
320	384	896	374	385	831
384	384	896	416	388	832
448	384	896	461	391	832
512	384	896	509	394	833
576	384	896	558	398	833
640	384	896	609	403	834
704	384	896	660	408	835
768	384	896	713	413	835
832	384	896	766	419	836
896	384	896	819	425	837
960	384	896	873	432	838
1023	384	896	926	439	839
0	448	896	287	439	833
64	448	896	290	439	833
128	448	896	303	439	833
192	448	896	324	440	833
256	448	896	354	441	833
320	448	896	389	443	833
384	448	896	429	445	834
448	448	896	473	447	834
512	448	896	519	450	835
576	448	896	567	454	835
640	448	896	617	457	836
704	448	896	668	462	837
768	448	896	720	466	837
832	448	896	772	472	838
896	448	896	825	477	839
960	448	896	878	483	840
1023	448	896	931	489	841
0	512	896	311	497	835
64	512	896	314	497	835
128	512	896	325	498	835
192	512	896	345	499	835
256	512	896	373	500	835
320	512	896	406	501	836
384	512	896	445	503	836
448	512	896	487	505	836
512	512	896	531	507	837
576	512	896	578	510	838
640	512	896	627	514	838
704	512	896	677	517	839
768	512	896	728	522	840
832	512	896	780	526	841
896	512	896	832	531	842
960	512	896	885	536	843
1023	512	896	937	542	844
0	576	896	336	557	838
64	576	896	339	557	838
128	576	896	350	557	838
192	576	896	368	558	838
256	576	896	393	559	838
320	576	896	425	560	838
384	576	896	461	561	839
448	576	896	502	563	839
512	576	896	545	566	840
576	576	896	591	568	840
640	576	896	638	571	841
704	576	896	687	574	842
768	576	896	737	578	842
832	576	896	788	582	843
896	576	896	840	586	844
960	576	896	892	591	845
1023	576	896	944	596	846
0	640	896	363	616	841
64	640	896	365	616	841
128	640	896	375	617	841
192	640	896	392	617	841
256	640	896	416	618	841
320	640	896	445	619	842
384	640	896	480	620	842
448	640	896	519	622	842
512	640	896	560	624	843
576	640	896	605	626	843
640	640	896	651	629	844
704	640	896	699	632	845
768	640	896	748	635	845
832	640	896	798	639	846
896	640	896	849	643	847
960	640	896	901	647	848
1023	640	896	952	651	849
0	704	896	390	676	844
64	704	896	392	676	844
128	704	896	401	676	844
192	704	896	417	677	845
256	704	896	439	678	845
320	704	896	467	679	845
384	704	896	500	680	845
448	704	896	537	681	846
512	704	896	577	683	846
576	704	896	620	685	847
640	704	896	665	688	847
704	704	896	712	690	848
768	704	896	760	693	849
832	704	896	809	696	850
896	704	896	859	700	851
960	704	896	910	704	852
1023	704	896	961	708	853
0	768	896	418	736	848
64	768	896	420	736	848
128	768	896	428	736	848
192	768	896	443	737	848
256	768	896	463	738	849
320	768	896	490	738	849
384	768	896	521	739	849
448	768	896	556	741	850
512	768	896	595	742	850
576	768	896	636	744	851
640	768	896	680	746	851
704	768	896	726	749	852
768	768	896	773	751	853
832	768	896	821	754	854
896	768	896	871	758	855
960	768	896	921	761	856
1023	768	896	971	765	857
0	832	896	446	796	852
64	832	896	448	796	852
128	832	896	456	797	853
192	832	896	469	797	853
256	832	896	489	798	853
320	832	896	514	798	853
384	832	896	543	799	853
448	832	896	577	801	854
512	832	896	614	802	854
576	832	896	654	804	855
640	832	896	697	806	855
704	832	896	741	808	856
768	832	896	787	810	857
832	832	896	834	813	858
896	832	896	883	816	859
960	832	896	932	819	860
1023	832	896	982	822	861
0	896	896	475	856	857
64	896	896	477	857	857
128	896	896	484	857	857
192	896	896	497	857	857
256	896	896	515	858	857
320	896	896	538	858	858
384	896	896	566	859	858
448	896	896	598	860	858
512	896	896	634	862	859
576	896	896	673	863	859
640	896	896	714	865	860
704	896	896	757	867	861
768	896	896	802	869	861
832	896	896	848	872	862
896	896	896	896	874	863
960	896	896	945	877	864
1023	896	896	993	880	865
0	960	896	504	917	862
64	960	896	506	917	862
128	960	896	513	917	862
192	960	896	525	917	862
256	960	896	542	918	862
320	960	896	564	919	863
384	960	896	590	919	863
448	960	896	621	920	863
512	960	896	655	922	864
576	960	896	692	923	864
640	960	896	732	925	865
704	960	896	774	927	866
768	960	896	818	929	866
832	960	896	863	931	867
896	960	896	910	933	868
960	960	896	958	936	869
1023	960	896	1006	939	870
0	1023	896	534	976	867
64	1023	896	535	976	867
128	1023	896	541	976	867
192	1023	896	552	977	867
256	1023	896	568	977	868
320	1023	896	589	978	868
384	1023	896	615	979	868
448	1023	896	644	980	869
512	1023	896	677	981	869
576	1023	896	713	982	870
640	1023	896	751	984	870
704	1023	896	792	985	871
768	1023	896	835	987	872
832	1023	896	879	989	873
896	1023	896	925	992	873
960	1023	896	972	994	874
1023	1023	896	1019	997	875
0	0	960	210	136	885
64	0	960	215	136	885
128	0	960	233	138	885
192	0	960	261	141	885
256	0	960	298	146	885
320	0	960	341	152	885
384	0	960	387	159	886
448	0	960	436	167	886
512	0	960	486	177	887
576	0	960	538	187	887
640	0	960	591	198	888
704	0	960	644	209	888
768	0	960	698	221	889
832	0	960	752	233	890
896	0	960	807	246	891
960	0	960	861	259	892
1023	0	960	915	272	893
0	64	960	211	146	885
64	64	960	217	146	885
128	64	960	234	148	885
192	64	960	262	151	885
256	64	960	299	155	885
320	64	960	342	161	886
384	64	960	388	168	886
448	64	960	436	175	886
512	64	960	487	184	887
576	64	960	539	194	887
640	64	960	591	204	888
704	64	960	644	215	888
768	64	960	698	227	889
832	64	960	752	239	890
896	64	960	807	251	891
960	64	960	862	264	892
1023	64	960	916	276	893
0	128	960	217	177	885
64	128	960	222	177	885
128	128	960	239	178	885
192	128	960	266	181	885
256	128	960	303	184	886
320	128	960	345	189	886
384	128	960	390	194	886
448	128	960	439	201	887
512	128	960	489	208	887
576	128	960	540	217	888
640	128	960	593	226	888
704	128	960	646	236	889
768	128	960	699	246	890
832	128	960	753	257	890
896	128	960	808	268	891
960	128	960	863	280	892
1023	128	960	916	292	893
0	192	960	226	221	886
64	192	960	231	221	886
128	192	960	247	222	886
192	192	960	274	224	886
256	192	960	309	226	886
320	192	960	350	230	886
384	192	960	395	235	887
448	192	960	443	240	887
512	192	960	492	246	888
576	192	960	543	253	888
640	192	960	596	261	889
704	192	960	648	269	889
768	192	960	702	278	890
832	192	960	756	287	891
896	192	960	810	297	892
960	192	960	864	308	893
1023	192	960	918	318	894
0	256	960	239	272	887
64	256	960	243	272	887
128	256	960	259	273	887
192	256	960	284	274	887
256	256	960	318	276	887
320	256	960	358	279	887
384	256	960	402	283	888
448	256	960	449	287	888
512	256	960	498	292	888
576	256	960	548	298	889
640	256	960	600	304	890
704	256	960	652	311	890
768	256	960	705	318	891
832	256	960	759	326	892
896	256	960	813	335	893
960	256	960	867	344	894
1023	256	960	921	353	895
0	320	960	255	326	888
64	320	960	259	326	888
128	320	960	274	327	888
192	320	960	298	328	888
256	320	960	330	330	888
320	320	960	368	332	888
384	320	960	411	335	889
448	320	960	457	339	889
512	320	960	505	343	890
576	320	960	554	347	890
640	320	960	605	353	891
704	320	960	657	358	891
768	320	960	710	365	892
832	320	960	763	372	893
896	320	960	817	379	894
960	320	960	871	387	895
1023	320	960	924	395	896
0	384	960	274	383	889
64	384	960	278	383	889
128	384	960	291	384	889
192	384	960	314	384	890
256	384	960	344	386	890
320	384	960	381	388	890
384	384	960	422	390	890
448	384	960	466	393	891
512	384	960	513	397	891
576	384	960	562	400	892
640	384	960	612	405	892
704	384	960	664	410	893
768	384	960	716	415	894
832	384	960	768	421	894
896	384	960	822	428	895
960	384	960	875	434	896
1023	384	960	928	442	897
0	448	960	296	441	891
64	448	960	299	441	891
128	448	960	311	441	891
192	448	960	332	442	891
256	448	960	361	443	892
320	448	960	395	445	892
384	448	960	435	447	892
448	448	960	478	449	892
512	448	960	524	452	893
576	448	960	572	456	893
640	448	960	621	459	894
704	448	960	671	464	895
768	448	960	723	468	895
832	448	960	775	474	896
896	448	960	828	479	897
960	448	960	881	485	898
1023	448	960	933	491	899
0	512	960	319	499	893
64	512	960	322	499	893
128	512	960	333	500	893
192	512	960	353	500	894
256	512	960	379	501	894
320	512	960	412	503	894
384	512	960	450	505	894
448	512	960	491	507	895
512	512	960	536	509	895
576	512	960	582	512	896
640	512	960	631	516	896
704	512	960	680	519	897
768	512	960	731	523	898
832	512	960	782	528	898
896	512	960	835	533	899
960	512	960	887	538	900
1023	512	960	940	543	901
0	576	960	344	558	896
64	576	960	347	558	896
128	576	960	357	559	896
192	576	960	375	559	896
256	576	960	400	560	896
320	576	960	431	561	896
384	576	960	467	563	897
448	576	960	507	565	897
512	576	960	550	567	898
576	576	960	595	570	898
640	576	960	642	573	899
704	576	960	691	576	899
768	576	960	740	579	900
832	576	960	791	583	901
896	576	960	843	588	902
960	576	960	895	592	903
1023	576	960	947	597	904
0	640	960	369	618	899
64	640	960	372	618	899
128	640	960	381	618	899
192	640	960	398	619	899
256	640	960	421	619	899
320	640	960	451	620	899
384	640	960	485	622	900
448	640	960	523	624	900
512	640	960	565	626	900
576	640	960	609	628	901
640	640	960	655	630	902
704	640	960	702	633	902
768	640	960	751	637	903
832	640	960	801	640	904
896	640	960	852	644	905
960	640	960	903	648	906
1023	640	960	955	653	907
0	704	960	396	677	902
64	704	960	399	677	902
128	704	960	407	678	902
192	704	960	423	678	902
256	704	960	444	679	902
320	704	960	472	680	903
384	704	960	505	681	903
448	704	960	541	683	903
512	704	960	581	684	904
576	704	960	624	686	904
640	704	960	668	689	905
704	704	960	715	691	905
768	704	960	763	694	906
832	704	960	812	698	907
896	704	960	862	701	908
960	704	960	913	705	909
1023	704	960	963	709	910
0	768	960	424	737	905
64	768	960	426	737	905
128	768	960	434	738	906
192	768	960	448	738	906
256	768	960	469	739	906
320	768	960	495	740	906
384	768	960	525	741	906
448	768	960	560	742	907
512	768	960	599	744	907
576	768	960	640	745	908
640	768	960	684	748	908
704	768	960	729	750	909
768	768	960	776	753	910
832	768	960	824	756	910
896	768	960	873	759	911
960	768	960	923	762	912
1023	768	960	973	766	913
0	832	960	452	797	909
64	832	960	454	797	909
128	832	960	461	798	909
192	832	960	474	798	910
256	832	960	494	799	910
320	832	960	518	799	910
384	832	960	547	800	910
448	832	960	581	802	911
512	832	960	618	803	911
576	832	960	657	805	912
640	832	960	700	807	912
704	832	960	744	809	913
768	832	960	790	811	914
832	832	960	837	814	914
896	832	960	885	817	915
960	832	960	935	820	916
1023	832	960	984	823	917
0	896	960	480	857	914
64	896	960	482	857	914
128	896	960	489	858	914
192	896	960	501	858	914
256	896	960	519	859	914
320	896	960	543	859	914
384	896	960	570	860	915
448	896	960	602	861	915
512	896	960	638	863	915
576	896	960	676	864	916
640	896	960	717	866	916
704	896	960	760	868	917
768	896	960	805	870	918
832	896	960	851	873	919
896	896	960	898	875	919
960	896	960	947	878	920
1023	896	960	995	881	921
0	960	960	509	918	918
64	960	960	511	918	918
128	960	960	517	918	918
192	960	960	529	918	918
256	960	960	546	919	919
320	960	960	568	919	919
384	960	960	594	920	919
448	960	960	625	921	919
512	960	960	659	923	920
576	960	960	696	924	920
640	960	960	735	926	921
704	960	960	777	927	922
768	960	960	821	930	922
832	960	960	866	932	923
896	960	960	912	934	924
960	960	960	960	937	925
1023	960	960	1008	940	926
0	1023	960	538	977	923
64	1023	960	540	977	923
128	1023	960	546	977	923
192	1023	960	557	978	923
256	1023	960	572	978	923
320	1023	960	593	979	924
384	1023	960	618	979	924
448	1023	960	647	980	924
512	1023	960	680	982	925
576	1023	960	716	983	925
640	1023	960	754	984	926
704	1023	960	795	986	926
768	1023	960	837	988	927
832	1023	960	881	990	928
896	1023	960	927	992	929
960	1023	960	974	995	930
1023	1023	960	1021	998	931
0	0	1023	224	145	943
64	0	1023	229	145	943
128	0	1023	245	147	943
192	0	1023	272	150	943
256	0	1023	307	154	943
320	0	1023	349	160	943
384	0	1023	394	167	944
448	0	1023	442	174	944
512	0	1023	492	183	945
576	0	1023	543	193	945
640	0	1023	595	203	946
704	0	1023	648	214	946
768	0	1023	701	226	947
832	0	1023	755	238	948
896	0	1023	809	250	948
960	0	1023	864	263	949
1023	0	1023	918	276	950
0	64	1023	225	154	943
64	64	1023	230	154	943
128	64	1023	246	156	943
192	64	1023	273	159	943
256	64	1023	308	163	943
320	64	1023	349	168	944
384	64	1023	395	175	944
448	64	1023	442	182	944
512	64	1023	492	190	945
576	64	1023	543	200	945
640	64	1023	595	210	946
704	64	1023	648	220	946
768	64	1023	702	232	947
832	64	1023	755	243	948
896	64	1023	810	255	949
960	64	1023	864	268	949
1023	64	1023	918	280	950
0	128	1023	230	183	943
64	128	1023	235	184	943
128	128	1023	251	185	943
192	128	1023	277	187	943
256	128	1023	312	190	944
320	128	1023	352	195	944
384	128	1023	397	200	944
448	128	1023	444	207	944
512	128	1023	494	214	945
576	128	1023	545	222	945
640	128	1023	597	231	946
704	128	1023	650	240	947
768	128	1023	703	251	947
832	128	1023	757	261	948
896	128	1023	811	272	949
960	128	1023	865	284	950
1023	128	1023	919	296	951
0	192	1023	239	226	944
64	192	1023	243	226	944
128	192	1023	258	227	944
192	192	1023	284	229	944
256	192	1023	318	231	944
320	192	1023	358	235	944
384	192	1023	402	239	945
448	192	1023	448	244	945
512	192	1023	497	250	945
576	192	1023	548	257	946
640	192	1023	600	265	946
704	192	1023	652	273	947
768	192	1023	705	282	948
832	192	1023	759	291	949
896	192	1023	813	301	949
960	192	1023	867	311	950
1023	192	1023	921	322	951
0	256	1023	251	276	945
64	256	1023	255	276	945
128	256	1023	270	277	945
192	256	1023	294	278	945
256	256	1023	327	280	945
320	256	1023	365	283	945
384	256	1023	408	286	945
448	256	1023	454	291	946
512	256	1023	503	296	946
576	256	1023	553	301	947
640	256	1023	604	307	947
704	256	1023	656	314	948
768	256	1023	709	322	949
832	256	1023	762	330	949
896	256	1023	816	338	950
960	256	1023	870	347	951
1023	256	1023	923	356	952
0	320	1023	266	329	946
64	320	1023	270	330	946
128	320	1023	284	330	946
192	320	1023	307	331	946
256	320	1023	338	333	946
320	320	1023	375	335	946
384	320	1023	417	338	947
448	320	1023	462	342	947
512	320	1023	510	346	947
576	320	1023	559	350	948
640	320	1023	609	356	948
704	320	1023	661	361	949
768	320	1023	713	368	950
832	320	1023	766	374	950
896	320	1023	819	382	951
960	320	1023	873	390	952
1023	320	1023	926	398	953
0	384	1023	285	386	947
64	384	1023	288	386	947
128	384	1023	301	386	947
192	384	1023	322	387	947
256	384	1023	352	389	947
320	384	1023	388	390	948
384	384	1023	428	393	948
448	384	1023	472	396	948
512	384	1023	518	399	949
576	384	1023	567	403	949
640	384	1023	616	407	950
704	384	1023	667	412	950
768	384	1023	719	418	951
832	384	1023	771	424	952
896	384	1023	824	430	953
960	384	1023	878	437	954
1023	384	1023	931	444	954
0	448	1023	305	443	949
64	448	1023	308	443	949
128	448	1023	320	443	949
192	448	1023	340	444	949
256	448	1023	368	445	949
320	448	1023	402	447	949
384	448	1023	441	449	950
448	448	1023	483	452	950
512	448	1023	529	454	950
576	448	1023	576	458	951
640	448	1023	625	462	951
704	448	1023	675	466	952
768	448	1023	726	471	953
832	448	1023	778	476	953
896	448	1023	830	481	954
960	448	1023	883	487	955
1023	448	1023	936	493	956
0	512	1023	328	501	951
64	512	1023	331	501	951
128	512	1023	341	502	951
192	512	1023	360	502	951
256	512	1023	386	503	951
320	512	1023	419	505	951
384	512	1023	456	506	952
448	512	1023	497	509	952
512	512	1023	540	511	952
576	512	1023	587	514	953
640	512	1023	635	517	953
704	512	1023	684	521	954
768	512	1023	734	525	955
832	512	1023	785	530	955
896	512	1023	837	534	956
960	512	1023	890	540	957
1023	512	1023	942	545	958
0	576	1023	351	560	953
64	576	1023	354	560	953
128	576	1023	364	560	953
192	576	1023	382	561	953
256	576	1023	406	562	953
320	576	1023	437	563	954
384	576	1023	472	565	954
448	576	1023	512	567	954
512	576	1023	554	569	955
576	576	1023	599	571	955
640	576	1023	646	574	956
704	576	1023	694	577	956
768	576	1023	744	581	957
832	576	1023	794	585	958
896	576	1023	845	589	959
960	576	1023	897	594	960
1023	576	1023	949	599	960
0	640	1023	377	619	956
64	640	1023	379	619	956
128	640	1023	388	620	956
192	640	1023	405	620	956
256	640	1023	428	621	956
320	640	1023	456	622	956
384	640	1023	490	623	957
448	640	1023	528	625	957
512	640	1023	569	627	957
576	640	1023	613	629	958
640	640	1023	658	632	958
704	640	1023	706	635	959
768	640	1023	754	638	960
832	640	1023	804	642	960
896	640	1023	854	645	961
960	640	1023	906	650	962
1023	640	1023	957	654	963
0	704	1023	403	679	959
64	704	1023	405	679	959
128	704	1023	414	679	959
192	704	1023	429	680	959
256	704	1023	450	680	959
320	704	1023	477	681	959
384	704	1023	510	682	960
448	704	1023	546	684	960
512	704	1023	585	686	960
576	704	1023	628	688	961
640	704	1023	672	690	961
704	704	1023	718	693	962
768	704	1023	766	696	963
832	704	1023	815	699	963
896	704	1023	865	702	964
960	704	1023	915	706	965
1023	704	1023	966	710	966
0	768	1023	430	738	962
64	768	1023	432	739	962
128	768	1023	440	739	962
192	768	1023	454	739	962
256	768	1023	474	740	962
320	768	1023	500	741	963
384	768	1023	530	742	963
448	768	1023	565	743	963
512	768	1023	603	745	964
576	768	1023	644	747	964
640	768	1023	687	749	965
704	768	1023	732	751	965
768	768	1023	779	754	966
832	768	1023	827	757	967
896	768	1023	876	760	967
960	768	1023	926	763	968
1023	768	1023	975	767	969
0	832	1023	457	798	966
64	832	1023	459	798	966
128	832	1023	467	799	966
192	832	1023	480	799	966
256	832	1023	499	800	966
320	832	1023	523	800	966
384	832	1023	552	801	967
448	832	1023	585	803	967
512	832	1023	622	804	967
576	832	1023	661	806	968
640	832	1023	703	808	968
704	832	1023	747	810	969
768	832	1023	793	812	970
832	832	1023	840	815	970
896	832	1023	888	818	971
960	832	1023	937	821	972
1023	832	1023	986	824	973
0	896	1023	485	858	970
64	896	1023	487	858	970
128	896	1023	494	859	970
192	896	1023	506	859	970
256	896	1023	524	860	970
320	896	1023	547	860	970
384	896	1023	575	861	970
448	896	1023	606	862	971
512	896	1023	641	864	971
576	896	1023	680	865	972
640	896	1023	720	867	972
704	896	1023	763	869	973
768	896	1023	808	871	973
832	896	1023	854	874	974
896	896	1023	901	876	975
960	896	1023	949	879	976
1023	896	1023	998	882	977
0	960	1023	514	919	974
64	960	1023	516	919	974
128	960	1023	522	919	974
192	960	1023	534	919	974
256	960	1023	550	920	974
320	960	1023	572	920	975
384	960	1023	598	921	975
448	960	1023	628	922	975
512	960	1023	662	923	976
576	960	1023	699	925	976
640	960	1023	738	927	976
704	960	1023	780	928	977
768	960	1023	823	930	978
832	960	1023	868	933	978
896	960	1023	915	935	979
960	960	1023	962	938	980
1023	960	1023	1010	941	981
0	1023	1023	543	978	979
64	1023	1023	544	978	979
128	1023	1023	550	978	979
192	1023	1023	561	978	979
256	1023	1023	577	979	979
320	1023	1023	597	979	979
384	1023	1023	622	980	979
448	1023	1023	651	981	980
512	1023	1023	684	982	980
576	1023	1023	719	984	981
640	1023	1023	757	985	981
704	1023	1023	798	987	982
768	1023	1023	840	989	982
832	1023	1023	884	991	983
896	1023	1023	929	993	984
960	1023	1023	976	996	985
1023	1023	1023	1023	998	986
