0	0	0	0	0	0
64	0	0	57	0	0
128	0	0	119	0	0
192	0	0	178	0	0
256	0	0	238	23	0
320	0	0	297	23	0
384	0	0	357	23	0
448	0	0	417	32	0
512	0	0	474	32	0
576	0	0	531	32	0
640	0	0	591	38	0
704	0	0	646	44	0
768	0	0	703	48	0
832	0	0	761	53	0
896	0	0	820	57	0
960	0	0	878	60	0
1023	0	0	934	66	0
0	64	0	0	60	0
64	64	0	57	60	0
128	64	0	119	66	0
192	64	0	178	66	0
256	64	0	238	63	0
320	64	0	297	63	0
384	64	0	357	66	0
448	64	0	417	66	0
512	64	0	473	66	0
576	64	0	531	69	0
640	64	0	590	72	0
704	64	0	646	72	0
768	64	0	702	75	0
832	64	0	761	77	0
896	64	0	820	80	0
960	64	0	878	85	0
1023	64	0	934	87	0
0	128	0	0	126	0
64	128	0	57	126	0
128	128	0	119	126	0
192	128	0	178	126	0
256	128	0	237	126	0
320	128	0	297	126	0
384	128	0	357	128	0
448	128	0	417	128	0
512	128	0	473	128	0
576	128	0	530	129	0
640	128	0	590	130	0
704	128	0	646	130	0
768	128	0	702	132	0
832	128	0	760	132	0
896	128	0	820	134	0
960	128	0	877	136	0
1023	128	0	934	137	0
0	192	0	0	189	0
64	192	0	57	189	0
128	192	0	119	189	0
192	192	0	178	188	0
256	192	0	237	189	0
320	192	0	296	188	0
384	192	0	357	188	0
448	192	0	417	189	0
512	192	0	473	189	0
576	192	0	530	190	0
640	192	0	590	191	0
704	192	0	646	191	0
768	192	0	702	191	0
832	192	0	760	192	0
896	192	0	820	193	0
960	192	0	877	193	0
1023	192	0	934	194	0
0	256	0	0	252	0
64	256	0	60	252	0
128	256	0	119	252	0
192	256	0	178	252	0
256	256	0	236	252	0
320	256	0	296	251	0
384	256	0	356	251	0
448	256	0	416	251	0
512	256	0	472	252	0
576	256	0	529	252	0
640	256	0	589	252	0
704	256	0	645	252	0
768	256	0	701	253	0
832	256	0	760	253	0
896	256	0	819	253	0
960	256	0	877	253	0
1023	256	0	934	254	0
0	320	0	23	316	0
64	320	0	60	316	0
128	320	0	119	316	0
192	320	0	178	315	0
256	320	0	236	315	0
320	320	0	295	314	0
384	320	0	355	314	0
448	320	0	415	314	0
512	320	0	471	314	0
576	320	0	528	314	0
640	320	0	589	314	0
704	320	0	644	314	0
768	320	0	701	314	0
832	320	0	759	315	0
896	320	0	819	315	0
960	320	0	877	316	0
1023	320	0	934	315	0
0	384	0	23	379	23
64	384	0	63	379	23
128	384	0	119	378	23
192	384	0	178	378	0
256	384	0	237	378	0
320	384	0	296	376	0
384	384	0	356	377	0
448	384	0	415	376	0
512	384	0	471	376	0
576	384	0	528	376	0
640	384	0	589	377	0
704	384	0	644	377	0
768	384	0	701	377	0
832	384	0	759	377	0
896	384	0	819	377	0
960	384	0	877	378	0
1023	384	0	934	377	0
0	448	0	32	440	23
64	448	0	63	440	23
128	448	0	120	440	23
192	448	0	179	439	23
256	448	0	237	439	23
320	448	0	296	438	0
384	448	0	356	438	0
448	448	0	415	438	0
512	448	0	471	438	0
576	448	0	528	438	0
640	448	0	589	438	0
704	448	0	644	438	0
768	448	0	700	438	0
832	448	0	759	438	0
896	448	0	819	438	0
960	448	0	877	438	0
1023	448	0	934	438	0
0	512	0	32	500	23
64	512	0	66	500	23
128	512	0	120	500	23
192	512	0	179	499	23
256	512	0	237	498	23
320	512	0	296	498	23
384	512	0	356	497	0
448	512	0	415	497	0
512	512	0	471	497	0
576	512	0	528	497	0
640	512	0	589	497	0
704	512	0	644	497	0
768	512	0	701	497	0
832	512	0	759	497	0
896	512	0	819	497	0
960	512	0	877	497	0
1023	512	0	934	497	0
0	576	0	32	561	23
64	576	0	66	561	23
128	576	0	122	561	23
192	576	0	179	560	23
256	576	0	238	560	23
320	576	0	296	559	23
384	576	0	356	559	23
448	576	0	415	559	0
512	576	0	471	558	0
576	576	0	528	558	0
640	576	0	589	558	0
704	576	0	645	559	0
768	576	0	701	559	0
832	576	0	759	559	0
896	576	0	819	558	0
960	576	0	876	558	0
1023	576	0	934	558	23
0	640	0	38	624	32
64	640	0	69	624	32
128	640	0	123	624	32
192	640	0	179	624	32
256	640	0	238	623	32
320	640	0	296	622	23
384	640	0	356	622	23
448	640	0	415	622	23
512	640	0	471	622	0
576	640	0	528	622	0
640	640	0	589	622	0
704	640	0	644	622	0
768	640	0	700	622	0
832	640	0	759	622	0
896	640	0	819	621	0
960	640	0	877	621	23
1023	640	0	934	621	23
0	704	0	44	682	32
64	704	0	69	682	32
128	704	0	125	681	32
192	704	0	179	681	32
256	704	0	238	680	32
320	704	0	296	680	32
384	704	0	356	680	32
448	704	0	415	680	23
512	704	0	471	680	23
576	704	0	528	679	0
640	704	0	588	679	0
704	704	0	644	679	0
768	704	0	700	679	0
832	704	0	759	680	0
896	704	0	819	679	23
960	704	0	876	679	23
1023	704	0	933	679	32
0	768	0	44	742	38
64	768	0	72	742	38
128	768	0	123	742	38
192	768	0	180	742	38
256	768	0	238	742	32
320	768	0	296	741	32
384	768	0	356	741	32
448	768	0	415	741	32
512	768	0	471	741	32
576	768	0	528	740	23
640	768	0	588	740	0
704	768	0	644	740	0
768	768	0	700	741	0
832	768	0	759	740	0
896	768	0	819	740	0
960	768	0	876	740	23
1023	768	0	933	740	32
0	832	0	53	806	44
64	832	0	77	806	44
128	832	0	128	806	44
192	832	0	182	805	44
256	832	0	239	805	44
320	832	0	297	805	44
384	832	0	356	804	38
448	832	0	415	804	32
512	832	0	471	804	32
576	832	0	528	804	32
640	832	0	588	804	32
704	832	0	644	805	23
768	832	0	700	804	23
832	832	0	759	805	23
896	832	0	819	804	23
960	832	0	876	804	32
1023	832	0	933	804	32
0	896	0	53	866	44
64	896	0	77	866	44
128	896	0	126	866	44
192	896	0	181	866	44
256	896	0	238	866	44
320	896	0	296	865	44
384	896	0	356	865	44
448	896	0	415	865	44
512	896	0	470	865	38
576	896	0	527	865	38
640	896	0	588	865	38
704	896	0	643	865	32
768	896	0	700	865	32
832	896	0	758	865	32
896	896	0	818	865	32
960	896	0	876	865	32
1023	896	0	933	865	32
0	960	0	60	927	48
64	960	0	80	927	48
128	960	0	128	927	48
192	960	0	182	927	48
256	960	0	239	927	48
320	960	0	296	927	48
384	960	0	356	927	44
448	960	0	415	926	44
512	960	0	470	927	48
576	960	0	527	926	44
640	960	0	587	926	44
704	960	0	643	926	44
768	960	0	700	926	44
832	960	0	758	926	38
896	960	0	818	926	38
960	960	0	876	927	38
1023	960	0	933	927	38
0	1023	0	57	987	53
64	1023	0	80	987	53
128	1023	0	128	987	53
192	1023	0	182	987	53
256	1023	0	238	987	53
320	1023	0	295	987	57
384	1023	0	355	987	53
448	1023	0	414	987	53
512	1023	0	469	987	53
576	1023	0	526	987	53
640	1023	0	587	987	53
704	1023	0	642	987	48
768	1023	0	699	987	53
832	1023	0	757	987	48
896	1023	0	817	987	44
960	1023	0	875	987	44
1023	1023	0	932	987	44
0	0	64	0	0	63
64	0	64	60	0	63
128	0	64	119	0	63
192	0	64	179	0	63
256	0	64	238	23	63
320	0	64	297	23	63
384	0	64	357	23	60
448	0	64	417	32	60
512	0	64	473	32	60
576	0	64	531	32	57
640	0	64	591	38	57
704	0	64	646	44	53
768	0	64	703	48	53
832	0	64	761	53	48
896	0	64	820	57	44
960	0	64	878	60	44
1023	0	64	934	66	38
0	64	64	0	60	63
64	64	64	60	60	63
128	64	64	119	60	63
192	64	64	179	63	63
256	64	64	238	63	63
320	64	64	297	63	63
384	64	64	357	66	60
448	64	64	417	66	60
512	64	64	473	66	60
576	64	64	530	69	57
640	64	64	591	72	57
704	64	64	646	72	53
768	64	64	702	75	53
832	64	64	761	77	48
896	64	64	820	80	44
960	64	64	878	85	44
1023	64	64	934	87	38
0	128	64	0	126	63
64	128	64	60	126	63
128	128	64	119	126	63
192	128	64	179	126	63
256	128	64	237	126	63
320	128	64	297	126	63
384	128	64	357	128	63
448	128	64	417	128	60
512	128	64	473	128	60
576	128	64	530	129	57
640	128	64	590	130	57
704	128	64	646	130	53
768	128	64	702	130	53
832	128	64	760	132	48
896	128	64	820	134	48
960	128	64	877	136	44
1023	128	64	934	137	38
0	192	64	0	189	63
64	192	64	60	189	63
128	192	64	119	189	63
192	192	64	179	188	63
256	192	64	237	189	63
320	192	64	296	188	63
384	192	64	357	188	63
448	192	64	417	189	60
512	192	64	473	189	60
576	192	64	530	190	60
640	192	64	590	191	57
704	192	64	646	191	57
768	192	64	702	191	53
832	192	64	760	192	48
896	192	64	820	193	48
960	192	64	877	193	44
1023	192	64	934	194	38
0	256	64	23	252	63
64	256	64	60	252	63
128	256	64	119	252	63
192	256	64	178	252	63
256	256	64	237	252	63
320	256	64	296	251	63
384	256	64	356	251	63
448	256	64	416	251	60
512	256	64	472	251	60
576	256	64	529	252	60
640	256	64	589	252	57
704	256	64	645	252	57
768	256	64	701	253	53
832	256	64	760	253	48
896	256	64	819	253	48
960	256	64	877	253	44
1023	256	64	934	254	38
0	320	64	23	316	66
64	320	64	60	316	66
128	320	64	119	316	66
192	320	64	178	315	63
256	320	64	237	315	63
320	320	64	295	314	63
384	320	64	356	314	63
448	320	64	415	314	63
512	320	64	471	314	60
576	320	64	528	314	60
640	320	64	589	314	57
704	320	64	644	314	57
768	320	64	701	314	53
832	320	64	759	315	53
896	320	64	819	315	48
960	320	64	876	316	44
1023	320	64	934	315	38
0	384	64	23	379	66
64	384	64	63	379	66
128	384	64	120	378	66
192	384	64	178	378	66
256	384	64	237	378	63
320	384	64	296	376	63
384	384	64	356	377	63
448	384	64	415	376	63
512	384	64	471	376	60
576	384	64	528	376	60
640	384	64	589	376	60
704	384	64	645	377	57
768	384	64	700	377	53
832	384	64	759	377	53
896	384	64	819	377	48
960	384	64	877	378	44
1023	384	64	934	377	38
0	448	64	32	440	66
64	448	64	66	440	66
128	448	64	120	440	66
192	448	64	179	439	66
256	448	64	237	439	66
320	448	64	296	438	66
384	448	64	356	438	63
448	448	64	415	438	63
512	448	64	471	438	63
576	448	64	528	438	60
640	448	64	589	438	60
704	448	64	644	438	57
768	448	64	700	438	57
832	448	64	759	438	53
896	448	64	819	438	48
960	448	64	877	438	48
1023	448	64	934	438	48
0	512	64	32	500	66
64	512	64	66	500	66
128	512	64	120	500	66
192	512	64	179	499	66
256	512	64	238	498	66
320	512	64	296	497	66
384	512	64	356	497	66
448	512	64	415	497	63
512	512	64	471	497	63
576	512	64	528	497	63
640	512	64	588	497	60
704	512	64	644	497	60
768	512	64	701	497	57
832	512	64	759	497	53
896	512	64	819	497	53
960	512	64	877	497	48
1023	512	64	934	497	48
0	576	64	32	561	69
64	576	64	66	561	69
128	576	64	122	561	69
192	576	64	179	560	66
256	576	64	237	559	66
320	576	64	296	559	66
384	576	64	356	558	66
448	576	64	415	558	66
512	576	64	471	558	63
576	576	64	528	558	63
640	576	64	589	558	60
704	576	64	645	559	60
768	576	64	700	558	57
832	576	64	759	559	57
896	576	64	819	558	53
960	576	64	876	558	53
1023	576	64	934	558	48
0	640	64	44	624	69
64	640	64	69	624	69
128	640	64	123	624	69
192	640	64	180	623	69
256	640	64	238	623	69
320	640	64	296	622	69
384	640	64	356	622	66
448	640	64	415	622	66
512	640	64	471	622	66
576	640	64	528	621	63
640	640	64	588	622	63
704	640	64	644	622	60
768	640	64	700	622	60
832	640	64	759	622	57
896	640	64	819	621	57
960	640	64	876	621	57
1023	640	64	934	621	57
0	704	64	44	681	72
64	704	64	69	681	72
128	704	64	123	681	72
192	704	64	179	681	72
256	704	64	238	680	69
320	704	64	296	680	69
384	704	64	356	680	69
448	704	64	415	680	66
512	704	64	471	680	66
576	704	64	528	679	66
640	704	64	588	679	63
704	704	64	644	679	63
768	704	64	700	679	60
832	704	64	759	679	60
896	704	64	819	679	60
960	704	64	876	679	60
1023	704	64	933	679	57
0	768	64	48	742	72
64	768	64	72	742	72
128	768	64	123	742	72
192	768	64	180	742	72
256	768	64	238	741	72
320	768	64	296	741	72
384	768	64	356	741	72
448	768	64	415	741	69
512	768	64	471	740	69
576	768	64	528	740	66
640	768	64	588	740	66
704	768	64	644	740	66
768	768	64	700	740	66
832	768	64	759	740	63
896	768	64	819	740	60
960	768	64	876	740	60
1023	768	64	933	740	60
0	832	64	53	806	72
64	832	64	77	806	72
128	832	64	128	806	72
192	832	64	182	805	72
256	832	64	239	805	72
320	832	64	297	805	72
384	832	64	356	804	72
448	832	64	415	804	72
512	832	64	471	804	72
576	832	64	528	804	69
640	832	64	588	804	66
704	832	64	644	804	69
768	832	64	700	804	66
832	832	64	759	804	66
896	832	64	819	804	66
960	832	64	876	804	63
1023	832	64	933	804	66
0	896	64	53	866	77
64	896	64	77	866	77
128	896	64	126	866	77
192	896	64	181	866	77
256	896	64	238	866	77
320	896	64	296	865	77
384	896	64	356	865	72
448	896	64	415	865	72
512	896	64	470	865	72
576	896	64	527	865	72
640	896	64	588	865	72
704	896	64	643	865	72
768	896	64	700	865	72
832	896	64	758	865	69
896	896	64	818	865	66
960	896	64	876	865	66
1023	896	64	933	865	66
0	960	64	60	927	77
64	960	64	80	927	77
128	960	64	128	927	77
192	960	64	182	927	77
256	960	64	239	927	77
320	960	64	296	926	77
384	960	64	356	926	77
448	960	64	415	926	77
512	960	64	470	926	77
576	960	64	527	926	77
640	960	64	587	926	75
704	960	64	643	926	72
768	960	64	699	926	75
832	960	64	758	926	72
896	960	64	818	926	72
960	960	64	876	927	72
1023	960	64	933	927	66
0	1023	64	60	987	80
64	1023	64	80	987	80
128	1023	64	128	987	80
192	1023	64	182	987	80
256	1023	64	238	987	82
320	1023	64	296	987	82
384	1023	64	355	987	82
448	1023	64	413	987	80
512	1023	64	469	987	80
576	1023	64	526	987	77
640	1023	64	586	987	80
704	1023	64	642	987	77
768	1023	64	699	987	77
832	1023	64	757	987	77
896	1023	64	817	987	77
960	1023	64	875	987	75
1023	1023	64	932	987	75
0	0	128	23	0	130
64	0	128	63	0	130
128	0	128	120	0	130
192	0	128	179	0	130
256	0	128	238	0	130
320	0	128	297	23	129
384	0	128	358	23	129
448	0	128	417	32	128
512	0	128	473	32	128
576	0	128	531	32	126
640	0	128	591	44	126
704	0	128	646	44	125
768	0	128	702	48	125
832	0	128	761	53	123
896	0	128	820	57	123
960	0	128	878	60	122
1023	0	128	934	66	120
0	64	128	23	60	130
64	64	128	63	60	130
128	64	128	120	60	129
192	64	128	179	63	129
256	64	128	238	63	129
320	64	128	297	63	129
384	64	128	357	66	129
448	64	128	417	66	128
512	64	128	473	69	128
576	64	128	530	69	126
640	64	128	591	72	126
704	64	128	646	72	125
768	64	128	702	75	125
832	64	128	761	77	123
896	64	128	820	80	123
960	64	128	877	85	122
1023	64	128	934	87	120
0	128	128	23	126	130
64	128	128	63	126	130
128	128	128	120	126	129
192	128	128	179	126	129
256	128	128	238	126	129
320	128	128	297	126	129
384	128	128	357	128	129
448	128	128	417	126	128
512	128	128	473	128	128
576	128	128	530	129	128
640	128	128	590	129	126
704	128	128	646	130	126
768	128	128	702	130	125
832	128	128	760	132	123
896	128	128	820	134	123
960	128	128	877	136	122
1023	128	128	934	137	120
0	192	128	32	189	130
64	192	128	63	189	130
128	192	128	120	189	130
192	192	128	179	188	129
256	192	128	238	189	129
320	192	128	297	188	129
384	192	128	357	188	129
448	192	128	417	188	128
512	192	128	473	188	128
576	192	128	530	189	128
640	192	128	590	190	126
704	192	128	646	191	126
768	192	128	702	191	125
832	192	128	760	192	123
896	192	128	820	193	123
960	192	128	877	193	122
1023	192	128	934	194	120
0	256	128	32	252	130
64	256	128	63	252	130
128	256	128	119	252	130
192	256	128	179	252	129
256	256	128	238	251	129
320	256	128	296	251	129
384	256	128	356	251	129
448	256	128	416	251	128
512	256	128	472	250	128
576	256	128	529	251	128
640	256	128	589	252	126
704	256	128	645	252	126
768	256	128	701	252	125
832	256	128	760	253	123
896	256	128	819	253	123
960	256	128	877	253	122
1023	256	128	934	254	120
0	320	128	32	315	130
64	320	128	63	315	130
128	320	128	120	315	130
192	320	128	179	315	129
256	320	128	237	314	129
320	320	128	296	313	129
384	320	128	356	314	129
448	320	128	415	313	129
512	320	128	471	314	128
576	320	128	528	313	128
640	320	128	589	314	126
704	320	128	645	314	126
768	320	128	701	314	125
832	320	128	759	314	125
896	320	128	819	315	123
960	320	128	876	315	122
1023	320	128	933	315	120
0	384	128	32	378	130
64	384	128	66	378	130
128	384	128	122	378	130
192	384	128	179	378	130
256	384	128	238	377	130
320	384	128	296	376	129
384	384	128	356	376	129
448	384	128	415	376	129
512	384	128	471	376	128
576	384	128	528	376	128
640	384	128	589	376	128
704	384	128	644	376	126
768	384	128	700	376	125
832	384	128	759	377	125
896	384	128	819	377	123
960	384	128	877	377	122
1023	384	128	934	377	122
0	448	128	32	440	130
64	448	128	66	439	130
128	448	128	122	439	130
192	448	128	180	439	130
256	448	128	238	438	130
320	448	128	296	438	130
384	448	128	356	438	129
448	448	128	415	437	129
512	448	128	471	437	129
576	448	128	528	438	128
640	448	128	589	437	128
704	448	128	644	437	126
768	448	128	700	438	126
832	448	128	759	438	125
896	448	128	819	438	123
960	448	128	877	438	123
1023	448	128	934	437	122
0	512	128	44	500	130
64	512	128	66	499	130
128	512	128	122	499	130
192	512	128	180	498	130
256	512	128	238	498	130
320	512	128	296	497	130
384	512	128	356	497	130
448	512	128	415	497	129
512	512	128	471	497	129
576	512	128	528	497	129
640	512	128	588	497	128
704	512	128	644	497	128
768	512	128	700	497	126
832	512	128	759	497	125
896	512	128	819	497	125
960	512	128	876	497	123
1023	512	128	934	497	122
0	576	128	44	561	132
64	576	128	69	561	132
128	576	128	123	560	132
192	576	128	180	560	132
256	576	128	238	559	130
320	576	128	296	558	130
384	576	128	356	558	130
448	576	128	416	558	130
512	576	128	471	558	129
576	576	128	528	558	129
640	576	128	589	558	128
704	576	128	645	558	128
768	576	128	700	558	126
832	576	128	759	558	126
896	576	128	819	558	125
960	576	128	876	557	123
1023	576	128	934	558	122
0	640	128	48	624	132
64	640	128	72	624	132
128	640	128	125	623	132
192	640	128	180	623	132
256	640	128	238	622	132
320	640	128	297	622	132
384	640	128	356	621	130
448	640	128	415	621	130
512	640	128	471	621	130
576	640	128	528	621	129
640	640	128	588	621	129
704	640	128	644	621	128
768	640	128	700	621	128
832	640	128	759	621	126
896	640	128	819	621	125
960	640	128	876	621	126
1023	640	128	934	621	125
0	704	128	48	681	133
64	704	128	75	681	133
128	704	128	125	681	133
192	704	128	180	681	133
256	704	128	238	680	132
320	704	128	296	679	132
384	704	128	356	679	132
448	704	128	415	679	130
512	704	128	471	679	130
576	704	128	528	679	130
640	704	128	588	679	129
704	704	128	644	679	129
768	704	128	700	679	128
832	704	128	759	679	128
896	704	128	819	679	126
960	704	128	876	679	126
1023	704	128	933	679	125
0	768	128	53	742	133
64	768	128	75	742	133
128	768	128	125	742	133
192	768	128	181	742	133
256	768	128	238	741	133
320	768	128	297	741	132
384	768	128	356	741	132
448	768	128	415	740	132
512	768	128	471	740	132
576	768	128	528	740	130
640	768	128	588	740	130
704	768	128	644	740	129
768	768	128	700	740	129
832	768	128	759	740	128
896	768	128	819	740	126
960	768	128	876	740	128
1023	768	128	933	740	126
0	832	128	57	806	134
64	832	128	80	805	133
128	832	128	128	805	133
192	832	128	183	805	133
256	832	128	240	805	133
320	832	128	297	804	133
384	832	128	357	804	133
448	832	128	415	804	132
512	832	128	471	804	132
576	832	128	528	804	132
640	832	128	588	804	130
704	832	128	644	804	130
768	832	128	700	804	130
832	832	128	759	804	130
896	832	128	819	804	129
960	832	128	876	804	128
1023	832	128	933	804	128
0	896	128	60	866	136
64	896	128	80	866	136
128	896	128	128	866	136
192	896	128	182	866	136
256	896	128	239	866	134
320	896	128	296	865	134
384	896	128	356	865	133
448	896	128	415	865	133
512	896	128	470	865	133
576	896	128	527	865	133
640	896	128	588	865	133
704	896	128	643	865	130
768	896	128	700	865	133
832	896	128	758	865	130
896	896	128	818	865	130
960	896	128	876	865	130
1023	896	128	933	865	129
0	960	128	63	927	136
64	960	128	82	927	136
128	960	128	130	927	136
192	960	128	183	927	136
256	960	128	240	927	136
320	960	128	297	926	136
384	960	128	356	926	136
448	960	128	415	926	134
512	960	128	470	926	134
576	960	128	527	926	133
640	960	128	587	926	133
704	960	128	643	926	133
768	960	128	699	926	133
832	960	128	758	926	133
896	960	128	818	926	132
960	960	128	876	926	130
1023	960	128	933	926	130
0	1023	128	63	987	137
64	1023	128	85	987	137
128	1023	128	130	987	137
192	1023	128	183	987	137
256	1023	128	240	987	137
320	1023	128	296	986	137
384	1023	128	355	987	137
448	1023	128	414	987	136
512	1023	128	469	987	136
576	1023	128	526	987	136
640	1023	128	586	987	136
704	1023	128	642	987	136
768	1023	128	699	987	134
832	1023	128	757	987	133
896	1023	128	817	987	133
960	1023	128	875	987	133
1023	1023	128	932	987	133
0	0	192	38	0	196
64	0	192	69	0	196
128	0	192	123	0	196
192	0	192	181	0	196
256	0	192	239	0	195
320	0	192	298	23	194
384	0	192	358	23	193
448	0	192	417	32	193
512	0	192	474	32	193
576	0	192	530	38	193
640	0	192	591	44	193
704	0	192	646	44	192
768	0	192	702	48	191
832	0	192	761	53	191
896	0	192	820	57	190
960	0	192	877	60	189
1023	0	192	934	66	189
0	64	192	38	60	195
64	64	192	69	60	195
128	64	192	123	60	195
192	64	192	181	63	195
256	64	192	239	63	194
320	64	192	298	63	194
384	64	192	358	66	193
448	64	192	417	66	193
512	64	192	473	69	193
576	64	192	530	69	193
640	64	192	591	72	193
704	64	192	646	72	192
768	64	192	702	75	191
832	64	192	761	77	191
896	64	192	820	80	190
960	64	192	877	85	189
1023	64	192	934	87	189
0	128	192	38	125	195
64	128	192	69	126	195
128	128	192	123	126	195
192	128	192	181	126	195
256	128	192	239	126	194
320	128	192	298	125	194
384	128	192	358	126	193
448	128	192	417	126	193
512	128	192	473	128	193
576	128	192	530	129	193
640	128	192	590	129	193
704	128	192	646	130	192
768	128	192	702	130	191
832	128	192	760	132	191
896	128	192	820	133	190
960	128	192	877	136	189
1023	128	192	934	137	189
0	192	192	38	188	195
64	192	192	69	188	195
128	192	192	122	188	195
192	192	192	180	189	195
256	192	192	238	188	195
320	192	192	297	188	194
384	192	192	357	188	193
448	192	192	417	188	193
512	192	192	473	188	193
576	192	192	530	189	193
640	192	192	590	190	193
704	192	192	646	191	192
768	192	192	702	191	192
832	192	192	760	191	191
896	192	192	820	193	191
960	192	192	877	193	189
1023	192	192	934	194	189
0	256	192	44	252	195
64	256	192	69	252	195
128	256	192	122	252	195
192	256	192	180	251	195
256	256	192	238	251	195
320	256	192	297	250	194
384	256	192	357	250	194
448	256	192	416	251	193
512	256	192	472	251	193
576	256	192	529	251	193
640	256	192	589	251	193
704	256	192	645	252	193
768	256	192	701	252	192
832	256	192	759	252	191
896	256	192	819	253	191
960	256	192	877	253	189
1023	256	192	934	253	189
0	320	192	44	315	194
64	320	192	69	315	194
128	320	192	122	314	194
192	320	192	180	314	194
256	320	192	238	314	194
320	320	192	296	313	193
384	320	192	357	313	193
448	320	192	415	313	193
512	320	192	471	313	193
576	320	192	528	313	193
640	320	192	589	313	192
704	320	192	644	313	192
768	320	192	700	314	191
832	320	192	759	314	190
896	320	192	819	314	190
960	320	192	876	315	189
1023	320	192	933	314	188
0	384	192	44	378	195
64	384	192	72	378	195
128	384	192	125	377	195
192	384	192	180	377	195
256	384	192	238	376	194
320	384	192	297	376	193
384	384	192	357	375	193
448	384	192	415	375	193
512	384	192	471	376	193
576	384	192	528	376	193
640	384	192	589	376	192
704	384	192	644	376	192
768	384	192	700	376	191
832	384	192	759	376	191
896	384	192	819	376	190
960	384	192	876	376	189
1023	384	192	933	376	188
0	448	192	44	439	195
64	448	192	72	439	195
128	448	192	125	439	195
192	448	192	181	438	195
256	448	192	238	438	195
320	448	192	297	437	193
384	448	192	356	437	193
448	448	192	415	437	193
512	448	192	471	437	193
576	448	192	528	437	193
640	448	192	589	437	193
704	448	192	644	437	192
768	448	192	700	437	192
832	448	192	759	437	191
896	448	192	819	437	190
960	448	192	876	437	189
1023	448	192	934	437	189
0	512	192	48	498	195
64	512	192	72	498	195
128	512	192	125	498	195
192	512	192	180	498	195
256	512	192	239	497	194
320	512	192	297	496	194
384	512	192	357	496	193
448	512	192	415	496	193
512	512	192	471	496	193
576	512	192	528	496	193
640	512	192	588	496	193
704	512	192	644	496	192
768	512	192	700	496	192
832	512	192	759	496	191
896	512	192	819	496	191
960	512	192	876	496	190
1023	512	192	934	496	189
0	576	192	48	560	196
64	576	192	75	560	196
128	576	192	126	560	194
192	576	192	181	559	194
256	576	192	239	558	194
320	576	192	297	558	194
384	576	192	357	557	194
448	576	192	415	557	194
512	576	192	471	557	193
576	576	192	528	557	193
640	576	192	588	557	193
704	576	192	644	557	193
768	576	192	700	557	192
832	576	192	759	557	192
896	576	192	819	557	191
960	576	192	876	557	190
1023	576	192	933	557	189
0	640	192	57	623	196
64	640	192	77	623	196
128	640	192	128	623	195
192	640	192	182	622	195
256	640	192	239	622	195
320	640	192	297	621	194
384	640	192	356	621	194
448	640	192	415	621	194
512	640	192	471	621	194
576	640	192	528	621	193
640	640	192	588	621	193
704	640	192	644	621	193
768	640	192	700	621	193
832	640	192	759	621	192
896	640	192	819	620	191
960	640	192	876	620	190
1023	640	192	933	620	190
0	704	192	57	680	196
64	704	192	77	680	196
128	704	192	128	680	196
192	704	192	182	680	195
256	704	192	240	680	195
320	704	192	297	679	195
384	704	192	357	679	195
448	704	192	415	679	194
512	704	192	471	679	194
576	704	192	528	679	194
640	704	192	588	678	193
704	704	192	644	678	193
768	704	192	700	678	193
832	704	192	759	678	192
896	704	192	818	678	192
960	704	192	876	678	191
1023	704	192	933	678	191
0	768	192	60	742	197
64	768	192	80	741	197
128	768	192	128	741	197
192	768	192	182	741	197
256	768	192	240	741	196
320	768	192	297	740	195
384	768	192	357	740	195
448	768	192	415	740	195
512	768	192	471	740	194
576	768	192	528	740	194
640	768	192	588	740	194
704	768	192	644	740	193
768	768	192	700	740	193
832	768	192	759	740	193
896	768	192	818	740	192
960	768	192	876	740	191
1023	768	192	933	739	192
0	832	192	63	805	196
64	832	192	85	805	196
128	832	192	130	805	196
192	832	192	184	805	196
256	832	192	240	804	196
320	832	192	297	804	196
384	832	192	357	804	195
448	832	192	415	804	194
512	832	192	471	804	194
576	832	192	528	804	194
640	832	192	588	804	194
704	832	192	644	804	194
768	832	192	700	804	193
832	832	192	759	804	193
896	832	192	818	804	193
960	832	192	876	804	192
1023	832	192	933	803	192
0	896	192	63	866	198
64	896	192	82	866	198
128	896	192	130	866	198
192	896	192	184	865	197
256	896	192	240	865	197
320	896	192	297	865	196
384	896	192	356	865	196
448	896	192	415	865	196
512	896	192	470	865	196
576	896	192	527	865	194
640	896	192	588	865	194
704	896	192	643	865	194
768	896	192	699	865	194
832	896	192	758	865	194
896	896	192	818	865	193
960	896	192	876	865	193
1023	896	192	933	865	193
0	960	192	69	927	198
64	960	192	87	927	198
128	960	192	132	927	198
192	960	192	185	927	198
256	960	192	241	926	198
320	960	192	297	926	196
384	960	192	356	926	196
448	960	192	415	926	196
512	960	192	470	926	196
576	960	192	527	926	196
640	960	192	587	926	196
704	960	192	643	926	195
768	960	192	699	926	194
832	960	192	758	926	194
896	960	192	818	926	194
960	960	192	876	926	193
1023	960	192	933	926	193
0	1023	192	72	987	198
64	1023	192	89	987	198
128	1023	192	132	987	198
192	1023	192	184	987	198
256	1023	192	240	987	198
320	1023	192	297	986	198
384	1023	192	355	986	196
448	1023	192	414	986	196
512	1023	192	469	986	197
576	1023	192	526	986	196
640	1023	192	586	986	196
704	1023	192	642	986	196
768	1023	192	699	986	196
832	1023	192	757	986	194
896	1023	192	817	987	194
960	1023	192	875	987	194
1023	1023	192	932	986	193
0	0	256	53	0	261
64	0	256	77	0	261
128	0	256	128	0	261
192	0	256	183	0	261
256	0	256	240	0	261
320	0	256	299	23	259
384	0	256	359	23	259
448	0	256	417	32	259
512	0	256	473	32	259
576	0	256	530	38	258
640	0	256	591	44	258
704	0	256	646	44	258
768	0	256	702	48	258
832	0	256	761	53	257
896	0	256	820	57	256
960	0	256	877	60	256
1023	0	256	934	66	256
0	64	256	53	60	261
64	64	256	77	60	261
128	64	256	128	60	260
192	64	256	183	63	260
256	64	256	240	63	260
320	64	256	298	63	259
384	64	256	359	63	259
448	64	256	417	66	259
512	64	256	473	69	259
576	64	256	530	69	258
640	64	256	591	72	258
704	64	256	646	72	258
768	64	256	702	77	258
832	64	256	760	77	257
896	64	256	820	80	256
960	64	256	877	85	256
1023	64	256	934	87	256
0	128	256	53	125	261
64	128	256	77	125	261
128	128	256	128	126	261
192	128	256	182	126	261
256	128	256	240	125	260
320	128	256	298	125	260
384	128	256	358	126	259
448	128	256	417	126	259
512	128	256	473	128	259
576	128	256	530	128	258
640	128	256	590	129	258
704	128	256	646	130	258
768	128	256	702	130	258
832	128	256	760	133	257
896	128	256	820	133	256
960	128	256	877	136	256
1023	128	256	934	136	256
0	192	256	53	188	261
64	192	256	77	188	261
128	192	256	126	188	261
192	192	256	183	188	261
256	192	256	240	188	261
320	192	256	298	188	260
384	192	256	358	188	259
448	192	256	417	188	259
512	192	256	473	188	259
576	192	256	530	188	258
640	192	256	590	189	258
704	192	256	645	190	258
768	192	256	701	191	258
832	192	256	760	191	257
896	192	256	820	193	257
960	192	256	877	193	256
1023	192	256	934	194	256
0	256	256	53	251	261
64	256	256	77	251	261
128	256	256	126	251	261
192	256	256	183	250	261
256	256	256	240	251	261
320	256	256	297	250	260
384	256	256	357	250	260
448	256	256	416	250	259
512	256	256	472	250	259
576	256	256	529	250	259
640	256	256	589	250	258
704	256	256	645	251	258
768	256	256	701	252	258
832	256	256	759	252	257
896	256	256	819	252	257
960	256	256	877	252	256
1023	256	256	934	253	256
0	320	256	53	314	259
64	320	256	77	314	259
128	320	256	126	313	259
192	320	256	182	313	259
256	320	256	240	313	259
320	320	256	297	312	258
384	320	256	357	312	258
448	320	256	416	312	258
512	320	256	471	312	258
576	320	256	528	312	258
640	320	256	589	312	257
704	320	256	644	313	257
768	320	256	700	313	256
832	320	256	759	313	256
896	320	256	819	313	256
960	320	256	876	314	255
1023	320	256	933	314	255
0	384	256	57	376	260
64	384	256	77	376	260
128	384	256	129	376	260
192	384	256	182	376	260
256	384	256	240	376	259
320	384	256	298	375	258
384	384	256	357	375	258
448	384	256	415	375	258
512	384	256	471	375	258
576	384	256	528	375	258
640	384	256	589	375	257
704	384	256	644	375	257
768	384	256	700	375	256
832	384	256	759	375	256
896	384	256	819	375	256
960	384	256	876	375	255
1023	384	256	933	375	255
0	448	256	57	438	259
64	448	256	80	438	259
128	448	256	129	438	259
192	448	256	182	437	259
256	448	256	240	437	259
320	448	256	298	436	258
384	448	256	357	436	258
448	448	256	416	436	258
512	448	256	471	436	258
576	448	256	528	436	257
640	448	256	588	436	257
704	448	256	644	436	257
768	448	256	700	436	257
832	448	256	759	436	256
896	448	256	819	436	256
960	448	256	876	436	255
1023	448	256	933	436	255
0	512	256	60	498	259
64	512	256	80	498	259
128	512	256	128	497	259
192	512	256	183	497	259
256	512	256	240	496	259
320	512	256	297	495	258
384	512	256	357	495	258
448	512	256	416	495	258
512	512	256	471	495	258
576	512	256	528	495	257
640	512	256	588	495	257
704	512	256	644	495	257
768	512	256	700	495	257
832	512	256	759	495	256
896	512	256	819	495	256
960	512	256	876	495	255
1023	512	256	933	495	255
0	576	256	63	559	259
64	576	256	82	559	259
128	576	256	129	558	259
192	576	256	183	558	259
256	576	256	240	557	259
320	576	256	297	557	258
384	576	256	357	556	258
448	576	256	415	556	258
512	576	256	471	556	258
576	576	256	528	556	258
640	576	256	588	556	257
704	576	256	644	556	257
768	576	256	700	556	257
832	576	256	759	556	256
896	576	256	818	556	256
960	576	256	876	556	255
1023	576	256	933	556	255
0	640	256	63	622	259
64	640	256	85	622	259
128	640	256	130	622	259
192	640	256	185	621	259
256	640	256	240	621	259
320	640	256	298	620	258
384	640	256	357	620	258
448	640	256	415	620	258
512	640	256	471	620	258
576	640	256	528	620	258
640	640	256	588	620	258
704	640	256	644	620	257
768	640	256	700	620	257
832	640	256	759	620	256
896	640	256	818	620	256
960	640	256	876	619	255
1023	640	256	933	619	255
0	704	256	66	680	260
64	704	256	85	680	260
128	704	256	132	680	260
192	704	256	185	679	259
256	704	256	241	679	259
320	704	256	298	678	259
384	704	256	357	678	259
448	704	256	415	678	258
512	704	256	471	678	258
576	704	256	528	678	258
640	704	256	588	678	258
704	704	256	644	678	258
768	704	256	700	678	257
832	704	256	758	678	256
896	704	256	818	678	256
960	704	256	876	677	256
1023	704	256	933	677	255
0	768	256	69	741	261
64	768	256	87	741	261
128	768	256	132	740	261
192	768	256	186	740	261
256	768	256	241	740	261
320	768	256	298	739	259
384	768	256	357	739	259
448	768	256	415	739	259
512	768	256	471	739	258
576	768	256	528	739	258
640	768	256	588	739	258
704	768	256	643	739	258
768	768	256	700	739	258
832	768	256	758	739	257
896	768	256	818	739	256
960	768	256	876	739	256
1023	768	256	933	739	256
0	832	256	72	805	260
64	832	256	91	805	260
128	832	256	133	804	260
192	832	256	187	804	260
256	832	256	242	804	259
320	832	256	298	803	259
384	832	256	357	803	259
448	832	256	415	803	259
512	832	256	471	803	259
576	832	256	528	803	259
640	832	256	588	803	258
704	832	256	644	803	258
768	832	256	700	803	258
832	832	256	759	803	257
896	832	256	818	803	257
960	832	256	876	803	256
1023	832	256	933	803	256
0	896	256	72	865	261
64	896	256	89	865	261
128	896	256	133	865	261
192	896	256	186	865	261
256	896	256	241	865	261
320	896	256	298	864	259
384	896	256	357	864	259
448	896	256	415	864	259
512	896	256	470	864	259
576	896	256	527	864	259
640	896	256	587	864	259
704	896	256	643	864	258
768	896	256	699	864	258
832	896	256	758	864	258
896	896	256	818	864	257
960	896	256	876	864	256
1023	896	256	933	864	256
0	960	256	77	927	261
64	960	256	93	927	261
128	960	256	136	926	261
192	960	256	187	926	261
256	960	256	242	926	261
320	960	256	298	926	259
384	960	256	357	926	259
448	960	256	415	926	259
512	960	256	470	926	259
576	960	256	527	926	259
640	960	256	587	926	259
704	960	256	643	926	259
768	960	256	699	926	258
832	960	256	758	926	258
896	960	256	818	926	258
960	960	256	876	926	257
1023	960	256	933	926	256
0	1023	256	77	987	261
64	1023	256	95	987	261
128	1023	256	136	987	261
192	1023	256	187	987	261
256	1023	256	241	986	261
320	1023	256	297	986	260
384	1023	256	356	986	260
448	1023	256	414	986	259
512	1023	256	469	986	259
576	1023	256	526	986	259
640	1023	256	586	986	258
704	1023	256	642	986	259
768	1023	256	699	986	258
832	1023	256	757	986	258
896	1023	256	817	986	258
960	1023	256	875	986	257
1023	1023	256	932	986	256
0	0	320	66	0	327
64	0	320	87	0	327
128	0	320	133	0	327
192	0	320	186	0	326
256	0	320	242	0	326
320	0	320	300	23	324
384	0	320	359	23	324
448	0	320	418	32	324
512	0	320	474	32	323
576	0	320	531	38	323
640	0	320	591	44	323
704	0	320	646	44	322
768	0	320	702	48	322
832	0	320	761	53	322
896	0	320	820	60	321
960	0	320	877	60	321
1023	0	320	934	66	320
0	64	320	66	63	326
64	64	320	87	63	326
128	64	320	133	63	325
192	64	320	186	63	325
256	64	320	242	66	325
320	64	320	300	66	324
384	64	320	359	66	324
448	64	320	418	66	324
512	64	320	474	69	323
576	64	320	531	69	323
640	64	320	591	72	323
704	64	320	646	75	322
768	64	320	702	77	322
832	64	320	761	80	322
896	64	320	820	82	321
960	64	320	877	85	321
1023	64	320	934	87	320
0	128	320	66	125	326
64	128	320	87	125	326
128	128	320	133	125	326
192	128	320	186	125	325
256	128	320	242	125	325
320	128	320	300	126	324
384	128	320	359	128	324
448	128	320	418	128	324
512	128	320	473	128	323
576	128	320	530	128	323
640	128	320	591	129	323
704	128	320	646	130	322
768	128	320	702	132	322
832	128	320	760	133	322
896	128	320	820	133	322
960	128	320	877	136	321
1023	128	320	934	137	320
0	192	320	66	188	326
64	192	320	87	188	326
128	192	320	132	188	326
192	192	320	186	188	325
256	192	320	242	188	325
320	192	320	299	188	324
384	192	320	359	188	324
448	192	320	417	188	324
512	192	320	473	188	324
576	192	320	530	188	323
640	192	320	590	189	323
704	192	320	646	190	322
768	192	320	701	190	322
832	192	320	760	191	322
896	192	320	820	192	322
960	192	320	877	193	321
1023	192	320	934	193	320
0	256	320	66	250	326
64	256	320	87	250	326
128	256	320	132	250	326
192	256	320	186	250	326
256	256	320	241	250	325
320	256	320	299	250	324
384	256	320	358	249	324
448	256	320	417	250	324
512	256	320	472	250	324
576	256	320	529	250	323
640	256	320	590	250	323
704	256	320	645	251	322
768	256	320	701	251	322
832	256	320	760	251	322
896	256	320	819	252	322
960	256	320	877	252	321
1023	256	320	934	253	320
0	320	320	66	313	325
64	320	320	87	313	325
128	320	320	132	313	325
192	320	320	186	313	324
256	320	320	241	312	324
320	320	320	299	311	323
384	320	320	358	311	323
448	320	320	416	311	323
512	320	320	472	312	323
576	320	320	529	311	323
640	320	320	589	312	322
704	320	320	644	312	322
768	320	320	700	312	321
832	320	320	759	312	322
896	320	320	819	313	321
960	320	320	876	313	320
1023	320	320	933	313	320
0	384	320	69	376	326
64	384	320	87	376	325
128	384	320	133	376	325
192	384	320	186	375	325
256	384	320	242	375	324
320	384	320	299	374	323
384	384	320	358	374	323
448	384	320	416	374	323
512	384	320	472	374	323
576	384	320	529	374	323
640	384	320	589	374	322
704	384	320	644	374	322
768	384	320	700	375	322
832	384	320	759	375	322
896	384	320	819	375	321
960	384	320	876	375	320
1023	384	320	933	375	320
0	448	320	69	438	325
64	448	320	87	437	325
128	448	320	133	437	325
192	448	320	186	437	325
256	448	320	242	436	324
320	448	320	299	435	324
384	448	320	358	435	323
448	448	320	416	435	323
512	448	320	472	435	323
576	448	320	528	435	322
640	448	320	589	435	322
704	448	320	644	435	322
768	448	320	700	435	322
832	448	320	759	435	321
896	448	320	819	435	321
960	448	320	876	435	321
1023	448	320	933	435	320
0	512	320	69	497	325
64	512	320	91	497	325
128	512	320	133	497	325
192	512	320	187	496	324
256	512	320	242	495	324
320	512	320	298	495	323
384	512	320	358	495	323
448	512	320	416	495	323
512	512	320	472	494	323
576	512	320	528	495	323
640	512	320	589	495	322
704	512	320	644	495	322
768	512	320	700	495	322
832	512	320	759	495	321
896	512	320	819	494	321
960	512	320	876	494	320
1023	512	320	933	494	320
0	576	320	75	558	325
64	576	320	91	558	325
128	576	320	134	558	325
192	576	320	187	557	324
256	576	320	242	557	324
320	576	320	299	556	323
384	576	320	358	556	323
448	576	320	416	556	323
512	576	320	471	556	323
576	576	320	528	556	323
640	576	320	588	556	322
704	576	320	644	556	322
768	576	320	700	555	322
832	576	320	759	555	322
896	576	320	818	555	321
960	576	320	876	555	320
1023	576	320	933	555	320
0	640	320	75	621	325
64	640	320	93	621	325
128	640	320	136	621	325
192	640	320	188	621	325
256	640	320	242	620	324
320	640	320	299	620	324
384	640	320	358	619	323
448	640	320	416	619	323
512	640	320	472	619	323
576	640	320	528	619	323
640	640	320	588	619	322
704	640	320	644	619	322
768	640	320	700	619	322
832	640	320	759	619	322
896	640	320	818	619	321
960	640	320	876	619	321
1023	640	320	933	619	320
0	704	320	77	679	325
64	704	320	95	679	325
128	704	320	137	679	325
192	704	320	188	678	325
256	704	320	242	678	324
320	704	320	299	677	324
384	704	320	358	677	324
448	704	320	416	677	323
512	704	320	471	677	323
576	704	320	528	677	323
640	704	320	588	677	322
704	704	320	644	677	322
768	704	320	700	677	322
832	704	320	759	677	322
896	704	320	818	677	321
960	704	320	876	677	321
1023	704	320	933	677	320
0	768	320	80	740	326
64	768	320	95	740	326
128	768	320	137	740	326
192	768	320	188	740	325
256	768	320	243	739	325
320	768	320	299	739	324
384	768	320	358	739	324
448	768	320	416	738	323
512	768	320	471	738	323
576	768	320	528	738	323
640	768	320	588	738	323
704	768	320	643	738	322
768	768	320	700	738	322
832	768	320	759	738	322
896	768	320	818	738	322
960	768	320	876	738	321
1023	768	320	933	738	320
0	832	320	82	804	325
64	832	320	99	804	325
128	832	320	138	804	325
192	832	320	189	804	325
256	832	320	243	803	324
320	832	320	300	803	324
384	832	320	358	803	324
448	832	320	416	803	323
512	832	320	471	803	323
576	832	320	528	803	323
640	832	320	588	803	323
704	832	320	644	803	323
768	832	320	700	803	322
832	832	320	759	803	322
896	832	320	818	803	322
960	832	320	876	803	321
1023	832	320	933	802	320
0	896	320	82	865	326
64	896	320	97	865	326
128	896	320	138	865	326
192	896	320	188	865	326
256	896	320	243	864	325
320	896	320	299	864	324
384	896	320	357	864	324
448	896	320	415	864	324
512	896	320	471	864	324
576	896	320	527	864	323
640	896	320	588	864	323
704	896	320	643	864	322
768	896	320	699	864	323
832	896	320	758	864	322
896	896	320	818	864	322
960	896	320	876	864	321
1023	896	320	933	864	321
0	960	320	87	926	326
64	960	320	101	926	326
128	960	320	139	926	326
192	960	320	189	926	325
256	960	320	243	926	325
320	960	320	299	925	324
384	960	320	358	925	324
448	960	320	415	925	324
512	960	320	470	925	323
576	960	320	527	925	323
640	960	320	588	925	323
704	960	320	643	925	323
768	960	320	699	926	322
832	960	320	758	926	322
896	960	320	818	925	322
960	960	320	876	925	321
1023	960	320	933	926	321
0	1023	320	87	987	325
64	1023	320	101	987	325
128	1023	320	139	986	325
192	1023	320	189	986	325
256	1023	320	243	986	324
320	1023	320	299	986	323
384	1023	320	357	986	323
448	1023	320	414	986	323
512	1023	320	469	986	323
576	1023	320	526	986	323
640	1023	320	587	986	322
704	1023	320	642	986	322
768	1023	320	699	986	322
832	1023	320	758	986	322
896	1023	320	818	986	322
960	1023	320	875	986	321
1023	1023	320	933	986	320
0	0	384	80	23	392
64	0	384	95	23	392
128	0	384	138	23	392
192	0	384	189	23	392
256	0	384	245	23	392
320	0	384	303	23	391
384	0	384	361	32	391
448	0	384	419	32	391
512	0	384	475	32	390
576	0	384	532	38	390
640	0	384	592	38	390
704	0	384	647	44	390
768	0	384	703	48	390
832	0	384	761	53	389
896	0	384	821	60	389
960	0	384	878	63	388
1023	0	384	935	66	388
0	64	384	80	63	392
64	64	384	95	63	392
128	64	384	138	63	392
192	64	384	189	63	392
256	64	384	245	66	391
320	64	384	303	66	391
384	64	384	361	66	391
448	64	384	419	66	391
512	64	384	475	66	390
576	64	384	532	72	390
640	64	384	592	72	390
704	64	384	647	75	390
768	64	384	703	77	390
832	64	384	761	80	389
896	64	384	821	82	389
960	64	384	878	85	388
1023	64	384	935	89	388
0	128	384	77	126	392
64	128	384	95	125	392
128	128	384	138	125	392
192	128	384	189	125	392
256	128	384	245	126	392
320	128	384	302	126	391
384	128	384	361	126	391
448	128	384	419	128	391
512	128	384	475	128	390
576	128	384	531	128	390
640	128	384	592	130	390
704	128	384	646	130	390
768	128	384	702	132	390
832	128	384	761	133	389
896	128	384	820	133	389
960	128	384	878	136	388
1023	128	384	934	137	388
0	192	384	77	188	393
64	192	384	97	188	393
128	192	384	138	188	392
192	192	384	189	188	392
256	192	384	245	188	392
320	192	384	302	188	391
384	192	384	361	188	391
448	192	384	419	188	391
512	192	384	474	188	390
576	192	384	531	189	390
640	192	384	591	189	390
704	192	384	646	189	390
768	192	384	702	190	390
832	192	384	761	191	389
896	192	384	820	193	389
960	192	384	878	193	388
1023	192	384	934	193	388
0	256	384	77	250	393
64	256	384	97	250	393
128	256	384	138	250	393
192	256	384	189	250	393
256	256	384	244	250	393
320	256	384	301	249	391
384	256	384	360	249	391
448	256	384	418	250	391
512	256	384	473	249	391
576	256	384	530	250	390
640	256	384	590	250	390
704	256	384	645	251	390
768	256	384	702	251	390
832	256	384	760	252	389
896	256	384	820	252	389
960	256	384	877	252	389
1023	256	384	934	252	388
0	320	384	80	313	390
64	320	384	97	313	390
128	320	384	138	313	390
192	320	384	189	312	390
256	320	384	244	312	390
320	320	384	301	311	389
384	320	384	359	311	389
448	320	384	417	311	389
512	320	384	473	311	389
576	320	384	529	312	388
640	320	384	590	312	388
704	320	384	645	312	388
768	320	384	701	312	388
832	320	384	760	312	388
896	320	384	819	313	387
960	320	384	877	313	386
1023	320	384	934	313	386
0	384	384	82	376	391
64	384	384	97	376	391
128	384	384	139	376	391
192	384	384	190	375	391
256	384	384	245	375	391
320	384	384	301	374	389
384	384	384	360	374	389
448	384	384	417	374	389
512	384	384	473	374	389
576	384	384	529	374	389
640	384	384	590	374	388
704	384	384	645	375	388
768	384	384	701	374	388
832	384	384	760	374	388
896	384	384	819	375	387
960	384	384	877	375	387
1023	384	384	934	375	386
0	448	384	82	437	390
64	448	384	99	437	390
128	448	384	139	437	390
192	448	384	190	436	390
256	448	384	245	436	390
320	448	384	301	435	389
384	448	384	360	435	389
448	448	384	417	435	389
512	448	384	473	435	388
576	448	384	529	435	388
640	448	384	590	435	388
704	448	384	645	435	388
768	448	384	701	435	388
832	448	384	760	435	387
896	448	384	819	435	387
960	448	384	877	435	386
1023	448	384	934	435	386
0	512	384	82	497	390
64	512	384	99	497	390
128	512	384	139	496	390
192	512	384	191	496	390
256	512	384	245	495	390
320	512	384	301	495	389
384	512	384	360	494	389
448	512	384	417	494	389
512	512	384	473	494	388
576	512	384	529	494	388
640	512	384	590	494	388
704	512	384	644	494	388
768	512	384	701	494	387
832	512	384	759	494	387
896	512	384	819	494	387
960	512	384	877	494	386
1023	512	384	934	494	386
0	576	384	87	558	390
64	576	384	99	558	390
128	576	384	142	557	390
192	576	384	191	557	390
256	576	384	245	556	390
320	576	384	302	556	389
384	576	384	360	556	389
448	576	384	418	556	389
512	576	384	473	556	389
576	576	384	529	556	388
640	576	384	590	555	388
704	576	384	645	555	388
768	576	384	701	555	388
832	576	384	759	555	387
896	576	384	819	555	387
960	576	384	876	555	386
1023	576	384	934	555	386
0	640	384	87	621	390
64	640	384	103	621	390
128	640	384	142	621	390
192	640	384	192	621	390
256	640	384	245	620	390
320	640	384	301	619	389
384	640	384	360	619	389
448	640	384	418	619	389
512	640	384	473	619	388
576	640	384	529	619	388
640	640	384	589	619	388
704	640	384	644	619	388
768	640	384	701	619	388
832	640	384	759	619	387
896	640	384	819	619	387
960	640	384	877	619	386
1023	640	384	934	618	386
0	704	384	89	679	390
64	704	384	103	679	390
128	704	384	143	679	390
192	704	384	192	678	390
256	704	384	245	678	390
320	704	384	301	677	389
384	704	384	360	677	389
448	704	384	417	677	389
512	704	384	472	677	389
576	704	384	529	677	388
640	704	384	589	677	388
704	704	384	644	677	388
768	704	384	700	677	388
832	704	384	759	677	388
896	704	384	819	677	387
960	704	384	876	677	386
1023	704	384	934	677	386
0	768	384	89	740	391
64	768	384	104	740	391
128	768	384	143	740	391
192	768	384	193	739	391
256	768	384	245	739	391
320	768	384	301	739	389
384	768	384	359	738	389
448	768	384	417	738	389
512	768	384	472	738	389
576	768	384	529	738	389
640	768	384	589	738	388
704	768	384	644	738	388
768	768	384	700	738	388
832	768	384	759	738	388
896	768	384	819	738	387
960	768	384	876	738	387
1023	768	384	934	738	386
0	832	384	91	804	390
64	832	384	106	804	390
128	832	384	145	804	390
192	832	384	193	804	390
256	832	384	246	803	390
320	832	384	302	803	389
384	832	384	360	803	389
448	832	384	417	802	389
512	832	384	472	803	389
576	832	384	529	803	388
640	832	384	589	803	388
704	832	384	644	803	388
768	832	384	700	803	388
832	832	384	759	803	388
896	832	384	819	803	387
960	832	384	877	803	386
1023	832	384	934	802	386
0	896	384	93	865	391
64	896	384	106	865	391
128	896	384	144	865	390
192	896	384	193	865	390
256	896	384	246	864	390
320	896	384	301	864	389
384	896	384	359	864	389
448	896	384	417	864	389
512	896	384	471	864	388
576	896	384	528	864	388
640	896	384	588	864	388
704	896	384	644	864	388
768	896	384	700	864	388
832	896	384	759	864	387
896	896	384	818	864	387
960	896	384	876	864	387
1023	896	384	934	864	386
0	960	384	95	926	390
64	960	384	109	926	390
128	960	384	145	926	390
192	960	384	193	926	390
256	960	384	247	926	390
320	960	384	302	925	389
384	960	384	360	925	389
448	960	384	417	925	389
512	960	384	472	925	388
576	960	384	528	925	388
640	960	384	589	925	388
704	960	384	643	925	388
768	960	384	700	925	388
832	960	384	759	925	388
896	960	384	818	925	387
960	960	384	876	926	387
1023	960	384	934	925	386
0	1023	384	95	986	390
64	1023	384	108	986	390
128	1023	384	145	986	390
192	1023	384	193	986	390
256	1023	384	245	986	390
320	1023	384	301	986	389
384	1023	384	358	986	389
448	1023	384	416	986	388
512	1023	384	471	986	388
576	1023	384	527	986	388
640	1023	384	588	986	388
704	1023	384	643	986	388
768	1023	384	699	986	387
832	1023	384	758	986	387
896	1023	384	818	986	386
960	1023	384	876	986	386
1023	1023	384	933	986	386
0	0	448	93	23	455
64	0	448	106	23	455
128	0	448	145	23	454
192	0	448	195	23	454
256	0	448	249	23	454
320	0	448	305	23	454
384	0	448	364	32	453
448	0	448	421	32	453
512	0	448	477	38	453
576	0	448	533	44	452
640	0	448	593	44	452
704	0	448	648	48	452
768	0	448	704	53	452
832	0	448	762	57	451
896	0	448	821	60	451
960	0	448	879	63	450
1023	0	448	935	66	450
0	64	448	93	63	454
64	64	448	106	63	454
128	64	448	145	63	454
192	64	448	195	63	454
256	64	448	249	63	454
320	64	448	305	66	453
384	64	448	364	66	453
448	64	448	421	69	453
512	64	448	477	69	453
576	64	448	533	72	452
640	64	448	593	72	452
704	64	448	647	77	452
768	64	448	704	80	452
832	64	448	762	82	451
896	64	448	821	85	451
960	64	448	878	87	450
1023	64	448	935	89	450
0	128	448	93	125	454
64	128	448	108	125	454
128	128	448	145	125	454
192	128	448	194	125	454
256	128	448	249	126	454
320	128	448	305	126	453
384	128	448	363	126	453
448	128	448	421	128	453
512	128	448	476	128	453
576	128	448	533	129	452
640	128	448	593	130	452
704	128	448	647	130	452
768	128	448	703	133	452
832	128	448	762	133	451
896	128	448	821	134	451
960	128	448	878	136	451
1023	128	448	935	137	450
0	192	448	93	188	454
64	192	448	108	188	454
128	192	448	145	188	454
192	192	448	195	188	454
256	192	448	248	188	454
320	192	448	305	188	453
384	192	448	363	188	453
448	192	448	421	188	453
512	192	448	476	188	453
576	192	448	532	189	452
640	192	448	592	188	452
704	192	448	647	189	452
768	192	448	703	190	452
832	192	448	762	191	451
896	192	448	821	193	451
960	192	448	878	193	451
1023	192	448	935	193	450
0	256	448	93	251	455
64	256	448	108	251	455
128	256	448	144	250	454
192	256	448	195	250	454
256	256	448	248	250	454
320	256	448	304	250	453
384	256	448	363	250	453
448	256	448	420	249	453
512	256	448	475	250	453
576	256	448	531	250	452
640	256	448	592	250	452
704	256	448	646	250	452
768	256	448	703	251	452
832	256	448	761	251	451
896	256	448	820	252	451
960	256	448	878	252	451
1023	256	448	934	252	450
0	320	448	95	313	453
64	320	448	108	313	453
128	320	448	144	313	453
192	320	448	194	312	452
256	320	448	248	312	452
320	320	448	304	311	452
384	320	448	362	311	452
448	320	448	419	311	451
512	320	448	474	311	451
576	320	448	531	311	451
640	320	448	591	312	451
704	320	448	646	312	451
768	320	448	702	312	450
832	320	448	761	312	450
896	320	448	820	313	450
960	320	448	877	313	449
1023	320	448	934	313	448
0	384	448	95	376	453
64	384	448	109	376	453
128	384	448	147	376	453
192	384	448	194	375	453
256	384	448	248	375	453
320	384	448	304	374	452
384	384	448	362	374	452
448	384	448	419	374	451
512	384	448	474	374	451
576	384	448	531	374	451
640	384	448	591	374	451
704	384	448	646	374	451
768	384	448	702	375	450
832	384	448	760	375	450
896	384	448	820	375	450
960	384	448	877	374	449
1023	384	448	934	375	449
0	448	448	95	437	453
64	448	448	109	437	453
128	448	448	147	436	453
192	448	448	194	436	453
256	448	448	248	436	452
320	448	448	304	435	451
384	448	448	362	435	451
448	448	448	419	435	451
512	448	448	474	435	451
576	448	448	531	435	451
640	448	448	591	435	451
704	448	448	645	434	450
768	448	448	702	435	450
832	448	448	761	435	450
896	448	448	820	435	449
960	448	448	878	435	449
1023	448	448	934	435	448
0	512	448	97	497	452
64	512	448	109	496	452
128	512	448	147	496	452
192	512	448	195	496	452
256	512	448	248	495	452
320	512	448	304	494	451
384	512	448	362	494	451
448	512	448	419	494	451
512	512	448	474	494	451
576	512	448	530	494	451
640	512	448	591	494	450
704	512	448	645	494	450
768	512	448	702	494	450
832	512	448	760	494	449
896	512	448	820	494	449
960	512	448	877	494	449
1023	512	448	934	494	448
0	576	448	97	557	452
64	576	448	111	557	452
128	576	448	148	557	452
192	576	448	196	557	452
256	576	448	249	556	452
320	576	448	304	555	451
384	576	448	362	555	451
448	576	448	419	555	451
512	576	448	474	555	451
576	576	448	530	555	451
640	576	448	590	555	450
704	576	448	645	555	450
768	576	448	702	555	450
832	576	448	760	555	449
896	576	448	820	555	449
960	576	448	877	555	449
1023	576	448	934	555	448
0	640	448	99	621	452
64	640	448	113	621	452
128	640	448	148	621	452
192	640	448	197	620	452
256	640	448	249	620	452
320	640	448	304	619	451
384	640	448	362	619	451
448	640	448	419	619	451
512	640	448	474	619	451
576	640	448	530	619	450
640	640	448	590	619	450
704	640	448	645	619	450
768	640	448	702	619	450
832	640	448	760	619	450
896	640	448	820	619	449
960	640	448	877	619	449
1023	640	448	934	618	448
0	704	448	101	679	452
64	704	448	113	679	452
128	704	448	149	679	452
192	704	448	197	678	452
256	704	448	249	678	452
320	704	448	304	677	451
384	704	448	362	677	451
448	704	448	419	677	451
512	704	448	473	677	451
576	704	448	530	677	451
640	704	448	590	677	450
704	704	448	645	677	450
768	704	448	702	677	450
832	704	448	760	677	450
896	704	448	820	677	449
960	704	448	877	677	449
1023	704	448	934	676	448
0	768	448	103	740	453
64	768	448	114	740	453
128	768	448	150	740	453
192	768	448	198	739	453
256	768	448	249	739	452
320	768	448	304	739	451
384	768	448	362	738	451
448	768	448	419	738	451
512	768	448	473	738	451
576	768	448	530	738	451
640	768	448	590	738	450
704	768	448	645	738	450
768	768	448	701	738	450
832	768	448	760	738	450
896	768	448	820	738	449
960	768	448	877	738	449
1023	768	448	934	738	448
0	832	448	103	804	452
64	832	448	117	804	452
128	832	448	151	804	452
192	832	448	198	803	452
256	832	448	250	803	452
320	832	448	305	803	451
384	832	448	363	803	451
448	832	448	419	802	451
512	832	448	474	803	451
576	832	448	530	803	450
640	832	448	590	803	450
704	832	448	645	803	450
768	832	448	702	803	450
832	832	448	760	803	449
896	832	448	820	803	449
960	832	448	877	803	449
1023	832	448	934	802	448
0	896	448	103	865	453
64	896	448	114	865	453
128	896	448	150	865	452
192	896	448	197	864	452
256	896	448	250	864	452
320	896	448	304	864	451
384	896	448	361	864	451
448	896	448	418	864	451
512	896	448	473	864	450
576	896	448	530	864	450
640	896	448	590	864	450
704	896	448	645	864	450
768	896	448	701	864	450
832	896	448	760	864	449
896	896	448	819	864	449
960	896	448	877	864	448
1023	896	448	934	864	448
0	960	448	106	926	453
64	960	448	117	926	453
128	960	448	152	926	452
192	960	448	198	926	452
256	960	448	250	926	452
320	960	448	305	925	451
384	960	448	362	925	451
448	960	448	419	925	450
512	960	448	473	925	450
576	960	448	529	925	450
640	960	448	590	925	450
704	960	448	644	925	450
768	960	448	701	926	449
832	960	448	760	925	449
896	960	448	819	926	449
960	960	448	877	925	449
1023	960	448	934	925	448
0	1023	448	106	986	452
64	1023	448	119	986	452
128	1023	448	151	986	452
192	1023	448	198	986	451
256	1023	448	248	986	451
320	1023	448	304	986	451
384	1023	448	361	986	450
448	1023	448	417	986	450
512	1023	448	472	986	450
576	1023	448	529	986	449
640	1023	448	589	986	449
704	1023	448	644	986	449
768	1023	448	700	986	449
832	1023	448	759	986	448
896	1023	448	819	986	448
960	1023	448	877	986	448
1023	1023	448	934	986	447
0	0	512	106	32	517
64	0	512	119	32	517
128	0	512	153	32	517
192	0	512	201	32	516
256	0	512	253	32	516
320	0	512	309	32	516
384	0	512	366	32	515
448	0	512	424	32	515
512	0	512	479	38	514
576	0	512	535	38	514
640	0	512	595	44	514
704	0	512	649	48	514
768	0	512	705	53	514
832	0	512	763	57	513
896	0	512	822	60	512
960	0	512	879	66	512
1023	0	512	936	69	512
0	64	512	106	66	516
64	64	512	119	66	516
128	64	512	153	66	516
192	64	512	201	66	516
256	64	512	253	66	515
320	64	512	309	66	515
384	64	512	366	66	515
448	64	512	424	66	515
512	64	512	479	69	514
576	64	512	534	72	514
640	64	512	595	75	514
704	64	512	648	75	514
768	64	512	705	77	514
832	64	512	763	82	513
896	64	512	822	85	512
960	64	512	879	87	512
1023	64	512	936	89	512
0	128	512	106	126	516
64	128	512	119	126	516
128	128	512	153	126	516
192	128	512	201	126	516
256	128	512	253	126	515
320	128	512	308	128	515
384	128	512	366	128	515
448	128	512	423	128	515
512	128	512	478	128	514
576	128	512	534	129	514
640	128	512	594	130	514
704	128	512	648	132	514
768	128	512	705	132	514
832	128	512	763	133	513
896	128	512	822	134	512
960	128	512	879	136	512
1023	128	512	936	138	512
0	192	512	106	188	516
64	192	512	119	188	516
128	192	512	153	188	516
192	192	512	200	188	516
256	192	512	252	188	516
320	192	512	308	188	515
384	192	512	366	188	515
448	192	512	423	188	515
512	192	512	477	188	514
576	192	512	534	188	514
640	192	512	594	189	514
704	192	512	648	189	514
768	192	512	704	190	513
832	192	512	763	191	513
896	192	512	822	192	512
960	192	512	879	193	512
1023	192	512	936	193	512
0	256	512	106	250	517
64	256	512	119	250	517
128	256	512	153	250	516
192	256	512	201	250	516
256	256	512	253	250	516
320	256	512	308	249	515
384	256	512	365	250	515
448	256	512	422	249	515
512	256	512	477	250	515
576	256	512	533	250	514
640	256	512	593	250	514
704	256	512	647	250	514
768	256	512	703	251	513
832	256	512	762	251	513
896	256	512	821	252	513
960	256	512	878	252	512
1023	256	512	935	252	512
0	320	512	106	313	515
64	320	512	119	313	515
128	320	512	153	313	514
192	320	512	199	312	514
256	320	512	252	312	514
320	320	512	307	311	514
384	320	512	365	311	514
448	320	512	421	311	513
512	320	512	476	311	513
576	320	512	532	311	513
640	320	512	592	312	512
704	320	512	647	312	512
768	320	512	703	312	512
832	320	512	762	313	512
896	320	512	821	313	511
960	320	512	878	313	511
1023	320	512	935	313	510
0	384	512	108	376	515
64	384	512	119	376	515
128	384	512	155	376	515
192	384	512	200	375	515
256	384	512	253	375	515
320	384	512	307	374	514
384	384	512	365	374	514
448	384	512	422	374	513
512	384	512	476	374	513
576	384	512	532	374	513
640	384	512	593	374	512
704	384	512	647	374	512
768	384	512	703	374	512
832	384	512	762	374	512
896	384	512	821	375	511
960	384	512	878	375	511
1023	384	512	935	375	510
0	448	512	108	437	515
64	448	512	120	437	515
128	448	512	155	436	515
192	448	512	202	436	514
256	448	512	253	435	514
320	448	512	307	435	513
384	448	512	365	434	513
448	448	512	421	434	513
512	448	512	476	435	513
576	448	512	532	435	512
640	448	512	592	435	512
704	448	512	646	435	512
768	448	512	703	435	512
832	448	512	762	435	511
896	448	512	821	435	511
960	448	512	878	435	511
1023	448	512	935	434	510
0	512	512	109	496	514
64	512	512	120	496	514
128	512	512	155	496	514
192	512	512	201	495	514
256	512	512	253	495	514
320	512	512	308	494	513
384	512	512	365	494	513
448	512	512	421	494	513
512	512	512	476	494	513
576	512	512	532	494	512
640	512	512	592	494	512
704	512	512	646	494	512
768	512	512	703	494	512
832	512	512	761	494	511
896	512	512	821	494	511
960	512	512	878	494	511
1023	512	512	935	494	510
0	576	512	109	557	514
64	576	512	122	557	514
128	576	512	156	557	514
192	576	512	202	556	514
256	576	512	253	556	514
320	576	512	308	555	513
384	576	512	365	555	513
448	576	512	421	555	513
512	576	512	476	555	512
576	576	512	532	555	512
640	576	512	592	555	512
704	576	512	646	555	512
768	576	512	703	555	512
832	576	512	761	555	511
896	576	512	821	555	511
960	576	512	878	555	511
1023	576	512	935	555	510
0	640	512	111	621	514
64	640	512	122	621	514
128	640	512	156	621	514
192	640	512	202	620	514
256	640	512	253	620	514
320	640	512	308	619	513
384	640	512	365	619	513
448	640	512	421	619	513
512	640	512	476	619	512
576	640	512	532	619	512
640	640	512	592	619	512
704	640	512	646	619	512
768	640	512	703	619	512
832	640	512	761	619	511
896	640	512	821	619	511
960	640	512	878	619	510
1023	640	512	935	618	510
0	704	512	113	679	514
64	704	512	123	679	514
128	704	512	157	678	514
192	704	512	202	678	514
256	704	512	253	678	514
320	704	512	307	677	513
384	704	512	365	677	513
448	704	512	421	677	512
512	704	512	476	677	512
576	704	512	532	677	512
640	704	512	592	677	512
704	704	512	646	677	512
768	704	512	703	677	512
832	704	512	761	677	511
896	704	512	821	677	511
960	704	512	878	677	511
1023	704	512	935	676	510
0	768	512	113	740	515
64	768	512	125	740	515
128	768	512	157	740	515
192	768	512	202	739	515
256	768	512	254	739	514
320	768	512	308	739	513
384	768	512	365	739	513
448	768	512	421	738	513
512	768	512	476	738	512
576	768	512	532	738	512
640	768	512	592	738	512
704	768	512	646	738	512
768	768	512	703	738	512
832	768	512	761	738	511
896	768	512	821	738	511
960	768	512	878	738	511
1023	768	512	935	738	510
0	832	512	116	804	514
64	832	512	128	804	514
128	832	512	159	804	514
192	832	512	204	803	514
256	832	512	254	803	513
320	832	512	308	803	513
384	832	512	365	802	512
448	832	512	421	802	512
512	832	512	475	802	512
576	832	512	532	802	512
640	832	512	592	803	512
704	832	512	646	803	512
768	832	512	703	803	511
832	832	512	761	803	511
896	832	512	821	803	511
960	832	512	878	802	510
1023	832	512	935	802	510
0	896	512	114	865	514
64	896	512	126	865	514
128	896	512	158	865	514
192	896	512	203	864	514
256	896	512	253	864	514
320	896	512	307	864	512
384	896	512	365	864	512
448	896	512	421	864	512
512	896	512	475	864	512
576	896	512	531	864	512
640	896	512	592	864	512
704	896	512	646	864	512
768	896	512	702	864	511
832	896	512	761	864	511
896	896	512	820	864	511
960	896	512	878	864	510
1023	896	512	935	864	510
0	960	512	116	926	514
64	960	512	128	926	514
128	960	512	160	926	514
192	960	512	204	926	514
256	960	512	254	926	513
320	960	512	308	925	512
384	960	512	365	925	512
448	960	512	421	925	512
512	960	512	475	925	512
576	960	512	531	925	512
640	960	512	591	925	511
704	960	512	646	925	511
768	960	512	702	925	511
832	960	512	761	926	511
896	960	512	820	926	511
960	960	512	878	926	510
1023	960	512	935	925	510
0	1023	512	116	986	514
64	1023	512	128	986	514
128	1023	512	160	986	513
192	1023	512	203	986	513
256	1023	512	253	986	513
320	1023	512	307	986	512
384	1023	512	364	986	512
448	1023	512	420	986	511
512	1023	512	474	986	511
576	1023	512	530	986	511
640	1023	512	590	986	511
704	1023	512	645	986	511
768	1023	512	702	986	511
832	1023	512	760	986	510
896	1023	512	820	986	510
960	1023	512	878	986	509
1023	1023	512	935	986	509
0	0	576	119	32	582
64	0	576	130	32	582
128	0	576	161	32	582
192	0	576	207	32	582
256	0	576	259	32	582
320	0	576	313	32	581
384	0	576	370	32	581
448	0	576	426	38	580
512	0	576	481	44	580
576	0	576	536	44	580
640	0	576	596	48	580
704	0	576	650	53	579
768	0	576	706	53	579
832	0	576	765	60	579
896	0	576	823	60	578
960	0	576	880	66	578
1023	0	576	937	72	578
0	64	576	119	66	582
64	64	576	130	66	582
128	64	576	161	66	582
192	64	576	207	66	581
256	64	576	259	66	581
320	64	576	313	66	581
384	64	576	370	69	580
448	64	576	426	69	580
512	64	576	481	72	580
576	64	576	536	75	580
640	64	576	596	75	580
704	64	576	650	77	579
768	64	576	706	80	579
832	64	576	764	82	579
896	64	576	823	87	578
960	64	576	880	87	578
1023	64	576	937	91	578
0	128	576	119	126	582
64	128	576	129	126	582
128	128	576	162	126	582
192	128	576	207	126	582
256	128	576	258	126	581
320	128	576	313	128	581
384	128	576	370	128	580
448	128	576	426	128	580
512	128	576	480	129	580
576	128	576	536	130	580
640	128	576	596	130	580
704	128	576	650	130	579
768	128	576	706	132	579
832	128	576	764	134	579
896	128	576	823	136	578
960	128	576	880	137	578
1023	128	576	937	138	578
0	192	576	119	188	582
64	192	576	129	188	582
128	192	576	162	188	582
192	192	576	207	188	582
256	192	576	258	188	582
320	192	576	312	188	581
384	192	576	369	188	581
448	192	576	425	188	580
512	192	576	480	189	580
576	192	576	536	188	580
640	192	576	595	189	580
704	192	576	649	190	579
768	192	576	705	191	579
832	192	576	764	192	579
896	192	576	823	193	578
960	192	576	880	193	578
1023	192	576	937	194	578
0	256	576	119	250	582
64	256	576	129	250	582
128	256	576	162	250	582
192	256	576	206	250	582
256	256	576	258	250	582
320	256	576	311	250	581
384	256	576	368	250	581
448	256	576	424	250	580
512	256	576	479	250	580
576	256	576	535	250	580
640	256	576	595	250	580
704	256	576	649	250	580
768	256	576	705	251	579
832	256	576	763	252	579
896	256	576	822	252	578
960	256	576	880	253	578
1023	256	576	936	253	578
0	320	576	119	313	580
64	320	576	130	313	580
128	320	576	162	313	580
192	320	576	206	312	580
256	320	576	257	312	580
320	320	576	311	311	579
384	320	576	368	311	579
448	320	576	424	311	579
512	320	576	478	311	579
576	320	576	534	312	579
640	320	576	594	312	578
704	320	576	648	312	578
768	320	576	704	312	578
832	320	576	763	312	578
896	320	576	822	313	578
960	320	576	879	313	577
1023	320	576	936	313	576
0	384	576	120	376	581
64	384	576	130	376	581
128	384	576	163	376	581
192	384	576	207	375	581
256	384	576	258	375	580
320	384	576	311	374	579
384	384	576	368	374	579
448	384	576	424	374	579
512	384	576	478	374	579
576	384	576	534	374	579
640	384	576	594	374	578
704	384	576	648	374	578
768	384	576	704	374	578
832	384	576	763	375	578
896	384	576	822	375	578
960	384	576	879	375	577
1023	384	576	936	375	577
0	448	576	122	437	580
64	448	576	133	437	580
128	448	576	163	437	580
192	448	576	207	436	580
256	448	576	258	436	580
320	448	576	312	435	579
384	448	576	368	435	579
448	448	576	424	435	579
512	448	576	478	435	578
576	448	576	534	435	578
640	448	576	594	435	578
704	448	576	648	435	578
768	448	576	704	435	578
832	448	576	763	435	578
896	448	576	822	435	577
960	448	576	879	435	577
1023	448	576	936	435	576
0	512	576	122	496	580
64	512	576	133	496	580
128	512	576	164	496	580
192	512	576	207	495	580
256	512	576	258	495	580
320	512	576	312	494	579
384	512	576	368	494	579
448	512	576	424	494	579
512	512	576	478	494	578
576	512	576	534	494	578
640	512	576	594	494	578
704	512	576	648	494	578
768	512	576	704	494	578
832	512	576	763	494	577
896	512	576	822	494	577
960	512	576	879	494	577
1023	512	576	936	494	576
0	576	576	123	557	580
64	576	576	133	557	580
128	576	576	164	557	580
192	576	576	208	556	580
256	576	576	258	556	580
320	576	576	312	555	579
384	576	576	368	555	579
448	576	576	424	555	579
512	576	576	478	555	578
576	576	576	534	555	578
640	576	576	594	555	578
704	576	576	648	555	578
768	576	576	704	555	578
832	576	576	763	555	577
896	576	576	822	555	577
960	576	576	879	555	577
1023	576	576	936	555	576
0	640	576	123	621	580
64	640	576	133	621	580
128	640	576	165	621	580
192	640	576	208	620	580
256	640	576	258	620	580
320	640	576	312	619	579
384	640	576	368	619	579
448	640	576	424	619	579
512	640	576	478	619	578
576	640	576	534	619	578
640	640	576	594	619	578
704	640	576	648	619	578
768	640	576	704	619	578
832	640	576	763	619	577
896	640	576	822	619	577
960	640	576	879	619	576
1023	640	576	936	618	576
0	704	576	125	678	580
64	704	576	134	678	580
128	704	576	165	678	580
192	704	576	209	678	580
256	704	576	258	678	580
320	704	576	312	677	579
384	704	576	368	677	579
448	704	576	424	677	579
512	704	576	478	677	579
576	704	576	534	677	578
640	704	576	594	677	578
704	704	576	648	677	578
768	704	576	704	677	578
832	704	576	763	677	577
896	704	576	822	677	577
960	704	576	879	677	577
1023	704	576	936	676	576
0	768	576	125	740	581
64	768	576	136	740	581
128	768	576	166	740	580
192	768	576	209	739	580
256	768	576	258	739	580
320	768	576	312	738	579
384	768	576	368	738	579
448	768	576	424	738	579
512	768	576	478	738	578
576	768	576	534	738	578
640	768	576	594	738	578
704	768	576	648	738	578
768	768	576	704	738	578
832	768	576	763	738	578
896	768	576	822	738	577
960	768	576	879	738	577
1023	768	576	936	738	576
0	832	576	128	804	580
64	832	576	137	804	580
128	832	576	167	803	580
192	832	576	209	803	579
256	832	576	259	803	579
320	832	576	312	803	579
384	832	576	368	802	578
448	832	576	424	802	578
512	832	576	478	802	578
576	832	576	534	802	578
640	832	576	593	802	578
704	832	576	648	802	577
768	832	576	704	802	577
832	832	576	763	803	577
896	832	576	822	802	577
960	832	576	879	802	576
1023	832	576	936	802	576
0	896	576	128	865	580
64	896	576	137	865	580
128	896	576	167	865	580
192	896	576	209	864	580
256	896	576	258	864	580
320	896	576	312	864	579
384	896	576	367	864	578
448	896	576	423	864	578
512	896	576	477	864	578
576	896	576	533	864	578
640	896	576	593	864	578
704	896	576	647	864	578
768	896	576	704	864	577
832	896	576	762	864	577
896	896	576	821	864	577
960	896	576	879	864	576
1023	896	576	936	864	576
0	960	576	129	926	580
64	960	576	139	926	580
128	960	576	168	926	580
192	960	576	210	926	580
256	960	576	259	926	579
320	960	576	312	925	578
384	960	576	368	925	578
448	960	576	423	925	578
512	960	576	477	925	578
576	960	576	533	925	578
640	960	576	593	925	578
704	960	576	647	925	578
768	960	576	703	925	577
832	960	576	762	925	577
896	960	576	821	925	577
960	960	576	879	926	576
1023	960	576	936	926	576
0	1023	576	128	987	579
64	1023	576	138	987	579
128	1023	576	167	986	579
192	1023	576	209	986	579
256	1023	576	258	986	579
320	1023	576	310	986	578
384	1023	576	366	986	578
448	1023	576	422	986	578
512	1023	576	476	986	578
576	1023	576	532	986	577
640	1023	576	592	986	577
704	1023	576	646	986	577
768	1023	576	703	986	577
832	1023	576	762	986	576
896	1023	576	821	986	576
960	1023	576	879	986	575
1023	1023	576	936	986	575
0	0	640	133	32	644
64	0	640	143	32	644
128	0	640	172	32	644
192	0	640	215	32	644
256	0	640	263	32	644
320	0	640	317	32	643
384	0	640	373	32	643
448	0	640	429	38	642
512	0	640	483	44	642
576	0	640	538	44	642
640	0	640	599	48	642
704	0	640	652	53	642
768	0	640	708	57	642
832	0	640	766	60	641
896	0	640	825	63	641
960	0	640	882	66	641
1023	0	640	938	72	640
0	64	640	133	66	643
64	64	640	143	66	643
128	64	640	172	66	643
192	64	640	215	66	643
256	64	640	263	66	643
320	64	640	317	66	643
384	64	640	373	69	643
448	64	640	429	72	642
512	64	640	483	72	642
576	64	640	538	72	642
640	64	640	598	75	642
704	64	640	652	77	642
768	64	640	708	82	642
832	64	640	766	82	641
896	64	640	825	87	641
960	64	640	882	89	641
1023	64	640	938	91	640
0	128	640	132	128	644
64	128	640	143	128	644
128	128	640	172	128	643
192	128	640	214	128	643
256	128	640	263	128	643
320	128	640	317	128	643
384	128	640	373	128	643
448	128	640	429	128	642
512	128	640	483	129	642
576	128	640	538	130	642
640	128	640	598	130	642
704	128	640	652	130	642
768	128	640	708	133	642
832	128	640	766	133	641
896	128	640	824	136	641
960	128	640	882	137	641
1023	128	640	938	138	640
0	192	640	130	188	644
64	192	640	142	188	644
128	192	640	171	188	644
192	192	640	214	188	644
256	192	640	263	188	644
320	192	640	317	188	643
384	192	640	373	188	643
448	192	640	428	189	643
512	192	640	482	188	642
576	192	640	538	189	642
640	192	640	598	189	642
704	192	640	651	191	642
768	192	640	707	191	642
832	192	640	766	192	641
896	192	640	824	193	641
960	192	640	881	193	641
1023	192	640	938	194	640
0	256	640	132	250	644
64	256	640	141	250	644
128	256	640	171	250	644
192	256	640	213	250	644
256	256	640	262	250	644
320	256	640	316	250	643
384	256	640	372	249	643
448	256	640	427	250	643
512	256	640	481	250	642
576	256	640	537	250	642
640	256	640	597	250	642
704	256	640	651	251	642
768	256	640	707	252	642
832	256	640	765	252	642
896	256	640	824	252	641
960	256	640	881	252	641
1023	256	640	938	253	640
0	320	640	132	313	642
64	320	640	141	313	642
128	320	640	171	313	642
192	320	640	213	312	642
256	320	640	262	312	641
320	320	640	316	311	641
384	320	640	372	311	641
448	320	640	427	312	641
512	320	640	481	311	641
576	320	640	536	311	641
640	320	640	597	311	641
704	320	640	650	312	640
768	320	640	706	312	640
832	320	640	765	312	640
896	320	640	823	313	639
960	320	640	881	313	639
1023	320	640	937	313	639
0	384	640	133	376	643
64	384	640	143	376	643
128	384	640	172	375	643
192	384	640	214	375	642
256	384	640	263	375	642
320	384	640	316	374	641
384	384	640	372	374	641
448	384	640	427	374	641
512	384	640	481	374	641
576	384	640	536	374	641
640	384	640	597	374	641
704	384	640	650	375	640
768	384	640	706	374	640
832	384	640	765	375	640
896	384	640	823	375	639
960	384	640	881	375	639
1023	384	640	937	375	639
0	448	640	134	437	642
64	448	640	144	437	642
128	448	640	173	436	642
192	448	640	215	436	642
256	448	640	263	435	642
320	448	640	316	435	641
384	448	640	372	435	641
448	448	640	427	435	641
512	448	640	481	434	640
576	448	640	536	435	640
640	448	640	597	435	640
704	448	640	650	435	640
768	448	640	706	435	640
832	448	640	765	435	639
896	448	640	823	435	639
960	448	640	881	435	639
1023	448	640	937	435	638
0	512	640	136	496	642
64	512	640	144	496	642
128	512	640	173	496	642
192	512	640	215	495	641
256	512	640	263	495	641
320	512	640	316	494	641
384	512	640	372	494	641
448	512	640	427	494	640
512	512	640	481	494	640
576	512	640	536	494	640
640	512	640	596	494	640
704	512	640	650	494	640
768	512	640	706	494	640
832	512	640	764	494	639
896	512	640	823	494	639
960	512	640	881	494	638
1023	512	640	937	494	638
0	576	640	136	557	641
64	576	640	144	557	641
128	576	640	174	557	641
192	576	640	215	556	641
256	576	640	263	556	641
320	576	640	316	555	641
384	576	640	372	555	640
448	576	640	427	555	640
512	576	640	481	555	640
576	576	640	536	555	640
640	576	640	596	555	640
704	576	640	650	555	640
768	576	640	706	555	639
832	576	640	764	555	639
896	576	640	823	555	639
960	576	640	881	555	639
1023	576	640	937	555	638
0	640	640	137	621	642
64	640	640	145	621	642
128	640	640	174	621	641
192	640	640	215	620	641
256	640	640	263	620	641
320	640	640	317	619	641
384	640	640	372	619	640
448	640	640	427	619	640
512	640	640	481	619	640
576	640	640	536	619	640
640	640	640	596	619	640
704	640	640	649	619	640
768	640	640	706	619	639
832	640	640	764	619	639
896	640	640	823	619	639
960	640	640	881	618	639
1023	640	640	937	618	638
0	704	640	137	678	642
64	704	640	147	678	642
128	704	640	175	678	642
192	704	640	215	678	641
256	704	640	263	677	641
320	704	640	316	677	640
384	704	640	372	677	640
448	704	640	427	677	640
512	704	640	481	677	640
576	704	640	536	677	640
640	704	640	596	677	640
704	704	640	649	677	640
768	704	640	705	677	639
832	704	640	764	677	639
896	704	640	823	677	639
960	704	640	881	677	639
1023	704	640	937	676	638
0	768	640	138	740	642
64	768	640	147	740	642
128	768	640	175	739	642
192	768	640	216	739	642
256	768	640	264	739	642
320	768	640	317	738	641
384	768	640	372	738	640
448	768	640	427	738	640
512	768	640	480	738	640
576	768	640	536	738	640
640	768	640	596	738	640
704	768	640	649	738	639
768	768	640	705	738	639
832	768	640	764	738	639
896	768	640	823	738	639
960	768	640	880	738	639
1023	768	640	937	738	638
0	832	640	138	804	641
64	832	640	148	803	641
128	832	640	176	803	641
192	832	640	217	803	641
256	832	640	264	803	641
320	832	640	317	803	640
384	832	640	372	802	640
448	832	640	427	802	640
512	832	640	480	802	640
576	832	640	536	802	639
640	832	640	596	802	639
704	832	640	649	802	639
768	832	640	705	802	639
832	832	640	764	802	639
896	832	640	823	802	639
960	832	640	881	802	638
1023	832	640	937	802	638
0	896	640	139	865	641
64	896	640	148	865	641
128	896	640	176	865	641
192	896	640	216	864	641
256	896	640	263	864	641
320	896	640	316	864	640
384	896	640	372	864	640
448	896	640	426	864	640
512	896	640	480	864	639
576	896	640	535	864	639
640	896	640	595	864	639
704	896	640	649	864	639
768	896	640	705	864	639
832	896	640	764	864	639
896	896	640	823	864	638
960	896	640	880	864	638
1023	896	640	937	864	638
0	960	640	141	926	641
64	960	640	150	926	641
128	960	640	177	926	641
192	960	640	216	926	641
256	960	640	264	926	641
320	960	640	316	925	640
384	960	640	372	925	640
448	960	640	426	925	639
512	960	640	479	925	639
576	960	640	535	925	639
640	960	640	595	925	639
704	960	640	648	925	639
768	960	640	705	925	639
832	960	640	764	925	638
896	960	640	823	925	638
960	960	640	880	926	638
1023	960	640	937	925	638
0	1023	640	141	986	640
64	1023	640	149	986	640
128	1023	640	176	986	640
192	1023	640	216	986	640
256	1023	640	263	986	640
320	1023	640	316	986	639
384	1023	640	370	986	639
448	1023	640	425	986	639
512	1023	640	479	986	639
576	1023	640	534	986	639
640	1023	640	594	986	638
704	1023	640	647	986	638
768	1023	640	704	986	638
832	1023	640	763	986	638
896	1023	640	822	986	637
960	1023	640	880	986	637
1023	1023	640	937	986	637
0	0	704	145	38	706
64	0	704	153	38	706
128	0	704	181	38	706
192	0	704	222	38	705
256	0	704	270	38	705
320	0	704	322	38	705
384	0	704	377	38	705
448	0	704	432	38	704
512	0	704	486	44	703
576	0	704	541	48	703
640	0	704	601	53	702
704	0	704	654	53	702
768	0	704	710	57	703
832	0	704	768	63	702
896	0	704	826	66	702
960	0	704	883	69	703
1023	0	704	939	72	703
0	64	704	145	66	704
64	64	704	153	66	704
128	64	704	181	66	704
192	64	704	222	66	704
256	64	704	270	69	704
320	64	704	322	69	703
384	64	704	377	72	703
448	64	704	432	72	703
512	64	704	486	72	703
576	64	704	541	75	703
640	64	704	601	77	702
704	64	704	653	80	702
768	64	704	709	82	703
832	64	704	768	85	702
896	64	704	826	87	702
960	64	704	883	89	703
1023	64	704	939	93	703
0	128	704	145	128	704
64	128	704	155	128	704
128	128	704	181	128	704
192	128	704	222	128	704
256	128	704	270	128	704
320	128	704	322	128	703
384	128	704	377	129	703
448	128	704	432	129	703
512	128	704	485	129	703
576	128	704	540	130	703
640	128	704	600	130	702
704	128	704	653	132	702
768	128	704	709	133	702
832	128	704	767	134	702
896	128	704	826	136	702
960	128	704	883	138	703
1023	128	704	939	139	703
0	192	704	145	189	704
64	192	704	155	189	704
128	192	704	181	189	704
192	192	704	222	188	704
256	192	704	269	188	704
320	192	704	322	189	703
384	192	704	376	188	703
448	192	704	431	189	703
512	192	704	485	189	703
576	192	704	540	189	703
640	192	704	600	190	702
704	192	704	653	191	702
768	192	704	709	192	702
832	192	704	767	193	702
896	192	704	825	193	702
960	192	704	883	193	703
1023	192	704	939	195	703
0	256	704	145	251	704
64	256	704	155	250	704
128	256	704	180	250	704
192	256	704	222	250	704
256	256	704	269	250	704
320	256	704	321	250	703
384	256	704	376	250	703
448	256	704	431	250	703
512	256	704	484	250	703
576	256	704	539	250	703
640	256	704	599	251	702
704	256	704	652	251	702
768	256	704	708	252	702
832	256	704	767	252	702
896	256	704	825	252	702
960	256	704	882	252	703
1023	256	704	939	253	703
0	320	704	145	313	704
64	320	704	155	313	704
128	320	704	180	313	704
192	320	704	221	312	704
256	320	704	269	312	703
320	320	704	321	311	703
384	320	704	375	311	703
448	320	704	430	311	703
512	320	704	483	311	702
576	320	704	539	311	702
640	320	704	599	312	702
704	320	704	651	312	702
768	320	704	708	312	702
832	320	704	766	313	702
896	320	704	825	313	701
960	320	704	882	313	701
1023	320	704	939	313	701
0	384	704	147	376	704
64	384	704	155	376	704
128	384	704	182	375	704
192	384	704	222	375	704
256	384	704	269	375	703
320	384	704	321	374	703
384	384	704	376	374	703
448	384	704	430	374	703
512	384	704	483	374	703
576	384	704	539	374	702
640	384	704	599	374	702
704	384	704	652	374	702
768	384	704	708	375	702
832	384	704	766	374	702
896	384	704	825	375	701
960	384	704	882	375	701
1023	384	704	939	375	701
0	448	704	147	437	704
64	448	704	157	436	704
128	448	704	182	436	704
192	448	704	222	436	704
256	448	704	269	435	703
320	448	704	321	434	703
384	448	704	376	434	703
448	448	704	430	434	703
512	448	704	483	434	702
576	448	704	539	435	702
640	448	704	599	434	702
704	448	704	652	434	702
768	448	704	708	435	702
832	448	704	766	434	701
896	448	704	825	435	701
960	448	704	882	434	701
1023	448	704	938	434	701
0	512	704	148	496	704
64	512	704	157	496	704
128	512	704	182	496	704
192	512	704	223	495	703
256	512	704	269	495	703
320	512	704	321	494	702
384	512	704	376	494	702
448	512	704	430	494	702
512	512	704	483	494	702
576	512	704	539	494	702
640	512	704	598	494	702
704	512	704	651	494	702
768	512	704	708	494	702
832	512	704	766	494	701
896	512	704	825	494	701
960	512	704	882	494	701
1023	512	704	938	493	700
0	576	704	149	557	704
64	576	704	157	557	704
128	576	704	183	557	704
192	576	704	223	556	703
256	576	704	269	555	703
320	576	704	321	555	702
384	576	704	376	555	702
448	576	704	430	555	702
512	576	704	483	555	702
576	576	704	538	555	702
640	576	704	598	555	702
704	576	704	651	555	702
768	576	704	707	555	701
832	576	704	766	555	701
896	576	704	825	555	701
960	576	704	882	555	700
1023	576	704	938	555	700
0	640	704	149	620	704
64	640	704	158	620	704
128	640	704	184	620	703
192	640	704	223	620	703
256	640	704	270	619	703
320	640	704	321	619	702
384	640	704	376	619	702
448	640	704	430	619	702
512	640	704	483	619	702
576	640	704	538	619	702
640	640	704	598	619	702
704	640	704	651	619	702
768	640	704	707	619	701
832	640	704	766	619	701
896	640	704	825	618	701
960	640	704	882	618	701
1023	640	704	939	618	700
0	704	704	150	678	704
64	704	704	157	678	704
128	704	704	184	678	704
192	704	704	223	678	703
256	704	704	270	677	703
320	704	704	321	677	702
384	704	704	376	677	702
448	704	704	430	677	702
512	704	704	483	677	702
576	704	704	538	677	702
640	704	704	598	676	702
704	704	704	651	677	702
768	704	704	707	677	702
832	704	704	766	676	701
896	704	704	824	676	701
960	704	704	882	676	700
1023	704	704	939	676	700
0	768	704	150	739	704
64	768	704	159	739	704
128	768	704	184	739	703
192	768	704	223	739	703
256	768	704	269	738	703
320	768	704	321	738	702
384	768	704	375	738	702
448	768	704	430	738	702
512	768	704	483	738	702
576	768	704	538	738	702
640	768	704	598	738	702
704	768	704	651	738	702
768	768	704	707	738	701
832	768	704	766	738	701
896	768	704	824	738	701
960	768	704	882	738	700
1023	768	704	939	738	700
0	832	704	152	804	704
64	832	704	161	804	704
128	832	704	186	803	704
192	832	704	224	803	703
256	832	704	270	803	703
320	832	704	322	802	703
384	832	704	376	802	702
448	832	704	430	802	702
512	832	704	483	803	702
576	832	704	538	802	702
640	832	704	598	802	702
704	832	704	651	802	702
768	832	704	707	803	701
832	832	704	766	803	701
896	832	704	825	803	701
960	832	704	882	802	700
1023	832	704	939	802	700
0	896	704	151	865	703
64	896	704	159	864	703
128	896	704	185	864	703
192	896	704	223	864	703
256	896	704	270	864	702
320	896	704	321	864	702
384	896	704	375	863	702
448	896	704	429	864	702
512	896	704	482	863	702
576	896	704	538	863	701
640	896	704	597	864	701
704	896	704	650	864	701
768	896	704	707	864	701
832	896	704	766	864	701
896	896	704	824	864	701
960	896	704	882	864	700
1023	896	704	938	864	700
0	960	704	152	926	703
64	960	704	161	926	703
128	960	704	186	926	703
192	960	704	225	926	703
256	960	704	270	925	702
320	960	704	321	925	702
384	960	704	375	925	702
448	960	704	429	925	702
512	960	704	482	925	701
576	960	704	538	925	701
640	960	704	597	925	701
704	960	704	650	925	701
768	960	704	707	925	701
832	960	704	765	925	700
896	960	704	824	925	700
960	960	704	881	925	700
1023	960	704	938	925	699
0	1023	704	152	986	702
64	1023	704	161	986	702
128	1023	704	185	986	702
192	1023	704	223	986	702
256	1023	704	269	986	701
320	1023	704	320	986	701
384	1023	704	374	986	701
448	1023	704	428	986	700
512	1023	704	481	986	700
576	1023	704	537	986	700
640	1023	704	597	986	700
704	1023	704	649	986	700
768	1023	704	706	986	700
832	1023	704	765	986	700
896	1023	704	824	986	700
960	1023	704	881	986	699
1023	1023	704	938	986	699
0	0	768	158	44	770
64	0	768	167	44	770
128	0	768	191	44	770
192	0	768	230	44	770
256	0	768	276	44	770
320	0	768	327	44	769
384	0	768	382	44	769
448	0	768	435	44	769
512	0	768	488	48	768
576	0	768	543	48	768
640	0	768	603	53	768
704	0	768	655	57	768
768	0	768	711	60	768
832	0	768	769	63	768
896	0	768	827	66	767
960	0	768	884	72	767
1023	0	768	940	75	767
0	64	768	158	69	770
64	64	768	167	69	770
128	64	768	191	69	769
192	64	768	230	69	769
256	64	768	276	69	769
320	64	768	327	72	769
384	64	768	382	72	769
448	64	768	435	75	769
512	64	768	488	75	768
576	64	768	543	77	768
640	64	768	603	80	768
704	64	768	655	82	768
768	64	768	711	82	768
832	64	768	769	87	768
896	64	768	827	87	767
960	64	768	884	91	767
1023	64	768	940	95	767
0	128	768	158	128	770
64	128	768	167	128	770
128	128	768	191	128	770
192	128	768	230	128	769
256	128	768	276	129	769
320	128	768	327	129	769
384	128	768	381	129	769
448	128	768	435	129	769
512	128	768	488	129	768
576	128	768	543	130	768
640	128	768	603	132	768
704	128	768	655	133	768
768	128	768	711	134	768
832	128	768	769	136	768
896	128	768	827	137	767
960	128	768	884	138	767
1023	128	768	940	141	767
0	192	768	158	189	770
64	192	768	166	189	770
128	192	768	191	189	770
192	192	768	230	189	770
256	192	768	275	188	769
320	192	768	327	188	769
384	192	768	381	188	769
448	192	768	435	188	769
512	192	768	488	189	768
576	192	768	542	190	768
640	192	768	602	190	768
704	192	768	655	191	768
768	192	768	711	192	768
832	192	768	769	192	768
896	192	768	827	193	767
960	192	768	884	194	767
1023	192	768	940	194	767
0	256	768	158	251	770
64	256	768	166	251	770
128	256	768	191	251	770
192	256	768	230	250	770
256	256	768	275	250	770
320	256	768	326	250	769
384	256	768	380	250	769
448	256	768	434	250	769
512	256	768	487	250	768
576	256	768	542	250	768
640	256	768	601	251	768
704	256	768	654	251	768
768	256	768	710	251	768
832	256	768	768	251	768
896	256	768	827	252	767
960	256	768	884	253	767
1023	256	768	940	253	767
0	320	768	159	313	769
64	320	768	166	313	769
128	320	768	191	313	768
192	320	768	229	312	768
256	320	768	275	311	768
320	320	768	326	311	768
384	320	768	380	311	768
448	320	768	433	311	768
512	320	768	486	311	768
576	320	768	541	312	767
640	320	768	601	312	767
704	320	768	653	312	767
768	320	768	710	312	767
832	320	768	768	313	767
896	320	768	826	313	767
960	320	768	883	313	766
1023	320	768	940	313	766
0	384	768	160	375	769
64	384	768	167	375	769
128	384	768	193	375	769
192	384	768	230	375	769
256	384	768	275	374	769
320	384	768	326	374	768
384	384	768	380	373	768
448	384	768	433	373	768
512	384	768	486	374	768
576	384	768	541	374	767
640	384	768	601	374	767
704	384	768	653	374	767
768	384	768	710	374	767
832	384	768	768	374	767
896	384	768	826	374	767
960	384	768	883	374	766
1023	384	768	940	374	766
0	448	768	161	436	768
64	448	768	168	436	768
128	448	768	193	436	768
192	448	768	230	436	768
256	448	768	275	435	768
320	448	768	326	434	768
384	448	768	380	434	768
448	448	768	434	434	767
512	448	768	486	434	767
576	448	768	541	434	767
640	448	768	601	434	767
704	448	768	653	434	767
768	448	768	709	434	767
832	448	768	768	434	767
896	448	768	826	434	767
960	448	768	883	434	766
1023	448	768	940	434	766
0	512	768	161	495	768
64	512	768	169	495	768
128	512	768	193	495	768
192	512	768	230	495	768
256	512	768	275	494	768
320	512	768	327	494	768
384	512	768	380	494	768
448	512	768	433	493	767
512	512	768	486	493	767
576	512	768	541	494	767
640	512	768	601	494	767
704	512	768	653	493	767
768	512	768	709	493	767
832	512	768	768	494	767
896	512	768	826	494	767
960	512	768	883	494	766
1023	512	768	940	493	766
0	576	768	161	557	768
64	576	768	169	556	768
128	576	768	193	556	768
192	576	768	230	556	768
256	576	768	276	555	768
320	576	768	326	555	768
384	576	768	380	555	768
448	576	768	433	555	767
512	576	768	486	555	767
576	576	768	541	555	767
640	576	768	601	555	767
704	576	768	653	555	767
768	576	768	709	555	767
832	576	768	768	555	767
896	576	768	826	555	766
960	576	768	883	555	766
1023	576	768	940	554	766
0	640	768	162	620	768
64	640	768	170	620	768
128	640	768	193	620	768
192	640	768	231	620	768
256	640	768	276	619	768
320	640	768	326	619	768
384	640	768	380	619	768
448	640	768	433	619	767
512	640	768	486	618	767
576	640	768	541	618	767
640	640	768	601	618	767
704	640	768	653	618	767
768	640	768	709	618	767
832	640	768	768	618	767
896	640	768	826	618	766
960	640	768	883	618	766
1023	640	768	940	618	766
0	704	768	163	678	769
64	704	768	170	678	768
128	704	768	194	678	768
192	704	768	231	677	768
256	704	768	276	677	768
320	704	768	327	677	768
384	704	768	380	676	767
448	704	768	433	676	767
512	704	768	486	676	767
576	704	768	541	676	767
640	704	768	601	676	767
704	704	768	653	676	767
768	704	768	709	676	767
832	704	768	768	676	767
896	704	768	826	676	766
960	704	768	883	676	766
1023	704	768	940	676	766
0	768	768	163	739	768
64	768	768	171	739	768
128	768	768	194	739	768
192	768	768	232	739	768
256	768	768	275	738	768
320	768	768	327	738	768
384	768	768	379	738	767
448	768	768	433	738	767
512	768	768	486	738	767
576	768	768	541	738	767
640	768	768	600	738	767
704	768	768	653	738	767
768	768	768	709	738	767
832	768	768	768	738	767
896	768	768	826	738	767
960	768	768	883	738	766
1023	768	768	940	737	766
0	832	768	164	803	768
64	832	768	172	803	768
128	832	768	196	803	768
192	832	768	232	803	768
256	832	768	276	803	768
320	832	768	327	802	767
384	832	768	380	802	767
448	832	768	433	802	767
512	832	768	486	802	767
576	832	768	541	802	767
640	832	768	600	802	767
704	832	768	653	802	767
768	832	768	709	802	767
832	832	768	768	802	767
896	832	768	826	802	766
960	832	768	883	802	766
1023	832	768	940	802	766
0	896	768	163	865	768
64	896	768	171	865	768
128	896	768	195	864	768
192	896	768	231	864	768
256	896	768	276	864	768
320	896	768	326	864	767
384	896	768	379	864	767
448	896	768	432	863	767
512	896	768	486	863	767
576	896	768	540	864	767
640	896	768	600	864	767
704	896	768	652	864	767
768	896	768	709	864	767
832	896	768	768	864	766
896	896	768	826	864	766
960	896	768	883	864	766
1023	896	768	940	863	766
0	960	768	165	926	768
64	960	768	172	926	768
128	960	768	196	926	768
192	960	768	232	926	768
256	960	768	276	925	768
320	960	768	327	925	767
384	960	768	380	925	767
448	960	768	433	925	767
512	960	768	485	925	767
576	960	768	540	925	767
640	960	768	600	925	767
704	960	768	652	925	767
768	960	768	709	925	766
832	960	768	767	926	766
896	960	768	826	926	766
960	960	768	883	925	766
1023	960	768	940	925	765
0	1023	768	165	986	767
64	1023	768	172	986	767
128	1023	768	194	986	767
192	1023	768	232	986	767
256	1023	768	275	986	767
320	1023	768	325	986	767
384	1023	768	379	986	766
448	1023	768	431	986	766
512	1023	768	484	986	766
576	1023	768	539	986	766
640	1023	768	599	986	766
704	1023	768	651	986	766
768	1023	768	708	986	766
832	1023	768	767	986	766
896	1023	768	825	986	765
960	1023	768	883	986	765
1023	1023	768	939	986	764
0	0	832	172	44	834
64	0	832	179	44	834
128	0	832	202	44	834
192	0	832	238	44	834
256	0	832	283	44	834
320	0	832	333	44	834
384	0	832	386	44	834
448	0	832	439	44	834
512	0	832	492	48	834
576	0	832	546	53	832
640	0	832	606	53	832
704	0	832	657	60	832
768	0	832	713	60	832
832	0	832	772	66	832
896	0	832	829	66	832
960	0	832	886	72	832
1023	0	832	942	75	831
0	64	832	172	72	834
64	64	832	179	72	834
128	64	832	202	72	834
192	64	832	238	72	833
256	64	832	283	72	833
320	64	832	333	72	833
384	64	832	386	75	833
448	64	832	439	75	833
512	64	832	492	77	833
576	64	832	546	77	832
640	64	832	606	80	832
704	64	832	657	82	832
768	64	832	713	82	832
832	64	832	771	87	832
896	64	832	829	91	832
960	64	832	886	91	832
1023	64	832	942	95	831
0	128	832	172	129	834
64	128	832	179	129	834
128	128	832	202	129	834
192	128	832	238	129	833
256	128	832	282	128	833
320	128	832	333	129	833
384	128	832	386	129	833
448	128	832	439	129	833
512	128	832	491	130	833
576	128	832	546	132	832
640	128	832	605	133	832
704	128	832	657	133	832
768	128	832	713	134	832
832	128	832	771	136	832
896	128	832	829	138	832
960	128	832	886	138	832
1023	128	832	942	141	831
0	192	832	172	188	834
64	192	832	179	188	834
128	192	832	202	188	834
192	192	832	238	189	833
256	192	832	283	188	833
320	192	832	333	188	833
384	192	832	386	188	833
448	192	832	438	189	833
512	192	832	491	190	833
576	192	832	546	189	832
640	192	832	605	190	832
704	192	832	657	191	832
768	192	832	713	192	832
832	192	832	771	193	832
896	192	832	829	193	832
960	192	832	886	194	832
1023	192	832	942	194	831
0	256	832	172	250	834
64	256	832	179	250	834
128	256	832	202	250	834
192	256	832	238	250	834
256	256	832	282	250	833
320	256	832	332	250	833
384	256	832	385	250	833
448	256	832	438	250	833
512	256	832	490	250	833
576	256	832	545	250	832
640	256	832	604	250	832
704	256	832	656	251	832
768	256	832	712	251	832
832	256	832	770	252	832
896	256	832	828	252	832
960	256	832	885	253	832
1023	256	832	942	253	831
0	320	832	172	312	833
64	320	832	179	312	833
128	320	832	202	312	833
192	320	832	238	312	833
256	320	832	282	311	833
320	320	832	331	311	832
384	320	832	385	311	832
448	320	832	437	311	832
512	320	832	489	311	832
576	320	832	544	311	832
640	320	832	603	311	832
704	320	832	655	312	832
768	320	832	712	312	832
832	320	832	770	312	832
896	320	832	828	313	831
960	320	832	885	313	831
1023	320	832	941	313	831
0	384	832	173	375	833
64	384	832	180	375	833
128	384	832	202	375	833
192	384	832	238	374	833
256	384	832	282	373	833
320	384	832	332	373	832
384	384	832	385	373	832
448	384	832	437	373	832
512	384	832	489	373	832
576	384	832	544	373	832
640	384	832	604	373	832
704	384	832	655	373	832
768	384	832	712	374	832
832	384	832	770	374	832
896	384	832	828	374	832
960	384	832	885	374	831
1023	384	832	942	374	831
0	448	832	174	436	833
64	448	832	180	435	833
128	448	832	203	435	833
192	448	832	238	435	833
256	448	832	282	434	833
320	448	832	332	434	832
384	448	832	385	434	832
448	448	832	437	434	832
512	448	832	490	434	832
576	448	832	544	434	832
640	448	832	604	434	832
704	448	832	655	434	832
768	448	832	712	434	832
832	448	832	770	434	832
896	448	832	828	434	832
960	448	832	885	434	831
1023	448	832	942	434	831
0	512	832	174	495	833
64	512	832	180	495	833
128	512	832	204	495	833
192	512	832	239	494	833
256	512	832	283	494	833
320	512	832	332	493	832
384	512	832	385	493	832
448	512	832	437	493	832
512	512	832	490	493	832
576	512	832	544	493	832
640	512	832	603	493	832
704	512	832	656	494	832
768	512	832	712	493	832
832	512	832	770	493	832
896	512	832	828	493	831
960	512	832	885	493	831
1023	512	832	942	493	831
0	576	832	175	556	833
64	576	832	181	556	833
128	576	832	204	556	833
192	576	832	240	556	833
256	576	832	283	555	833
320	576	832	332	555	832
384	576	832	385	555	832
448	576	832	438	555	832
512	576	832	490	554	832
576	576	832	544	554	832
640	576	832	604	554	832
704	576	832	655	554	832
768	576	832	711	554	832
832	576	832	770	554	832
896	576	832	828	554	831
960	576	832	885	554	831
1023	576	832	941	554	831
0	640	832	175	620	833
64	640	832	181	620	833
128	640	832	205	619	833
192	640	832	240	619	833
256	640	832	283	619	833
320	640	832	332	618	832
384	640	832	385	618	832
448	640	832	437	618	832
512	640	832	489	618	832
576	640	832	544	618	832
640	640	832	603	618	832
704	640	832	655	618	832
768	640	832	711	618	832
832	640	832	770	618	832
896	640	832	828	618	831
960	640	832	885	618	831
1023	640	832	941	617	831
0	704	832	175	677	833
64	704	832	182	677	833
128	704	832	204	677	833
192	704	832	240	677	833
256	704	832	283	676	833
320	704	832	332	676	832
384	704	832	385	676	832
448	704	832	437	676	832
512	704	832	489	676	832
576	704	832	544	676	832
640	704	832	603	676	832
704	704	832	655	676	832
768	704	832	711	676	832
832	704	832	770	676	832
896	704	832	828	676	831
960	704	832	885	676	831
1023	704	832	942	676	831
0	768	832	176	739	833
64	768	832	182	739	833
128	768	832	205	739	833
192	768	832	240	738	833
256	768	832	283	738	832
320	768	832	332	738	832
384	768	832	385	738	832
448	768	832	437	738	832
512	768	832	489	738	832
576	768	832	544	738	832
640	768	832	603	738	832
704	768	832	655	738	832
768	768	832	711	738	832
832	768	832	770	738	832
896	768	832	828	738	831
960	768	832	885	738	831
1023	768	832	942	737	831
0	832	832	177	803	833
64	832	832	183	803	833
128	832	832	206	803	833
192	832	832	241	803	833
256	832	832	283	802	832
320	832	832	333	802	832
384	832	832	385	802	832
448	832	832	437	802	832
512	832	832	489	802	832
576	832	832	544	802	832
640	832	832	603	802	832
704	832	832	655	802	832
768	832	832	711	802	832
832	832	832	770	802	831
896	832	832	828	802	831
960	832	832	885	802	831
1023	832	832	942	802	831
0	896	832	176	864	833
64	896	832	183	864	833
128	896	832	206	864	833
192	896	832	240	864	833
256	896	832	282	864	832
320	896	832	332	863	832
384	896	832	385	863	832
448	896	832	437	863	832
512	896	832	489	863	832
576	896	832	543	863	832
640	896	832	603	863	832
704	896	832	655	863	831
768	896	832	711	863	831
832	896	832	770	863	831
896	896	832	827	863	831
960	896	832	885	863	831
1023	896	832	941	863	831
0	960	832	178	926	833
64	960	832	184	926	833
128	960	832	206	926	833
192	960	832	240	925	832
256	960	832	283	925	832
320	960	832	332	925	832
384	960	832	385	925	832
448	960	832	437	925	832
512	960	832	489	925	832
576	960	832	543	925	832
640	960	832	603	925	831
704	960	832	655	925	831
768	960	832	711	925	831
832	960	832	770	925	831
896	960	832	828	925	831
960	960	832	885	925	831
1023	960	832	941	925	830
0	1023	832	178	986	832
64	1023	832	183	986	832
128	1023	832	206	986	832
192	1023	832	240	986	832
256	1023	832	282	986	832
320	1023	832	331	986	832
384	1023	832	384	986	832
448	1023	832	436	986	831
512	1023	832	488	986	831
576	1023	832	543	986	831
640	1023	832	602	986	831
704	1023	832	654	986	831
768	1023	832	710	986	831
832	1023	832	769	986	831
896	1023	832	827	986	831
960	1023	832	885	986	830
1023	1023	832	941	986	830
0	0	896	185	53	897
64	0	896	191	53	897
128	0	896	213	53	897
192	0	896	247	53	897
256	0	896	291	53	897
320	0	896	340	53	897
384	0	896	392	53	897
448	0	896	443	53	897
512	0	896	495	53	897
576	0	896	550	57	897
640	0	896	609	60	897
704	0	896	660	60	897
768	0	896	716	66	897
832	0	896	774	66	897
896	0	896	831	69	896
960	0	896	888	75	896
1023	0	896	944	80	896
0	64	896	185	72	897
64	64	896	191	72	897
128	64	896	213	72	897
192	64	896	247	72	897
256	64	896	291	75	897
320	64	896	339	75	897
384	64	896	392	75	897
448	64	896	443	77	897
512	64	896	495	77	897
576	64	896	550	80	897
640	64	896	609	82	897
704	64	896	660	82	897
768	64	896	716	87	897
832	64	896	774	87	897
896	64	896	831	91	896
960	64	896	888	95	896
1023	64	896	944	95	896
0	128	896	185	129	897
64	128	896	192	129	897
128	128	896	213	129	897
192	128	896	247	130	897
256	128	896	290	129	897
320	128	896	339	129	897
384	128	896	391	130	897
448	128	896	443	130	897
512	128	896	495	132	897
576	128	896	549	132	897
640	128	896	608	133	897
704	128	896	660	133	897
768	128	896	715	136	897
832	128	896	774	136	897
896	128	896	831	138	896
960	128	896	888	139	896
1023	128	896	944	141	896
0	192	896	185	189	898
64	192	896	192	189	898
128	192	896	213	189	898
192	192	896	248	188	898
256	192	896	290	188	898
320	192	896	339	189	897
384	192	896	391	189	897
448	192	896	443	189	897
512	192	896	495	189	897
576	192	896	549	190	897
640	192	896	608	191	897
704	192	896	659	192	897
768	192	896	715	193	897
832	192	896	773	193	897
896	192	896	831	194	896
960	192	896	887	194	896
1023	192	896	944	195	896
0	256	896	184	251	898
64	256	896	191	251	898
128	256	896	213	250	898
192	256	896	247	250	898
256	256	896	289	250	898
320	256	896	338	250	897
384	256	896	390	249	897
448	256	896	442	250	897
512	256	896	494	250	897
576	256	896	548	250	897
640	256	896	607	250	897
704	256	896	658	251	897
768	256	896	714	252	897
832	256	896	773	252	897
896	256	896	830	252	896
960	256	896	887	253	896
1023	256	896	943	253	896
0	320	896	185	312	897
64	320	896	191	312	897
128	320	896	213	312	897
192	320	896	247	312	896
256	320	896	289	311	896
320	320	896	338	311	896
384	320	896	390	311	896
448	320	896	441	311	896
512	320	896	493	311	896
576	320	896	548	311	896
640	320	896	606	311	896
704	320	896	658	312	896
768	320	896	714	312	896
832	320	896	772	312	896
896	320	896	830	312	895
960	320	896	887	313	895
1023	320	896	943	313	895
0	384	896	186	375	897
64	384	896	192	375	897
128	384	896	214	374	897
192	384	896	247	374	897
256	384	896	290	373	897
320	384	896	338	373	896
384	384	896	390	373	896
448	384	896	441	373	896
512	384	896	493	373	896
576	384	896	548	373	896
640	384	896	606	373	896
704	384	896	658	373	896
768	384	896	714	373	896
832	384	896	772	374	896
896	384	896	830	374	895
960	384	896	887	374	895
1023	384	896	943	374	895
0	448	896	187	435	896
64	448	896	193	435	896
128	448	896	214	435	896
192	448	896	248	434	896
256	448	896	290	434	896
320	448	896	338	433	896
384	448	896	390	434	896
448	448	896	442	433	896
512	448	896	493	433	896
576	448	896	547	434	896
640	448	896	607	433	896
704	448	896	658	433	896
768	448	896	714	434	896
832	448	896	773	434	895
896	448	896	830	434	895
960	448	896	887	434	895
1023	448	896	943	433	895
0	512	896	187	495	896
64	512	896	193	495	896
128	512	896	214	494	896
192	512	896	248	494	896
256	512	896	289	493	896
320	512	896	339	493	896
384	512	896	390	493	896
448	512	896	441	493	896
512	512	896	493	492	896
576	512	896	547	493	896
640	512	896	606	493	896
704	512	896	658	493	896
768	512	896	714	493	896
832	512	896	772	493	895
896	512	896	830	493	895
960	512	896	887	493	895
1023	512	896	943	493	895
0	576	896	187	556	896
64	576	896	193	556	896
128	576	896	215	555	896
192	576	896	248	555	896
256	576	896	290	554	896
320	576	896	338	554	896
384	576	896	390	554	896
448	576	896	441	554	896
512	576	896	493	554	896
576	576	896	547	554	896
640	576	896	607	554	896
704	576	896	658	554	896
768	576	896	714	554	895
832	576	896	772	554	895
896	576	896	830	554	895
960	576	896	887	554	895
1023	576	896	943	554	895
0	640	896	188	619	896
64	640	896	194	619	896
128	640	896	215	619	896
192	640	896	248	619	896
256	640	896	290	618	896
320	640	896	338	618	896
384	640	896	390	618	896
448	640	896	441	618	896
512	640	896	493	618	896
576	640	896	547	618	896
640	640	896	606	618	896
704	640	896	658	618	896
768	640	896	714	618	896
832	640	896	772	618	895
896	640	896	830	618	895
960	640	896	887	618	895
1023	640	896	943	617	895
0	704	896	188	677	896
64	704	896	194	677	896
128	704	896	215	677	896
192	704	896	248	677	896
256	704	896	290	676	896
320	704	896	338	676	896
384	704	896	390	676	896
448	704	896	441	676	896
512	704	896	493	676	896
576	704	896	547	676	896
640	704	896	606	676	896
704	704	896	658	676	896
768	704	896	714	676	896
832	704	896	772	676	895
896	704	896	830	676	895
960	704	896	887	676	895
1023	704	896	943	675	895
0	768	896	189	739	897
64	768	896	195	739	897
128	768	896	215	739	897
192	768	896	248	738	897
256	768	896	290	738	897
320	768	896	339	738	896
384	768	896	390	737	896
448	768	896	441	737	896
512	768	896	493	737	896
576	768	896	547	737	896
640	768	896	606	737	896
704	768	896	657	738	896
768	768	896	714	738	896
832	768	896	772	737	896
896	768	896	830	738	895
960	768	896	887	737	895
1023	768	896	943	737	895
0	832	896	189	803	896
64	832	896	196	803	896
128	832	896	217	803	896
192	832	896	250	802	896
256	832	896	290	802	896
320	832	896	339	802	896
384	832	896	390	802	896
448	832	896	441	802	896
512	832	896	493	802	896
576	832	896	547	802	896
640	832	896	606	802	896
704	832	896	657	802	896
768	832	896	714	802	896
832	832	896	772	802	895
896	832	896	830	802	895
960	832	896	887	802	895
1023	832	896	943	802	895
0	896	896	189	864	896
64	896	896	194	864	896
128	896	896	216	864	896
192	896	896	248	863	896
256	896	896	290	863	896
320	896	896	338	863	896
384	896	896	389	863	896
448	896	896	441	863	896
512	896	896	492	863	896
576	896	896	547	863	896
640	896	896	606	863	896
704	896	896	657	863	895
768	896	896	713	863	896
832	896	896	772	863	895
896	896	896	830	863	895
960	896	896	887	863	895
1023	896	896	943	863	895
0	960	896	190	926	896
64	960	896	196	926	896
128	960	896	216	925	896
192	960	896	249	925	896
256	960	896	290	925	896
320	960	896	338	925	896
384	960	896	390	925	896
448	960	896	441	925	896
512	960	896	492	925	896
576	960	896	546	925	896
640	960	896	606	925	896
704	960	896	657	925	895
768	960	896	713	925	895
832	960	896	772	925	895
896	960	896	829	925	895
960	960	896	887	925	895
1023	960	896	943	925	895
0	1023	896	189	986	896
64	1023	896	195	986	896
128	1023	896	216	986	896
192	1023	896	248	986	896
256	1023	896	289	986	896
320	1023	896	337	986	896
384	1023	896	388	986	896
448	1023	896	439	986	895
512	1023	896	491	986	895
576	1023	896	545	986	895
640	1023	896	604	986	895
704	1023	896	656	986	895
768	1023	896	713	986	895
832	1023	896	771	986	895
896	1023	896	829	986	895
960	1023	896	886	986	895
1023	1023	896	943	986	894
0	0	960	198	53	961
64	0	960	204	53	961
128	0	960	225	53	961
192	0	960	257	53	961
256	0	960	298	53	961
320	0	960	346	53	961
384	0	960	397	53	961
448	0	960	447	53	961
512	0	960	499	57	961
576	0	960	553	57	960
640	0	960	611	60	960
704	0	960	662	60	960
768	0	960	718	66	960
832	0	960	776	66	960
896	0	960	833	72	960
960	0	960	890	77	960
1023	0	960	946	80	960
0	64	960	198	75	961
64	64	960	204	75	961
128	64	960	225	75	961
192	64	960	256	75	961
256	64	960	298	75	961
320	64	960	346	77	961
384	64	960	397	77	961
448	64	960	447	77	960
512	64	960	499	80	961
576	64	960	553	82	960
640	64	960	611	82	960
704	64	960	662	87	960
768	64	960	718	89	960
832	64	960	776	89	960
896	64	960	833	93	960
960	64	960	890	95	960
1023	64	960	945	99	960
0	128	960	198	130	961
64	128	960	204	130	961
128	128	960	225	130	961
192	128	960	256	129	961
256	128	960	298	130	961
320	128	960	346	130	961
384	128	960	397	130	961
448	128	960	447	132	960
512	128	960	499	132	961
576	128	960	553	133	960
640	128	960	611	133	960
704	128	960	662	136	960
768	128	960	718	136	960
832	128	960	776	137	960
896	128	960	833	138	960
960	128	960	890	139	960
1023	128	960	945	142	960
0	192	960	198	189	961
64	192	960	204	189	961
128	192	960	224	189	961
192	192	960	256	189	961
256	192	960	298	189	961
320	192	960	345	188	961
384	192	960	396	189	961
448	192	960	447	189	961
512	192	960	498	190	960
576	192	960	552	191	960
640	192	960	611	191	960
704	192	960	661	192	960
768	192	960	717	193	960
832	192	960	775	193	960
896	192	960	832	194	960
960	192	960	889	194	960
1023	192	960	945	195	960
0	256	960	198	251	961
64	256	960	204	250	961
128	256	960	223	250	961
192	256	960	256	250	961
256	256	960	297	249	961
320	256	960	344	249	961
384	256	960	395	250	961
448	256	960	446	250	961
512	256	960	498	250	960
576	256	960	551	250	961
640	256	960	610	250	960
704	256	960	661	250	960
768	256	960	717	251	960
832	256	960	775	251	960
896	256	960	832	252	960
960	256	960	889	252	960
1023	256	960	945	253	960
0	320	960	198	312	960
64	320	960	204	312	960
128	320	960	224	311	960
192	320	960	256	311	960
256	320	960	296	310	960
320	320	960	344	311	960
384	320	960	395	310	960
448	320	960	445	311	960
512	320	960	497	311	960
576	320	960	551	311	960
640	320	960	609	311	960
704	320	960	660	311	960
768	320	960	716	311	960
832	320	960	775	312	959
896	320	960	832	312	959
960	320	960	889	312	959
1023	320	960	945	312	959
0	384	960	199	374	960
64	384	960	205	374	960
128	384	960	225	374	960
192	384	960	256	373	960
256	384	960	297	373	960
320	384	960	345	373	960
384	384	960	395	373	960
448	384	960	446	373	960
512	384	960	497	373	960
576	384	960	551	373	960
640	384	960	609	373	960
704	384	960	660	373	960
768	384	960	716	373	960
832	384	960	775	373	960
896	384	960	832	373	959
960	384	960	889	373	959
1023	384	960	945	373	959
0	448	960	199	435	960
64	448	960	205	434	960
128	448	960	225	434	960
192	448	960	257	434	960
256	448	960	297	433	960
320	448	960	345	433	960
384	448	960	395	433	960
448	448	960	446	433	960
512	448	960	497	433	960
576	448	960	551	433	960
640	448	960	610	433	960
704	448	960	660	433	960
768	448	960	716	433	959
832	448	960	775	433	959
896	448	960	832	433	959
960	448	960	889	433	959
1023	448	960	945	433	959
0	512	960	199	494	960
64	512	960	206	494	960
128	512	960	225	494	960
192	512	960	257	493	960
256	512	960	297	493	960
320	512	960	345	492	960
384	512	960	395	492	960
448	512	960	446	492	960
512	512	960	497	492	960
576	512	960	551	492	960
640	512	960	610	492	960
704	512	960	660	492	959
768	512	960	716	492	959
832	512	960	775	492	959
896	512	960	832	492	959
960	512	960	889	492	959
1023	512	960	945	492	959
0	576	960	200	555	960
64	576	960	206	555	960
128	576	960	226	555	960
192	576	960	257	554	960
256	576	960	297	554	960
320	576	960	345	554	960
384	576	960	395	553	960
448	576	960	445	553	960
512	576	960	497	553	960
576	576	960	551	553	960
640	576	960	609	553	960
704	576	960	660	553	960
768	576	960	716	553	959
832	576	960	774	553	959
896	576	960	832	553	959
960	576	960	889	553	959
1023	576	960	945	553	959
0	640	960	200	619	960
64	640	960	206	618	960
128	640	960	226	618	960
192	640	960	258	618	960
256	640	960	298	618	960
320	640	960	345	617	960
384	640	960	395	617	960
448	640	960	446	617	960
512	640	960	497	617	960
576	640	960	551	617	960
640	640	960	609	617	960
704	640	960	660	617	960
768	640	960	716	617	960
832	640	960	775	617	959
896	640	960	832	617	959
960	640	960	889	617	959
1023	640	960	945	617	959
0	704	960	201	677	960
64	704	960	206	677	960
128	704	960	226	676	960
192	704	960	258	676	960
256	704	960	298	675	960
320	704	960	345	675	960
384	704	960	395	675	960
448	704	960	445	675	960
512	704	960	497	675	960
576	704	960	551	675	960
640	704	960	609	675	960
704	704	960	660	675	960
768	704	960	716	675	960
832	704	960	774	675	959
896	704	960	832	675	959
960	704	960	889	675	959
1023	704	960	945	675	959
0	768	960	201	738	960
64	768	960	207	738	960
128	768	960	226	738	960
192	768	960	258	738	960
256	768	960	297	737	960
320	768	960	345	737	960
384	768	960	395	737	960
448	768	960	445	737	960
512	768	960	497	737	960
576	768	960	551	737	960
640	768	960	609	737	960
704	768	960	660	737	960
768	768	960	716	737	960
832	768	960	774	737	959
896	768	960	832	737	959
960	768	960	889	737	959
1023	768	960	945	737	959
0	832	960	202	802	960
64	832	960	207	802	960
128	832	960	228	802	960
192	832	960	258	802	960
256	832	960	298	802	960
320	832	960	345	802	960
384	832	960	395	801	960
448	832	960	446	802	960
512	832	960	497	802	960
576	832	960	551	801	960
640	832	960	609	802	960
704	832	960	660	802	960
768	832	960	716	802	959
832	832	960	774	802	959
896	832	960	832	802	959
960	832	960	889	802	959
1023	832	960	945	801	959
0	896	960	201	863	960
64	896	960	207	863	960
128	896	960	227	863	960
192	896	960	258	863	960
256	896	960	298	862	960
320	896	960	345	863	960
384	896	960	395	862	960
448	896	960	445	862	960
512	896	960	496	862	960
576	896	960	550	862	960
640	896	960	609	862	960
704	896	960	660	862	960
768	896	960	716	862	960
832	896	960	774	863	960
896	896	960	831	863	959
960	896	960	888	863	959
1023	896	960	945	862	959
0	960	960	202	925	960
64	960	960	208	925	960
128	960	960	227	925	960
192	960	960	258	925	960
256	960	960	298	925	960
320	960	960	345	925	960
384	960	960	395	924	960
448	960	960	445	924	960
512	960	960	496	924	960
576	960	960	550	924	960
640	960	960	609	924	959
704	960	960	660	924	960
768	960	960	716	924	959
832	960	960	774	925	960
896	960	960	832	925	959
960	960	960	889	925	959
1023	960	960	945	924	959
0	1023	960	202	985	960
64	1023	960	207	985	960
128	1023	960	226	985	960
192	1023	960	258	985	960
256	1023	960	297	985	960
320	1023	960	344	985	960
384	1023	960	394	985	960
448	1023	960	444	985	960
512	1023	960	495	985	960
576	1023	960	549	985	960
640	1023	960	608	985	960
704	1023	960	659	985	960
768	1023	960	715	985	960
832	1023	960	774	985	959
896	1023	960	831	985	959
960	1023	960	888	985	959
1023	1023	960	945	985	959
0	0	1023	210	57	1023
64	0	1023	216	57	1023
128	0	1023	236	57	1023
192	0	1023	265	57	1023
256	0	1023	305	57	1023
320	0	1023	352	57	1023
384	0	1023	402	57	1023
448	0	1023	451	57	1023
512	0	1023	502	57	1023
576	0	1023	556	57	1023
640	0	1023	613	60	1023
704	0	1023	664	63	1023
768	0	1023	720	66	1023
832	0	1023	778	69	1023
896	0	1023	834	72	1022
960	0	1023	891	75	1023
1023	0	1023	947	80	1022
0	64	1023	210	75	1023
64	64	1023	216	75	1023
128	64	1023	234	77	1023
192	64	1023	265	77	1023
256	64	1023	305	77	1023
320	64	1023	352	77	1023
384	64	1023	402	77	1023
448	64	1023	451	77	1023
512	64	1023	502	82	1023
576	64	1023	555	82	1023
640	64	1023	613	82	1023
704	64	1023	664	85	1023
768	64	1023	720	87	1023
832	64	1023	778	89	1023
896	64	1023	834	91	1022
960	64	1023	891	95	1023
1023	64	1023	947	97	1022
0	128	1023	210	130	1023
64	128	1023	216	130	1023
128	128	1023	234	130	1023
192	128	1023	265	130	1023
256	128	1023	305	130	1023
320	128	1023	351	129	1023
384	128	1023	401	130	1023
448	128	1023	451	130	1023
512	128	1023	502	130	1023
576	128	1023	555	133	1023
640	128	1023	613	133	1023
704	128	1023	664	133	1023
768	128	1023	720	134	1023
832	128	1023	778	136	1023
896	128	1023	834	138	1022
960	128	1023	891	139	1022
1023	128	1023	947	141	1022
0	192	1023	210	188	1023
64	192	1023	216	188	1023
128	192	1023	234	188	1023
192	192	1023	265	188	1023
256	192	1023	304	188	1023
320	192	1023	351	188	1023
384	192	1023	401	188	1023
448	192	1023	450	188	1023
512	192	1023	501	188	1023
576	192	1023	555	189	1023
640	192	1023	613	189	1023
704	192	1023	663	191	1023
768	192	1023	719	191	1023
832	192	1023	777	191	1023
896	192	1023	834	193	1022
960	192	1023	891	193	1023
1023	192	1023	947	194	1022
0	256	1023	209	248	1023
64	256	1023	215	248	1023
128	256	1023	234	248	1023
192	256	1023	265	248	1023
256	256	1023	304	248	1023
320	256	1023	350	248	1023
384	256	1023	400	247	1023
448	256	1023	450	248	1023
512	256	1023	501	248	1023
576	256	1023	554	248	1023
640	256	1023	612	248	1023
704	256	1023	663	249	1023
768	256	1023	719	249	1023
832	256	1023	777	250	1023
896	256	1023	834	250	1022
960	256	1023	891	251	1022
1023	256	1023	947	251	1022
0	320	1023	210	310	1023
64	320	1023	215	310	1023
128	320	1023	234	309	1023
192	320	1023	265	309	1023
256	320	1023	304	308	1023
320	320	1023	350	308	1023
384	320	1023	400	308	1023
448	320	1023	449	308	1022
512	320	1023	500	308	1022
576	320	1023	554	309	1022
640	320	1023	612	309	1023
704	320	1023	663	309	1022
768	320	1023	718	309	1022
832	320	1023	777	309	1022
896	320	1023	834	310	1022
960	320	1023	890	310	1022
1023	320	1023	947	310	1022
0	384	1023	211	372	1023
64	384	1023	216	372	1023
128	384	1023	234	372	1023
192	384	1023	265	371	1023
256	384	1023	304	371	1023
320	384	1023	350	370	1023
384	384	1023	400	370	1023
448	384	1023	449	370	1023
512	384	1023	500	370	1022
576	384	1023	554	370	1022
640	384	1023	612	371	1022
704	384	1023	662	371	1023
768	384	1023	718	371	1022
832	384	1023	777	371	1022
896	384	1023	834	371	1022
960	384	1023	890	371	1022
1023	384	1023	947	371	1022
0	448	1023	212	432	1023
64	448	1023	217	432	1023
128	448	1023	236	432	1023
192	448	1023	266	431	1023
256	448	1023	305	431	1023
320	448	1023	350	431	1023
384	448	1023	400	431	1023
448	448	1023	449	431	1023
512	448	1023	500	431	1023
576	448	1023	554	431	1023
640	448	1023	612	431	1023
704	448	1023	663	431	1022
768	448	1023	718	431	1022
832	448	1023	777	431	1023
896	448	1023	834	431	1022
960	448	1023	891	431	1022
1023	448	1023	947	431	1022
0	512	1023	212	492	1023
64	512	1023	218	492	1023
128	512	1023	236	491	1023
192	512	1023	266	491	1023
256	512	1023	305	491	1023
320	512	1023	350	490	1023
384	512	1023	400	490	1023
448	512	1023	449	490	1023
512	512	1023	500	490	1023
576	512	1023	554	490	1023
640	512	1023	612	490	1023
704	512	1023	663	490	1023
768	512	1023	719	490	1023
832	512	1023	777	490	1022
896	512	1023	834	490	1022
960	512	1023	891	490	1022
1023	512	1023	947	490	1022
0	576	1023	212	553	1023
64	576	1023	218	553	1023
128	576	1023	237	553	1023
192	576	1023	266	552	1023
256	576	1023	305	552	1023
320	576	1023	351	552	1023
384	576	1023	401	552	1023
448	576	1023	450	552	1023
512	576	1023	500	552	1023
576	576	1023	554	552	1023
640	576	1023	612	552	1023
704	576	1023	663	552	1023
768	576	1023	718	552	1023
832	576	1023	777	552	1022
896	576	1023	834	552	1023
960	576	1023	891	552	1022
1023	576	1023	947	551	1022
0	640	1023	212	617	1023
64	640	1023	218	617	1023
128	640	1023	237	617	1023
192	640	1023	266	616	1023
256	640	1023	305	616	1023
320	640	1023	351	616	1023
384	640	1023	400	615	1023
448	640	1023	450	615	1023
512	640	1023	500	615	1023
576	640	1023	554	615	1023
640	640	1023	612	615	1023
704	640	1023	662	615	1022
768	640	1023	718	615	1022
832	640	1023	777	615	1023
896	640	1023	834	615	1022
960	640	1023	891	615	1022
1023	640	1023	947	615	1022
0	704	1023	213	674	1023
64	704	1023	218	674	1023
128	704	1023	236	674	1023
192	704	1023	266	674	1023
256	704	1023	305	674	1023
320	704	1023	351	674	1023
384	704	1023	400	673	1023
448	704	1023	449	673	1023
512	704	1023	500	673	1023
576	704	1023	554	673	1023
640	704	1023	611	673	1023
704	704	1023	662	673	1023
768	704	1023	718	673	1023
832	704	1023	777	673	1022
896	704	1023	833	673	1022
960	704	1023	890	673	1022
1023	704	1023	947	673	1022
0	768	1023	213	736	1023
64	768	1023	219	736	1023
128	768	1023	237	736	1023
192	768	1023	266	736	1023
256	768	1023	305	735	1023
320	768	1023	351	735	1023
384	768	1023	400	735	1023
448	768	1023	449	735	1023
512	768	1023	500	735	1023
576	768	1023	554	735	1023
640	768	1023	611	735	1022
704	768	1023	662	735	1022
768	768	1023	718	735	1022
832	768	1023	776	735	1022
896	768	1023	833	735	1022
960	768	1023	890	735	1022
1023	768	1023	947	735	1022
0	832	1023	213	801	1023
64	832	1023	219	800	1023
128	832	1023	237	800	1023
192	832	1023	266	800	1023
256	832	1023	305	800	1023
320	832	1023	350	800	1023
384	832	1023	400	800	1022
448	832	1023	449	800	1023
512	832	1023	500	800	1023
576	832	1023	553	800	1023
640	832	1023	611	800	1023
704	832	1023	662	800	1022
768	832	1023	718	800	1022
832	832	1023	776	800	1022
896	832	1023	833	800	1022
960	832	1023	890	800	1022
1023	832	1023	947	799	1022
0	896	1023	213	862	1023
64	896	1023	218	862	1023
128	896	1023	237	862	1023
192	896	1023	266	862	1023
256	896	1023	305	861	1023
320	896	1023	350	861	1023
384	896	1023	400	861	1023
448	896	1023	448	861	1023
512	896	1023	499	861	1022
576	896	1023	553	861	1023
640	896	1023	611	861	1022
704	896	1023	662	861	1023
768	896	1023	718	862	1022
832	896	1023	776	861	1023
896	896	1023	833	861	1022
960	896	1023	890	861	1022
1023	896	1023	946	861	1022
0	960	1023	214	924	1023
64	960	1023	219	924	1023
128	960	1023	237	924	1023
192	960	1023	267	924	1023
256	960	1023	305	924	1023
320	960	1023	350	923	1023
384	960	1023	400	923	1023
448	960	1023	448	923	1023
512	960	1023	499	924	1023
576	960	1023	553	923	1023
640	960	1023	610	924	1023
704	960	1023	661	924	1023
768	960	1023	717	924	1023
832	960	1023	776	924	1023
896	960	1023	833	924	1022
960	960	1023	890	924	1022
1023	960	1023	947	924	1022
0	1023	1023	213	985	1023
64	1023	1023	219	985	1023
128	1023	1023	236	985	1023
192	1023	1023	266	985	1023
256	1023	1023	304	985	1023
320	1023	1023	349	985	1023
384	1023	1023	398	984	1023
448	1023	1023	447	984	1023
512	1023	1023	498	984	1023
576	1023	1023	552	984	1023
640	1023	1023	610	984	1023
704	1023	1023	661	985	1023
768	1023	1023	717	985	1023
832	1023	1023	775	985	1022
896	1023	1023	833	985	1022
960	1023	1023	890	985	1022
1023	1023	1023	946	985	1022
