0	0	0	0	0	0
64	0	0	60	0	0
128	0	0	123	0	0
192	0	0	186	23	0
256	0	0	248	32	0
320	0	0	307	38	0
384	0	0	363	44	0
448	0	0	422	48	0
512	0	0	481	57	0
576	0	0	539	63	0
640	0	0	599	72	0
704	0	0	659	77	0
768	0	0	719	85	0
832	0	0	780	89	0
896	0	0	839	97	0
960	0	0	899	104	0
1023	0	0	957	111	0
0	64	0	0	60	0
64	64	0	60	60	0
128	64	0	123	63	0
192	64	0	186	63	0
256	64	0	248	66	0
320	64	0	307	69	0
384	64	0	363	72	0
448	64	0	422	77	0
512	64	0	481	80	0
576	64	0	539	87	0
640	64	0	599	89	0
704	64	0	659	95	0
768	64	0	719	101	0
832	64	0	780	106	0
896	64	0	839	111	0
960	64	0	899	117	0
1023	64	0	957	123	0
0	128	0	0	119	0
64	128	0	60	120	0
128	128	0	123	120	0
192	128	0	186	122	0
256	128	0	247	123	0
320	128	0	307	126	0
384	128	0	363	128	0
448	128	0	422	129	0
512	128	0	481	132	0
576	128	0	539	134	0
640	128	0	599	138	0
704	128	0	659	139	0
768	128	0	718	143	0
832	128	0	780	148	0
896	128	0	839	151	0
960	128	0	899	155	0
1023	128	0	957	159	0
0	192	0	0	180	0
64	192	0	60	180	0
128	192	0	123	181	0
192	192	0	186	182	0
256	192	0	247	185	0
320	192	0	307	186	0
384	192	0	363	188	0
448	192	0	421	188	0
512	192	0	481	190	0
576	192	0	539	192	0
640	192	0	599	193	0
704	192	0	659	195	0
768	192	0	718	197	0
832	192	0	780	198	0
896	192	0	839	202	0
960	192	0	899	204	0
1023	192	0	957	207	0
0	256	0	0	241	0
64	256	0	60	241	0
128	256	0	123	242	0
192	256	0	186	243	0
256	256	0	247	245	0
320	256	0	307	247	0
384	256	0	363	248	0
448	256	0	421	248	0
512	256	0	480	250	0
576	256	0	539	250	0
640	256	0	598	252	0
704	256	0	658	252	0
768	256	0	718	253	0
832	256	0	779	255	0
896	256	0	838	257	0
960	256	0	898	258	0
1023	256	0	956	261	0
0	320	0	0	298	0
64	320	0	60	298	0
128	320	0	123	299	0
192	320	0	186	301	0
256	320	0	247	303	0
320	320	0	307	305	0
384	320	0	363	306	0
448	320	0	421	307	0
512	320	0	480	308	0
576	320	0	538	308	0
640	320	0	598	309	0
704	320	0	658	309	0
768	320	0	718	310	0
832	320	0	779	311	0
896	320	0	838	313	0
960	320	0	898	313	0
1023	320	0	956	316	0
0	384	0	0	353	0
64	384	0	60	353	0
128	384	0	123	353	0
192	384	0	186	355	0
256	384	0	247	357	0
320	384	0	307	359	0
384	384	0	363	361	0
448	384	0	421	362	0
512	384	0	480	363	0
576	384	0	538	364	0
640	384	0	597	365	0
704	384	0	657	365	0
768	384	0	717	365	0
832	384	0	778	365	0
896	384	0	837	366	0
960	384	0	898	366	0
1023	384	0	956	368	0
0	448	0	0	410	0
64	448	0	60	410	0
128	448	0	123	411	0
192	448	0	186	413	0
256	448	0	247	415	0
320	448	0	306	417	0
384	448	0	363	419	0
448	448	0	422	420	0
512	448	0	480	421	0
576	448	0	538	422	0
640	448	0	597	423	0
704	448	0	657	424	0
768	448	0	717	424	0
832	448	0	778	423	0
896	448	0	837	423	0
960	448	0	898	423	0
1023	448	0	956	425	0
0	512	0	0	469	0
64	512	0	60	470	0
128	512	0	123	470	0
192	512	0	185	472	0
256	512	0	246	474	0
320	512	0	306	477	0
384	512	0	363	477	0
448	512	0	422	479	0
512	512	0	481	480	0
576	512	0	539	481	0
640	512	0	598	483	0
704	512	0	658	483	0
768	512	0	717	484	0
832	512	0	778	483	0
896	512	0	837	483	0
960	512	0	897	483	0
1023	512	0	956	483	0
0	576	0	0	528	0
64	576	0	60	528	0
128	576	0	122	529	0
192	576	0	184	530	0
256	576	0	245	533	0
320	576	0	305	535	0
384	576	0	363	536	0
448	576	0	422	537	0
512	576	0	481	538	0
576	576	0	540	539	0
640	576	0	599	541	0
704	576	0	658	542	0
768	576	0	717	543	0
832	576	0	778	543	0
896	576	0	837	543	0
960	576	0	897	541	0
1023	576	0	955	541	0
0	640	0	0	586	0
64	640	0	60	587	0
128	640	0	122	588	0
192	640	0	182	589	0
256	640	0	243	592	0
320	640	0	303	594	0
384	640	0	362	595	0
448	640	0	422	596	0
512	640	0	481	597	0
576	640	0	540	598	0
640	640	0	600	600	0
704	640	0	659	601	0
768	640	0	718	602	0
832	640	0	779	602	0
896	640	0	837	602	0
960	640	0	897	601	0
1023	640	0	956	600	0
0	704	0	0	646	0
64	704	0	60	646	0
128	704	0	120	647	0
192	704	0	181	648	0
256	704	0	242	651	0
320	704	0	302	653	0
384	704	0	360	654	0
448	704	0	420	655	0
512	704	0	481	656	0
576	704	0	540	657	0
640	704	0	601	658	0
704	704	0	659	659	0
768	704	0	719	661	0
832	704	0	780	660	0
896	704	0	838	662	0
960	704	0	898	660	0
1023	704	0	956	660	0
0	768	0	0	704	0
64	768	0	60	705	0
128	768	0	119	706	0
192	768	0	179	708	0
256	768	0	240	710	0
320	768	0	300	713	0
384	768	0	359	714	0
448	768	0	420	714	0
512	768	0	481	715	0
576	768	0	540	716	0
640	768	0	601	717	0
704	768	0	660	718	0
768	768	0	720	720	0
832	768	0	781	719	0
896	768	0	839	720	0
960	768	0	899	719	0
1023	768	0	957	718	0
0	832	0	0	766	0
64	832	0	60	766	0
128	832	0	119	767	0
192	832	0	179	768	0
256	832	0	238	771	0
320	832	0	298	773	0
384	832	0	357	773	0
448	832	0	418	774	0
512	832	0	479	775	0
576	832	0	539	776	0
640	832	0	600	777	0
704	832	0	660	777	0
768	832	0	721	779	0
832	832	0	781	779	0
896	832	0	840	780	0
960	832	0	900	778	0
1023	832	0	957	778	0
0	896	0	0	824	0
64	896	0	60	825	0
128	896	0	117	826	0
192	896	0	178	827	0
256	896	0	236	830	0
320	896	0	296	832	0
384	896	0	356	833	0
448	896	0	417	834	0
512	896	0	479	834	0
576	896	0	539	835	0
640	896	0	601	837	0
704	896	0	661	837	0
768	896	0	721	838	0
832	896	0	782	837	0
896	896	0	842	838	0
960	896	0	902	837	0
1023	896	0	960	837	0
0	960	0	0	882	0
64	960	0	57	883	0
128	960	0	117	883	0
192	960	0	176	885	0
256	960	0	234	888	0
320	960	0	294	890	0
384	960	0	354	891	0
448	960	0	415	891	0
512	960	0	477	892	0
576	960	0	537	893	0
640	960	0	599	894	0
704	960	0	660	895	0
768	960	0	721	896	0
832	960	0	783	895	0
896	960	0	842	895	0
960	960	0	902	895	0
1023	960	0	961	896	0
0	1023	0	0	942	0
64	1023	0	57	943	0
128	1023	0	116	944	0
192	1023	0	174	945	0
256	1023	0	232	948	0
320	1023	0	292	950	0
384	1023	0	352	950	0
448	1023	0	413	951	0
512	1023	0	475	952	0
576	1023	0	536	953	0
640	1023	0	598	954	0
704	1023	0	659	955	0
768	1023	0	720	955	0
832	1023	0	782	954	0
896	1023	0	842	955	0
960	1023	0	901	953	0
1023	1023	0	960	952	0
0	0	64	0	0	60
64	0	64	63	0	60
128	0	64	123	0	60
192	0	64	186	23	60
256	0	64	248	32	60
320	0	64	307	38	60
384	0	64	363	44	60
448	0	64	422	48	60
512	0	64	481	57	60
576	0	64	539	63	60
640	0	64	599	72	60
704	0	64	659	77	60
768	0	64	719	85	60
832	0	64	780	89	60
896	0	64	839	97	60
960	0	64	899	104	60
1023	0	64	957	111	60
0	64	64	0	60	57
64	64	64	63	60	57
128	64	64	123	63	57
192	64	64	186	63	60
256	64	64	248	66	60
320	64	64	307	69	60
384	64	64	363	72	60
448	64	64	422	77	60
512	64	64	481	80	60
576	64	64	539	87	60
640	64	64	599	89	60
704	64	64	659	95	60
768	64	64	719	101	60
832	64	64	780	106	60
896	64	64	839	111	60
960	64	64	899	117	60
1023	64	64	957	123	60
0	128	64	0	119	57
64	128	64	63	120	57
128	128	64	123	120	57
192	128	64	186	122	60
256	128	64	248	123	60
320	128	64	307	126	60
384	128	64	363	128	60
448	128	64	422	129	60
512	128	64	481	132	60
576	128	64	539	134	60
640	128	64	599	138	60
704	128	64	659	139	60
768	128	64	718	143	60
832	128	64	780	148	60
896	128	64	839	151	60
960	128	64	899	155	60
1023	128	64	957	159	60
0	192	64	0	180	57
64	192	64	63	180	57
128	192	64	123	181	57
192	192	64	186	182	60
256	192	64	247	185	60
320	192	64	307	186	60
384	192	64	363	188	60
448	192	64	421	188	60
512	192	64	481	190	60
576	192	64	539	192	60
640	192	64	599	193	60
704	192	64	659	195	60
768	192	64	718	197	60
832	192	64	780	198	60
896	192	64	839	202	60
960	192	64	899	204	60
1023	192	64	957	207	60
0	256	64	0	241	57
64	256	64	63	241	57
128	256	64	123	242	57
192	256	64	186	243	60
256	256	64	247	245	60
320	256	64	307	247	60
384	256	64	363	248	60
448	256	64	421	248	60
512	256	64	480	249	60
576	256	64	539	250	60
640	256	64	598	252	60
704	256	64	658	252	60
768	256	64	718	253	60
832	256	64	779	255	60
896	256	64	838	257	60
960	256	64	898	258	60
1023	256	64	956	261	60
0	320	64	0	298	60
64	320	64	63	298	60
128	320	64	123	299	60
192	320	64	186	301	60
256	320	64	247	303	60
320	320	64	307	305	60
384	320	64	363	306	60
448	320	64	421	307	60
512	320	64	480	308	60
576	320	64	538	308	60
640	320	64	598	309	60
704	320	64	658	309	60
768	320	64	718	310	60
832	320	64	779	311	60
896	320	64	838	313	60
960	320	64	898	313	60
1023	320	64	956	316	60
0	384	64	0	353	60
64	384	64	60	353	60
128	384	64	123	353	60
192	384	64	186	355	60
256	384	64	247	357	60
320	384	64	307	359	60
384	384	64	363	361	60
448	384	64	421	362	60
512	384	64	480	363	60
576	384	64	538	364	60
640	384	64	597	365	60
704	384	64	657	365	60
768	384	64	717	365	60
832	384	64	778	365	60
896	384	64	837	366	60
960	384	64	898	366	60
1023	384	64	956	368	60
0	448	64	0	410	60
64	448	64	60	410	60
128	448	64	123	411	60
192	448	64	186	413	60
256	448	64	247	415	60
320	448	64	306	418	60
384	448	64	363	419	60
448	448	64	422	420	60
512	448	64	480	421	60
576	448	64	538	422	60
640	448	64	597	423	60
704	448	64	657	424	60
768	448	64	717	424	60
832	448	64	778	423	60
896	448	64	837	423	60
960	448	64	898	423	60
1023	448	64	956	425	60
0	512	64	0	469	60
64	512	64	60	470	60
128	512	64	123	471	60
192	512	64	185	472	60
256	512	64	246	475	60
320	512	64	306	477	60
384	512	64	363	478	60
448	512	64	422	479	60
512	512	64	481	480	60
576	512	64	539	481	60
640	512	64	598	483	60
704	512	64	658	483	60
768	512	64	717	484	60
832	512	64	778	484	60
896	512	64	837	484	60
960	512	64	897	483	60
1023	512	64	956	483	60
0	576	64	0	528	60
64	576	64	60	528	60
128	576	64	122	529	60
192	576	64	184	531	60
256	576	64	245	533	60
320	576	64	305	535	60
384	576	64	363	536	60
448	576	64	422	537	60
512	576	64	481	538	60
576	576	64	540	540	60
640	576	64	599	541	60
704	576	64	658	542	60
768	576	64	717	543	60
832	576	64	778	543	60
896	576	64	836	543	60
960	576	64	897	541	60
1023	576	64	955	541	60
0	640	64	0	586	60
64	640	64	60	587	60
128	640	64	122	588	60
192	640	64	182	589	60
256	640	64	243	592	60
320	640	64	303	594	60
384	640	64	362	595	60
448	640	64	422	596	60
512	640	64	481	597	60
576	640	64	540	598	60
640	640	64	600	600	60
704	640	64	659	601	60
768	640	64	718	602	60
832	640	64	779	602	60
896	640	64	837	602	60
960	640	64	897	601	60
1023	640	64	956	600	60
0	704	64	0	646	60
64	704	64	60	646	60
128	704	64	120	647	60
192	704	64	181	648	60
256	704	64	242	651	60
320	704	64	302	653	60
384	704	64	360	654	60
448	704	64	421	655	60
512	704	64	481	656	60
576	704	64	540	657	60
640	704	64	601	659	60
704	704	64	659	659	60
768	704	64	719	661	60
832	704	64	780	660	60
896	704	64	838	662	60
960	704	64	898	660	60
1023	704	64	956	660	60
0	768	64	0	705	60
64	768	64	60	705	60
128	768	64	119	706	60
192	768	64	180	708	60
256	768	64	240	711	60
320	768	64	300	713	60
384	768	64	359	714	60
448	768	64	420	714	60
512	768	64	481	715	60
576	768	64	540	716	60
640	768	64	601	717	60
704	768	64	660	718	60
768	768	64	720	720	60
832	768	64	781	719	60
896	768	64	839	720	60
960	768	64	899	719	60
1023	768	64	957	719	60
0	832	64	0	766	60
64	832	64	60	766	60
128	832	64	119	767	60
192	832	64	179	768	60
256	832	64	238	771	60
320	832	64	298	773	60
384	832	64	357	774	60
448	832	64	418	774	60
512	832	64	479	775	60
576	832	64	540	776	60
640	832	64	600	777	60
704	832	64	660	777	60
768	832	64	721	779	60
832	832	64	781	779	60
896	832	64	840	780	60
960	832	64	900	778	60
1023	832	64	957	778	60
0	896	64	0	825	60
64	896	64	60	825	60
128	896	64	117	826	60
192	896	64	178	827	60
256	896	64	236	830	60
320	896	64	296	832	60
384	896	64	356	833	60
448	896	64	417	834	60
512	896	64	479	834	60
576	896	64	539	835	60
640	896	64	601	837	60
704	896	64	661	837	60
768	896	64	722	838	60
832	896	64	783	837	60
896	896	64	842	838	60
960	896	64	902	837	60
1023	896	64	960	838	60
0	960	64	0	882	60
64	960	64	57	883	60
128	960	64	117	884	60
192	960	64	176	885	60
256	960	64	234	888	60
320	960	64	294	890	60
384	960	64	354	891	60
448	960	64	415	891	60
512	960	64	477	892	60
576	960	64	538	893	60
640	960	64	599	894	60
704	960	64	660	895	60
768	960	64	721	896	60
832	960	64	783	895	60
896	960	64	842	895	60
960	960	64	902	895	60
1023	960	64	961	896	60
0	1023	64	0	943	60
64	1023	64	57	943	60
128	1023	64	116	944	60
192	1023	64	174	945	60
256	1023	64	232	948	60
320	1023	64	292	950	60
384	1023	64	352	950	60
448	1023	64	414	951	60
512	1023	64	475	952	60
576	1023	64	536	953	60
640	1023	64	598	954	60
704	1023	64	660	955	60
768	1023	64	720	955	60
832	1023	64	782	955	60
896	1023	64	842	955	60
960	1023	64	901	953	60
1023	1023	64	960	952	60
0	0	128	23	0	119
64	0	128	63	0	119
128	0	128	125	0	119
192	0	128	186	23	119
256	0	128	248	32	119
320	0	128	308	38	119
384	0	128	363	44	119
448	0	128	422	48	119
512	0	128	481	57	119
576	0	128	539	63	119
640	0	128	599	72	119
704	0	128	659	77	119
768	0	128	719	85	119
832	0	128	780	89	119
896	0	128	839	97	119
960	0	128	899	104	119
1023	0	128	957	109	119
0	64	128	23	60	117
64	64	128	63	60	117
128	64	128	125	63	117
192	64	128	186	63	117
256	64	128	248	66	119
320	64	128	308	69	119
384	64	128	363	72	119
448	64	128	422	75	119
512	64	128	481	80	119
576	64	128	539	87	119
640	64	128	599	89	119
704	64	128	659	95	119
768	64	128	719	101	119
832	64	128	780	104	119
896	64	128	839	113	119
960	64	128	899	117	119
1023	64	128	957	122	119
0	128	128	23	119	117
64	128	128	63	120	117
128	128	128	125	120	117
192	128	128	186	122	117
256	128	128	248	123	119
320	128	128	307	126	119
384	128	128	363	128	119
448	128	128	422	129	119
512	128	128	481	132	119
576	128	128	539	134	119
640	128	128	599	138	119
704	128	128	659	139	119
768	128	128	718	143	119
832	128	128	780	147	119
896	128	128	839	151	119
960	128	128	899	155	119
1023	128	128	957	158	119
0	192	128	23	180	117
64	192	128	63	180	117
128	192	128	125	181	117
192	192	128	186	183	117
256	192	128	248	185	119
320	192	128	307	186	119
384	192	128	363	188	119
448	192	128	421	188	119
512	192	128	481	190	119
576	192	128	539	192	119
640	192	128	599	193	119
704	192	128	658	195	119
768	192	128	718	197	119
832	192	128	780	198	119
896	192	128	838	202	119
960	192	128	899	204	119
1023	192	128	957	207	119
0	256	128	23	241	117
64	256	128	63	241	117
128	256	128	125	242	117
192	256	128	186	243	117
256	256	128	247	245	119
320	256	128	307	247	119
384	256	128	363	248	119
448	256	128	421	248	119
512	256	128	480	249	119
576	256	128	539	250	119
640	256	128	598	252	119
704	256	128	658	252	119
768	256	128	718	253	119
832	256	128	779	255	119
896	256	128	838	257	119
960	256	128	898	258	119
1023	256	128	957	261	119
0	320	128	23	298	119
64	320	128	63	299	120
128	320	128	125	299	119
192	320	128	186	301	119
256	320	128	247	303	119
320	320	128	306	305	119
384	320	128	363	306	119
448	320	128	421	307	119
512	320	128	480	308	119
576	320	128	538	308	119
640	320	128	598	309	119
704	320	128	658	309	119
768	320	128	718	310	119
832	320	128	779	311	119
896	320	128	838	313	119
960	320	128	898	313	119
1023	320	128	956	316	119
0	384	128	0	353	119
64	384	128	63	353	119
128	384	128	123	354	119
192	384	128	186	355	119
256	384	128	247	358	119
320	384	128	307	360	119
384	384	128	363	361	119
448	384	128	421	362	119
512	384	128	480	363	119
576	384	128	538	364	119
640	384	128	597	365	119
704	384	128	657	365	119
768	384	128	717	365	119
832	384	128	778	365	119
896	384	128	837	366	119
960	384	128	898	366	119
1023	384	128	956	368	119
0	448	128	0	411	120
64	448	128	60	411	120
128	448	128	123	412	120
192	448	128	186	413	120
256	448	128	247	415	119
320	448	128	306	418	119
384	448	128	363	419	119
448	448	128	422	420	119
512	448	128	480	421	119
576	448	128	538	422	119
640	448	128	597	423	119
704	448	128	657	424	119
768	448	128	717	424	119
832	448	128	778	424	119
896	448	128	837	424	119
960	448	128	898	423	119
1023	448	128	956	425	119
0	512	128	0	470	120
64	512	128	60	470	120
128	512	128	123	471	120
192	512	128	185	473	119
256	512	128	247	475	119
320	512	128	306	477	119
384	512	128	363	478	119
448	512	128	422	479	119
512	512	128	481	480	119
576	512	128	539	481	117
640	512	128	598	483	119
704	512	128	658	484	117
768	512	128	717	484	117
832	512	128	778	484	117
896	512	128	837	484	117
960	512	128	897	483	117
1023	512	128	956	483	117
0	576	128	0	528	120
64	576	128	60	528	120
128	576	128	122	529	120
192	576	128	184	531	119
256	576	128	245	534	119
320	576	128	305	535	119
384	576	128	363	537	119
448	576	128	422	537	119
512	576	128	481	538	117
576	576	128	540	540	117
640	576	128	599	541	117
704	576	128	658	542	117
768	576	128	717	543	117
832	576	128	778	543	117
896	576	128	836	543	117
960	576	128	897	541	117
1023	576	128	956	542	117
0	640	128	0	587	119
64	640	128	60	587	119
128	640	128	122	588	119
192	640	128	183	590	119
256	640	128	243	592	119
320	640	128	304	594	119
384	640	128	362	596	119
448	640	128	422	596	119
512	640	128	481	597	119
576	640	128	540	598	117
640	640	128	600	600	117
704	640	128	659	601	117
768	640	128	718	603	117
832	640	128	779	602	117
896	640	128	837	602	117
960	640	128	897	601	117
1023	640	128	956	601	117
0	704	128	0	646	119
64	704	128	60	646	119
128	704	128	120	647	119
192	704	128	181	649	119
256	704	128	242	651	119
320	704	128	302	653	119
384	704	128	361	654	119
448	704	128	421	655	119
512	704	128	481	656	119
576	704	128	541	657	117
640	704	128	601	659	117
704	704	128	659	659	117
768	704	128	719	661	117
832	704	128	780	661	117
896	704	128	838	662	117
960	704	128	898	660	117
1023	704	128	956	660	117
0	768	128	0	705	119
64	768	128	60	705	119
128	768	128	120	707	119
192	768	128	180	708	119
256	768	128	241	711	119
320	768	128	301	713	119
384	768	128	359	714	119
448	768	128	420	715	119
512	768	128	481	716	119
576	768	128	541	717	117
640	768	128	601	718	117
704	768	128	661	719	117
768	768	128	720	720	117
832	768	128	781	720	117
896	768	128	839	720	117
960	768	128	899	720	117
1023	768	128	957	719	117
0	832	128	0	766	119
64	832	128	60	767	119
128	832	128	119	767	119
192	832	128	179	769	119
256	832	128	239	771	119
320	832	128	299	773	119
384	832	128	358	774	119
448	832	128	419	775	119
512	832	128	480	776	119
576	832	128	540	777	117
640	832	128	601	778	117
704	832	128	660	777	117
768	832	128	721	779	117
832	832	128	782	779	117
896	832	128	840	780	117
960	832	128	900	779	117
1023	832	128	958	779	117
0	896	128	0	825	117
64	896	128	60	825	117
128	896	128	117	826	117
192	896	128	178	828	117
256	896	128	237	830	119
320	896	128	297	832	119
384	896	128	357	833	119
448	896	128	418	834	119
512	896	128	479	835	119
576	896	128	539	836	119
640	896	128	601	837	119
704	896	128	661	837	117
768	896	128	722	838	117
832	896	128	783	838	117
896	896	128	842	839	117
960	896	128	902	838	117
1023	896	128	960	838	117
0	960	128	0	883	117
64	960	128	57	883	117
128	960	128	117	884	117
192	960	128	176	886	117
256	960	128	235	888	117
320	960	128	295	890	119
384	960	128	354	891	119
448	960	128	416	892	119
512	960	128	477	892	119
576	960	128	538	893	117
640	960	128	600	895	117
704	960	128	660	895	117
768	960	128	721	896	117
832	960	128	783	896	117
896	960	128	842	896	117
960	960	128	902	896	117
1023	960	128	961	896	117
0	1023	128	0	943	117
64	1023	128	57	943	117
128	1023	128	116	944	117
192	1023	128	174	946	117
256	1023	128	232	948	117
320	1023	128	292	950	119
384	1023	128	352	951	119
448	1023	128	414	952	119
512	1023	128	476	952	119
576	1023	128	537	953	119
640	1023	128	598	954	119
704	1023	128	660	955	117
768	1023	128	720	955	117
832	1023	128	782	955	117
896	1023	128	842	955	117
960	1023	128	901	954	117
1023	1023	128	961	953	117
0	0	192	32	0	179
64	0	192	69	0	179
128	0	192	126	0	179
192	0	192	187	23	179
256	0	192	248	32	179
320	0	192	308	38	179
384	0	192	364	44	179
448	0	192	422	48	179
512	0	192	481	57	179
576	0	192	539	63	179
640	0	192	599	72	179
704	0	192	659	77	179
768	0	192	719	85	179
832	0	192	780	89	179
896	0	192	838	99	179
960	0	192	899	103	179
1023	0	192	957	109	179
0	64	192	32	60	178
64	64	192	69	60	177
128	64	192	126	63	178
192	64	192	187	63	179
256	64	192	248	66	179
320	64	192	308	69	179
384	64	192	364	72	179
448	64	192	422	75	179
512	64	192	481	80	179
576	64	192	539	87	179
640	64	192	599	89	179
704	64	192	659	97	179
768	64	192	718	101	179
832	64	192	780	104	179
896	64	192	838	113	179
960	64	192	899	117	179
1023	64	192	957	122	179
0	128	192	32	119	178
64	128	192	69	120	177
128	128	192	126	120	178
192	128	192	187	122	179
256	128	192	248	123	179
320	128	192	308	126	179
384	128	192	363	128	179
448	128	192	422	129	179
512	128	192	481	132	179
576	128	192	539	134	179
640	128	192	599	138	179
704	128	192	659	141	179
768	128	192	718	143	179
832	128	192	780	147	179
896	128	192	838	151	179
960	128	192	899	153	179
1023	128	192	957	158	179
0	192	192	32	180	178
64	192	192	69	180	178
128	192	192	126	181	178
192	192	192	187	183	179
256	192	192	248	185	179
320	192	192	307	186	179
384	192	192	363	188	179
448	192	192	422	188	179
512	192	192	481	190	179
576	192	192	539	192	179
640	192	192	598	193	179
704	192	192	658	195	179
768	192	192	718	197	179
832	192	192	779	198	179
896	192	192	838	202	179
960	192	192	899	204	179
1023	192	192	957	206	179
0	256	192	32	241	178
64	256	192	69	242	178
128	256	192	126	242	178
192	256	192	186	243	179
256	256	192	247	245	179
320	256	192	306	247	179
384	256	192	363	248	179
448	256	192	421	248	179
512	256	192	480	249	179
576	256	192	538	250	179
640	256	192	598	252	179
704	256	192	658	252	179
768	256	192	718	253	179
832	256	192	779	255	179
896	256	192	838	257	179
960	256	192	898	258	179
1023	256	192	957	261	179
0	320	192	32	299	179
64	320	192	66	299	179
128	320	192	125	300	179
192	320	192	186	301	179
256	320	192	247	303	179
320	320	192	306	305	179
384	320	192	363	306	179
448	320	192	421	307	179
512	320	192	480	308	179
576	320	192	538	308	179
640	320	192	598	309	179
704	320	192	658	309	179
768	320	192	718	310	179
832	320	192	779	311	179
896	320	192	837	313	179
960	320	192	898	313	179
1023	320	192	956	315	179
0	384	192	0	353	179
64	384	192	63	354	179
128	384	192	123	355	179
192	384	192	186	356	179
256	384	192	247	358	179
320	384	192	307	360	179
384	384	192	363	362	179
448	384	192	421	363	179
512	384	192	480	363	179
576	384	192	538	364	179
640	384	192	597	365	179
704	384	192	657	365	179
768	384	192	717	366	179
832	384	192	778	366	179
896	384	192	837	366	179
960	384	192	898	366	179
1023	384	192	956	368	179
0	448	192	0	411	180
64	448	192	60	412	180
128	448	192	123	413	180
192	448	192	186	414	180
256	448	192	247	416	179
320	448	192	307	418	179
384	448	192	363	419	179
448	448	192	422	420	179
512	448	192	480	421	179
576	448	192	538	423	179
640	448	192	598	424	179
704	448	192	657	424	179
768	448	192	717	424	179
832	448	192	778	424	179
896	448	192	837	424	179
960	448	192	897	424	179
1023	448	192	956	425	179
0	512	192	0	471	180
64	512	192	60	471	180
128	512	192	123	472	180
192	512	192	186	473	180
256	512	192	247	475	179
320	512	192	306	477	179
384	512	192	363	478	179
448	512	192	423	479	179
512	512	192	481	481	179
576	512	192	539	482	179
640	512	192	598	484	179
704	512	192	657	484	179
768	512	192	717	485	179
832	512	192	778	484	179
896	512	192	837	484	179
960	512	192	897	483	179
1023	512	192	956	483	179
0	576	192	0	529	180
64	576	192	60	529	180
128	576	192	122	530	180
192	576	192	185	532	180
256	576	192	246	534	180
320	576	192	306	536	179
384	576	192	363	537	179
448	576	192	423	538	179
512	576	192	482	539	179
576	576	192	540	540	179
640	576	192	599	542	179
704	576	192	658	543	179
768	576	192	717	544	179
832	576	192	778	544	179
896	576	192	836	544	179
960	576	192	897	542	179
1023	576	192	956	542	179
0	640	192	0	588	179
64	640	192	60	588	179
128	640	192	122	589	179
192	640	192	183	591	179
256	640	192	244	593	179
320	640	192	305	595	179
384	640	192	363	596	179
448	640	192	423	597	179
512	640	192	482	598	179
576	640	192	541	599	179
640	640	192	600	601	179
704	640	192	659	601	179
768	640	192	718	603	178
832	640	192	779	603	179
896	640	192	837	603	178
960	640	192	897	602	179
1023	640	192	956	601	179
0	704	192	0	647	179
64	704	192	60	647	179
128	704	192	120	648	179
192	704	192	182	649	179
256	704	192	243	652	179
320	704	192	303	654	179
384	704	192	361	655	179
448	704	192	422	656	179
512	704	192	482	657	179
576	704	192	541	658	179
640	704	192	601	659	179
704	704	192	660	660	179
768	704	192	719	662	178
832	704	192	780	662	178
896	704	192	838	663	178
960	704	192	898	661	178
1023	704	192	956	661	178
0	768	192	0	706	179
64	768	192	60	707	179
128	768	192	120	707	179
192	768	192	181	709	179
256	768	192	242	712	179
320	768	192	302	714	179
384	768	192	360	714	179
448	768	192	421	715	179
512	768	192	481	716	179
576	768	192	541	717	179
640	768	192	602	718	179
704	768	192	661	719	178
768	768	192	721	721	178
832	768	192	781	721	178
896	768	192	839	721	178
960	768	192	899	720	178
1023	768	192	957	720	178
0	832	192	0	767	179
64	832	192	60	767	179
128	832	192	119	768	179
192	832	192	179	770	179
256	832	192	240	772	179
320	832	192	300	773	179
384	832	192	359	774	179
448	832	192	420	775	179
512	832	192	481	776	179
576	832	192	541	777	179
640	832	192	601	778	179
704	832	192	661	778	179
768	832	192	721	780	178
832	832	192	782	780	178
896	832	192	841	781	178
960	832	192	900	779	178
1023	832	192	958	780	178
0	896	192	0	826	179
64	896	192	60	826	179
128	896	192	117	827	179
192	896	192	179	829	179
256	896	192	238	831	179
320	896	192	298	833	179
384	896	192	357	834	179
448	896	192	418	834	179
512	896	192	479	835	179
576	896	192	540	836	179
640	896	192	601	838	179
704	896	192	662	838	179
768	896	192	722	839	179
832	896	192	783	838	178
896	896	192	842	839	178
960	896	192	902	838	178
1023	896	192	960	839	178
0	960	192	0	884	178
64	960	192	57	884	179
128	960	192	117	885	179
192	960	192	177	887	179
256	960	192	236	889	179
320	960	192	295	891	179
384	960	192	355	892	179
448	960	192	416	892	179
512	960	192	478	893	179
576	960	192	538	894	179
640	960	192	600	895	179
704	960	192	661	896	179
768	960	192	722	897	178
832	960	192	783	896	178
896	960	192	842	897	178
960	960	192	902	896	178
1023	960	192	961	897	178
0	1023	192	0	944	178
64	1023	192	57	944	178
128	1023	192	117	945	178
192	1023	192	175	947	178
256	1023	192	233	949	179
320	1023	192	293	951	179
384	1023	192	353	951	179
448	1023	192	415	952	179
512	1023	192	476	953	179
576	1023	192	537	953	179
640	1023	192	599	955	179
704	1023	192	660	955	179
768	1023	192	721	956	178
832	1023	192	783	955	178
896	1023	192	842	956	178
960	1023	192	902	955	178
1023	1023	192	961	954	178
0	0	256	44	0	240
64	0	256	72	0	239
128	0	256	128	0	239
192	0	256	188	23	239
256	0	256	249	23	239
320	0	256	308	32	239
384	0	256	364	44	239
448	0	256	423	44	239
512	0	256	481	53	238
576	0	256	539	63	238
640	0	256	599	72	239
704	0	256	659	80	239
768	0	256	718	82	239
832	0	256	780	89	239
896	0	256	838	99	238
960	0	256	899	101	239
1023	0	256	958	108	239
0	64	256	44	60	238
64	64	256	72	60	238
128	64	256	128	60	238
192	64	256	188	63	238
256	64	256	249	66	238
320	64	256	308	69	239
384	64	256	364	72	239
448	64	256	423	75	239
512	64	256	481	80	238
576	64	256	539	85	238
640	64	256	599	89	238
704	64	256	659	97	239
768	64	256	718	101	238
832	64	256	780	104	238
896	64	256	838	113	238
960	64	256	899	116	239
1023	64	256	958	120	239
0	128	256	44	120	238
64	128	256	72	120	238
128	128	256	128	120	238
192	128	256	188	122	238
256	128	256	248	123	238
320	128	256	308	126	239
384	128	256	364	128	239
448	128	256	422	129	239
512	128	256	481	130	238
576	128	256	539	134	238
640	128	256	599	138	238
704	128	256	658	141	239
768	128	256	718	143	238
832	128	256	780	147	238
896	128	256	838	151	238
960	128	256	899	153	239
1023	128	256	957	157	239
0	192	256	44	180	238
64	192	256	72	181	238
128	192	256	128	181	238
192	192	256	188	183	238
256	192	256	248	185	238
320	192	256	307	186	239
384	192	256	363	188	239
448	192	256	422	188	239
512	192	256	481	189	238
576	192	256	538	191	238
640	192	256	598	193	238
704	192	256	658	195	239
768	192	256	718	197	238
832	192	256	779	198	238
896	192	256	838	202	238
960	192	256	899	203	239
1023	192	256	957	206	239
0	256	256	44	241	238
64	256	256	72	242	238
128	256	256	128	242	238
192	256	256	187	243	238
256	256	256	247	245	239
320	256	256	306	247	239
384	256	256	363	248	239
448	256	256	421	248	239
512	256	256	480	249	239
576	256	256	538	250	238
640	256	256	598	252	238
704	256	256	658	252	238
768	256	256	718	253	238
832	256	256	779	255	238
896	256	256	838	257	238
960	256	256	898	258	238
1023	256	256	957	261	239
0	320	256	38	299	234
64	320	256	69	299	238
128	320	256	126	300	238
192	320	256	186	302	238
256	320	256	247	303	238
320	320	256	306	305	238
384	320	256	362	307	238
448	320	256	421	307	239
512	320	256	479	308	238
576	320	256	538	308	238
640	320	256	598	309	238
704	320	256	658	310	238
768	320	256	717	310	238
832	320	256	779	311	238
896	320	256	837	312	238
960	320	256	898	313	238
1023	320	256	956	315	238
0	384	256	23	355	234
64	384	256	63	355	236
128	384	256	125	355	236
192	384	256	186	357	236
256	384	256	247	359	235
320	384	256	307	361	238
384	384	256	363	362	238
448	384	256	421	363	238
512	384	256	479	364	238
576	384	256	537	365	238
640	384	256	597	366	238
704	384	256	657	366	238
768	384	256	717	366	238
832	384	256	778	366	238
896	384	256	837	366	238
960	384	256	898	366	238
1023	384	256	956	368	238
0	448	256	0	413	241
64	448	256	60	413	240
128	448	256	123	413	240
192	448	256	186	415	240
256	448	256	247	417	240
320	448	256	307	419	238
384	448	256	363	420	238
448	448	256	422	421	238
512	448	256	481	422	238
576	448	256	538	423	238
640	448	256	598	425	238
704	448	256	657	425	238
768	448	256	717	425	238
832	448	256	778	425	238
896	448	256	837	424	238
960	448	256	897	424	238
1023	448	256	956	424	238
0	512	256	0	472	241
64	512	256	60	472	240
128	512	256	123	473	240
192	512	256	186	474	240
256	512	256	247	477	240
320	512	256	307	478	238
384	512	256	364	479	238
448	512	256	423	480	238
512	512	256	481	481	238
576	512	256	539	483	238
640	512	256	599	485	238
704	512	256	657	485	238
768	512	256	717	485	238
832	512	256	778	485	238
896	512	256	837	485	238
960	512	256	897	483	238
1023	512	256	956	483	238
0	576	256	0	530	240
64	576	256	60	531	240
128	576	256	123	532	240
192	576	256	185	533	240
256	576	256	247	535	240
320	576	256	307	537	239
384	576	256	364	538	238
448	576	256	423	538	238
512	576	256	482	540	238
576	576	256	540	541	238
640	576	256	600	543	238
704	576	256	658	544	237
768	576	256	717	545	237
832	576	256	778	545	237
896	576	256	836	545	237
960	576	256	897	543	238
1023	576	256	956	543	238
0	640	256	0	589	240
64	640	256	60	590	240
128	640	256	122	590	240
192	640	256	184	592	240
256	640	256	245	594	240
320	640	256	306	596	239
384	640	256	363	597	239
448	640	256	423	597	238
512	640	256	483	598	238
576	640	256	541	600	237
640	640	256	601	601	237
704	640	256	660	603	237
768	640	256	718	604	237
832	640	256	779	604	237
896	640	256	837	604	236
960	640	256	897	603	237
1023	640	256	956	602	237
0	704	256	0	648	239
64	704	256	60	648	239
128	704	256	122	649	239
192	704	256	183	651	239
256	704	256	243	652	240
320	704	256	304	654	239
384	704	256	363	655	239
448	704	256	423	656	238
512	704	256	483	657	238
576	704	256	542	659	237
640	704	256	601	660	237
704	704	256	660	661	237
768	704	256	720	663	236
832	704	256	780	663	236
896	704	256	838	663	236
960	704	256	898	663	237
1023	704	256	956	663	236
0	768	256	0	708	238
64	768	256	60	708	239
128	768	256	120	709	239
192	768	256	182	711	239
256	768	256	243	713	240
320	768	256	303	714	239
384	768	256	361	715	238
448	768	256	422	716	238
512	768	256	483	717	238
576	768	256	542	718	237
640	768	256	602	720	237
704	768	256	662	720	236
768	768	256	721	722	236
832	768	256	782	722	236
896	768	256	839	722	236
960	768	256	899	721	236
1023	768	256	957	721	236
0	832	256	0	769	238
64	832	256	60	769	238
128	832	256	120	770	238
192	832	256	180	771	238
256	832	256	241	772	238
320	832	256	301	774	240
384	832	256	359	775	239
448	832	256	420	776	238
512	832	256	481	777	238
576	832	256	541	778	237
640	832	256	602	779	237
704	832	256	662	779	237
768	832	256	722	781	236
832	832	256	783	781	236
896	832	256	841	782	236
960	832	256	900	781	236
1023	832	256	958	781	236
0	896	256	0	827	237
64	896	256	60	828	238
128	896	256	119	828	238
192	896	256	179	830	238
256	896	256	239	832	238
320	896	256	299	833	238
384	896	256	358	834	238
448	896	256	419	835	238
512	896	256	480	836	238
576	896	256	541	837	238
640	896	256	602	838	238
704	896	256	662	838	237
768	896	256	723	840	236
832	896	256	784	839	236
896	896	256	842	840	236
960	896	256	902	840	236
1023	896	256	960	840	236
0	960	256	0	886	237
64	960	256	60	886	238
128	960	256	117	886	238
192	960	256	178	888	238
256	960	256	237	890	238
320	960	256	297	891	238
384	960	256	357	892	238
448	960	256	417	893	238
512	960	256	479	894	238
576	960	256	539	894	238
640	960	256	601	896	238
704	960	256	662	896	237
768	960	256	722	897	237
832	960	256	784	897	236
896	960	256	843	898	236
960	960	256	902	897	236
1023	960	256	961	898	236
0	1023	256	0	946	236
64	1023	256	57	946	236
128	1023	256	117	947	236
192	1023	256	176	948	236
256	1023	256	234	950	237
320	1023	256	294	951	238
384	1023	256	354	952	238
448	1023	256	415	953	238
512	1023	256	477	953	238
576	1023	256	538	954	238
640	1023	256	600	955	238
704	1023	256	660	955	237
768	1023	256	721	956	236
832	1023	256	783	956	236
896	1023	256	843	957	236
960	1023	256	902	956	236
1023	1023	256	961	955	236
0	0	320	53	0	300
64	0	320	80	0	300
128	0	320	132	0	300
192	0	320	191	23	299
256	0	320	251	23	299
320	0	320	309	32	299
384	0	320	365	44	299
448	0	320	423	44	299
512	0	320	481	53	299
576	0	320	539	63	299
640	0	320	599	72	299
704	0	320	659	80	299
768	0	320	719	82	299
832	0	320	780	89	299
896	0	320	837	99	298
960	0	320	899	101	299
1023	0	320	957	106	299
0	64	320	53	60	295
64	64	320	80	60	295
128	64	320	132	60	295
192	64	320	191	63	297
256	64	320	250	66	298
320	64	320	309	69	299
384	64	320	365	72	299
448	64	320	423	75	299
512	64	320	481	80	299
576	64	320	539	85	298
640	64	320	599	89	299
704	64	320	659	97	299
768	64	320	719	99	299
832	64	320	780	104	299
896	64	320	837	114	298
960	64	320	899	114	299
1023	64	320	957	119	299
0	128	320	53	120	295
64	128	320	80	120	295
128	128	320	132	120	295
192	128	320	190	122	297
256	128	320	250	123	298
320	128	320	308	125	299
384	128	320	365	128	299
448	128	320	423	128	299
512	128	320	481	130	299
576	128	320	539	133	298
640	128	320	599	137	299
704	128	320	658	141	299
768	128	320	719	142	299
832	128	320	780	147	299
896	128	320	837	151	298
960	128	320	899	152	299
1023	128	320	957	156	299
0	192	320	53	180	295
64	192	320	77	180	295
128	192	320	130	181	295
192	192	320	190	182	297
256	192	320	250	184	298
320	192	320	308	186	299
384	192	320	364	187	299
448	192	320	422	188	299
512	192	320	481	189	299
576	192	320	539	191	298
640	192	320	599	193	299
704	192	320	658	195	299
768	192	320	718	196	299
832	192	320	779	198	299
896	192	320	837	202	298
960	192	320	899	203	299
1023	192	320	957	206	299
0	256	320	53	241	295
64	256	320	77	242	295
128	256	320	130	242	296
192	256	320	188	243	297
256	256	320	248	245	298
320	256	320	307	246	299
384	256	320	363	247	299
448	256	320	422	248	299
512	256	320	480	248	299
576	256	320	538	249	298
640	256	320	598	251	299
704	256	320	658	252	299
768	256	320	718	253	299
832	256	320	779	255	299
896	256	320	837	257	298
960	256	320	898	258	299
1023	256	320	957	261	299
0	320	320	44	299	299
64	320	320	72	300	301
128	320	320	128	300	300
192	320	320	188	302	300
256	320	320	248	303	299
320	320	320	306	305	299
384	320	320	363	306	299
448	320	320	421	307	299
512	320	320	480	307	298
576	320	320	538	308	298
640	320	320	598	309	298
704	320	320	658	309	298
768	320	320	718	310	298
832	320	320	779	311	298
896	320	320	837	312	298
960	320	320	898	313	298
1023	320	320	956	315	298
0	384	320	23	355	299
64	384	320	66	355	300
128	384	320	125	356	299
192	384	320	186	357	299
256	384	320	247	359	298
320	384	320	307	361	299
384	384	320	363	362	299
448	384	320	422	363	299
512	384	320	480	364	298
576	384	320	538	365	298
640	384	320	597	366	298
704	384	320	657	366	298
768	384	320	717	366	298
832	384	320	778	366	298
896	384	320	837	366	298
960	384	320	898	366	298
1023	384	320	956	368	298
0	448	320	0	413	302
64	448	320	63	414	302
128	448	320	123	414	301
192	448	320	186	415	301
256	448	320	248	418	300
320	448	320	308	419	299
384	448	320	364	420	298
448	448	320	422	421	298
512	448	320	481	423	298
576	448	320	538	424	298
640	448	320	598	425	298
704	448	320	657	425	298
768	448	320	717	425	298
832	448	320	778	425	298
896	448	320	837	425	298
960	448	320	897	424	298
1023	448	320	956	424	298
0	512	320	0	473	302
64	512	320	63	473	301
128	512	320	123	474	301
192	512	320	186	475	301
256	512	320	248	477	301
320	512	320	308	479	299
384	512	320	365	479	299
448	512	320	423	481	298
512	512	320	482	482	298
576	512	320	540	483	298
640	512	320	599	485	298
704	512	320	657	485	298
768	512	320	717	486	298
832	512	320	778	485	298
896	512	320	837	485	297
960	512	320	897	484	298
1023	512	320	956	483	298
0	576	320	0	532	302
64	576	320	60	532	301
128	576	320	123	533	301
192	576	320	186	534	301
256	576	320	247	536	301
320	576	320	308	537	300
384	576	320	365	538	299
448	576	320	424	539	298
512	576	320	483	540	298
576	576	320	541	542	297
640	576	320	600	544	298
704	576	320	658	544	297
768	576	320	717	546	297
832	576	320	778	545	297
896	576	320	836	545	297
960	576	320	897	544	297
1023	576	320	956	543	297
0	640	320	0	591	300
64	640	320	60	591	300
128	640	320	123	592	300
192	640	320	185	593	300
256	640	320	247	594	300
320	640	320	307	596	300
384	640	320	365	597	299
448	640	320	424	598	298
512	640	320	483	599	298
576	640	320	542	600	297
640	640	320	601	602	297
704	640	320	660	603	297
768	640	320	718	604	297
832	640	320	779	605	297
896	640	320	837	605	296
960	640	320	897	603	297
1023	640	320	955	603	297
0	704	320	0	649	300
64	704	320	60	649	300
128	704	320	122	650	300
192	704	320	184	651	300
256	704	320	245	653	300
320	704	320	305	655	300
384	704	320	363	656	299
448	704	320	423	657	298
512	704	320	483	658	298
576	704	320	542	659	297
640	704	320	602	660	297
704	704	320	661	661	297
768	704	320	720	663	297
832	704	320	780	663	297
896	704	320	838	664	296
960	704	320	898	663	297
1023	704	320	956	664	297
0	768	320	0	709	299
64	768	320	60	710	300
128	768	320	122	710	300
192	768	320	183	711	300
256	768	320	243	713	301
320	768	320	304	715	300
384	768	320	363	716	300
448	768	320	423	716	299
512	768	320	483	717	298
576	768	320	543	718	298
640	768	320	603	720	297
704	768	320	662	721	297
768	768	320	721	722	297
832	768	320	782	723	296
896	768	320	840	723	296
960	768	320	899	722	296
1023	768	320	957	722	296
0	832	320	0	770	299
64	832	320	60	770	299
128	832	320	120	771	299
192	832	320	181	771	299
256	832	320	242	773	300
320	832	320	302	774	300
384	832	320	361	776	300
448	832	320	421	776	299
512	832	320	482	777	298
576	832	320	542	778	298
640	832	320	603	780	298
704	832	320	662	780	297
768	832	320	722	782	297
832	832	320	783	782	297
896	832	320	841	783	296
960	832	320	900	782	296
1023	832	320	958	782	296
0	896	320	0	829	298
64	896	320	60	829	298
128	896	320	119	829	298
192	896	320	180	831	298
256	896	320	240	832	298
320	896	320	300	834	299
384	896	320	359	835	300
448	896	320	420	835	300
512	896	320	481	836	299
576	896	320	542	837	298
640	896	320	603	839	298
704	896	320	663	839	298
768	896	320	723	840	298
832	896	320	784	840	297
896	896	320	843	841	296
960	896	320	902	840	297
1023	896	320	960	841	296
0	960	320	0	887	297
64	960	320	60	887	297
128	960	320	119	888	298
192	960	320	179	889	298
256	960	320	238	890	298
320	960	320	298	892	299
384	960	320	357	893	299
448	960	320	418	893	299
512	960	320	480	894	299
576	960	320	540	895	298
640	960	320	602	896	298
704	960	320	663	897	298
768	960	320	723	898	297
832	960	320	785	898	297
896	960	320	843	899	296
960	960	320	903	898	296
1023	960	320	961	898	296
0	1023	320	0	947	296
64	1023	320	57	947	297
128	1023	320	117	948	297
192	1023	320	177	949	297
256	1023	320	236	951	298
320	1023	320	295	952	298
384	1023	320	355	952	298
448	1023	320	417	953	299
512	1023	320	478	954	299
576	1023	320	539	955	298
640	1023	320	600	956	298
704	1023	320	661	956	298
768	1023	320	722	957	297
832	1023	320	783	956	297
896	1023	320	843	957	296
960	1023	320	903	956	297
1023	1023	320	962	956	297
0	0	384	66	0	360
64	0	384	87	0	359
128	0	384	137	0	359
192	0	384	193	23	359
256	0	384	253	23	359
320	0	384	311	32	359
384	0	384	366	38	359
448	0	384	424	44	359
512	0	384	482	53	359
576	0	384	540	60	359
640	0	384	600	69	359
704	0	384	659	77	359
768	0	384	719	82	359
832	0	384	780	89	359
896	0	384	837	99	359
960	0	384	899	103	359
1023	0	384	957	108	359
0	64	384	66	60	359
64	64	384	87	60	359
128	64	384	137	60	359
192	64	384	193	63	359
256	64	384	253	63	359
320	64	384	311	66	359
384	64	384	366	72	359
448	64	384	424	72	359
512	64	384	482	77	359
576	64	384	540	85	359
640	64	384	600	89	359
704	64	384	659	97	359
768	64	384	719	99	359
832	64	384	780	104	359
896	64	384	838	114	359
960	64	384	899	116	359
1023	64	384	957	120	359
0	128	384	66	119	359
64	128	384	87	120	359
128	128	384	137	120	359
192	128	384	193	120	359
256	128	384	252	122	359
320	128	384	310	123	359
384	128	384	366	126	359
448	128	384	424	128	359
512	128	384	482	130	359
576	128	384	540	133	359
640	128	384	600	136	359
704	128	384	659	141	359
768	128	384	719	142	359
832	128	384	780	145	359
896	128	384	838	151	359
960	128	384	899	153	359
1023	128	384	957	157	359
0	192	384	66	180	359
64	192	384	87	180	359
128	192	384	136	181	359
192	192	384	193	182	359
256	192	384	252	183	359
320	192	384	309	185	359
384	192	384	365	186	359
448	192	384	423	187	359
512	192	384	481	188	359
576	192	384	539	190	359
640	192	384	600	193	359
704	192	384	659	195	359
768	192	384	719	196	359
832	192	384	780	198	359
896	192	384	838	202	359
960	192	384	899	203	359
1023	192	384	956	206	359
0	256	384	63	241	359
64	256	384	87	241	359
128	256	384	136	242	359
192	256	384	193	243	359
256	256	384	252	243	359
320	256	384	309	245	359
384	256	384	365	246	359
448	256	384	423	247	359
512	256	384	481	247	359
576	256	384	539	248	359
640	256	384	599	250	359
704	256	384	658	252	359
768	256	384	719	253	359
832	256	384	780	254	359
896	256	384	838	257	359
960	256	384	899	257	359
1023	256	384	956	261	359
0	320	384	57	299	357
64	320	384	82	299	359
128	320	384	133	300	359
192	320	384	191	301	359
256	320	384	250	302	359
320	320	384	308	304	359
384	320	384	364	305	359
448	320	384	422	306	359
512	320	384	481	306	359
576	320	384	539	307	359
640	320	384	599	308	359
704	320	384	658	309	359
768	320	384	718	309	359
832	320	384	780	310	359
896	320	384	838	312	359
960	320	384	899	312	359
1023	320	384	956	315	359
0	384	384	32	355	357
64	384	384	69	355	357
128	384	384	128	356	357
192	384	384	188	357	357
256	384	384	248	359	357
320	384	384	308	360	359
384	384	384	363	361	359
448	384	384	422	362	359
512	384	384	481	363	359
576	384	384	538	364	359
640	384	384	598	365	359
704	384	384	658	366	359
768	384	384	717	365	359
832	384	384	779	366	359
896	384	384	837	366	359
960	384	384	898	366	359
1023	384	384	956	367	359
0	448	384	0	414	362
64	448	384	63	414	361
128	448	384	125	415	361
192	448	384	186	416	361
256	448	384	248	418	361
320	448	384	308	419	359
384	448	384	364	420	359
448	448	384	423	421	359
512	448	384	481	422	359
576	448	384	539	423	358
640	448	384	599	424	359
704	448	384	657	425	359
768	448	384	717	425	358
832	448	384	779	425	359
896	448	384	837	425	359
960	448	384	897	423	359
1023	448	384	956	424	359
0	512	384	0	473	363
64	512	384	63	474	362
128	512	384	123	474	362
192	512	384	186	475	362
256	512	384	248	477	362
320	512	384	308	479	360
384	512	384	365	479	359
448	512	384	424	481	359
512	512	384	483	482	359
576	512	384	540	483	358
640	512	384	599	485	359
704	512	384	657	485	358
768	512	384	717	486	358
832	512	384	778	485	358
896	512	384	837	485	358
960	512	384	897	483	358
1023	512	384	955	484	358
0	576	384	0	532	363
64	576	384	60	532	362
128	576	384	123	533	362
192	576	384	186	534	361
256	576	384	247	535	361
320	576	384	308	537	360
384	576	384	365	538	359
448	576	384	425	539	359
512	576	384	483	540	359
576	576	384	541	542	358
640	576	384	600	543	358
704	576	384	658	544	358
768	576	384	718	546	358
832	576	384	779	545	358
896	576	384	837	545	357
960	576	384	897	544	358
1023	576	384	955	543	358
0	640	384	0	591	363
64	640	384	60	591	362
128	640	384	123	592	362
192	640	384	186	593	362
256	640	384	247	594	362
320	640	384	307	596	360
384	640	384	365	597	360
448	640	384	425	598	359
512	640	384	484	599	359
576	640	384	542	600	357
640	640	384	601	602	358
704	640	384	660	603	357
768	640	384	719	604	357
832	640	384	779	604	357
896	640	384	837	605	357
960	640	384	897	604	358
1023	640	384	955	603	357
0	704	384	0	650	361
64	704	384	60	650	361
128	704	384	123	651	361
192	704	384	185	652	361
256	704	384	246	654	361
320	704	384	306	655	361
384	704	384	365	656	361
448	704	384	424	657	359
512	704	384	484	658	359
576	704	384	543	659	358
640	704	384	602	660	358
704	704	384	661	661	357
768	704	384	720	663	357
832	704	384	780	663	357
896	704	384	838	664	357
960	704	384	898	663	357
1023	704	384	956	664	357
0	768	384	0	710	361
64	768	384	60	710	361
128	768	384	122	710	361
192	768	384	184	711	361
256	768	384	245	713	361
320	768	384	305	714	361
384	768	384	363	715	360
448	768	384	424	716	360
512	768	384	484	717	359
576	768	384	544	718	358
640	768	384	604	720	358
704	768	384	662	720	358
768	768	384	722	722	357
832	768	384	782	722	357
896	768	384	840	723	357
960	768	384	899	722	357
1023	768	384	957	722	357
0	832	384	0	769	361
64	832	384	60	770	361
128	832	384	122	770	361
192	832	384	182	771	361
256	832	384	243	773	361
320	832	384	303	775	363
384	832	384	362	776	362
448	832	384	422	776	360
512	832	384	483	777	360
576	832	384	543	778	359
640	832	384	603	779	359
704	832	384	663	780	358
768	832	384	723	782	357
832	832	384	783	782	357
896	832	384	841	782	357
960	832	384	901	782	357
1023	832	384	958	782	357
0	896	384	0	829	359
64	896	384	60	829	360
128	896	384	120	830	360
192	896	384	181	831	360
256	896	384	242	833	360
320	896	384	302	834	361
384	896	384	361	835	361
448	896	384	421	835	361
512	896	384	482	836	361
576	896	384	542	837	359
640	896	384	604	838	359
704	896	384	663	839	359
768	896	384	724	840	359
832	896	384	785	840	358
896	896	384	843	841	358
960	896	384	903	841	358
1023	896	384	961	841	357
0	960	384	0	887	359
64	960	384	60	888	359
128	960	384	119	888	359
192	960	384	179	889	359
256	960	384	240	891	360
320	960	384	300	892	361
384	960	384	359	893	361
448	960	384	420	894	361
512	960	384	481	894	361
576	960	384	541	895	360
640	960	384	603	897	360
704	960	384	663	897	359
768	960	384	723	898	359
832	960	384	785	898	359
896	960	384	844	899	358
960	960	384	903	898	358
1023	960	384	961	898	357
0	1023	384	0	947	358
64	1023	384	60	947	359
128	1023	384	117	948	359
192	1023	384	179	949	359
256	1023	384	238	950	359
320	1023	384	297	952	361
384	1023	384	357	952	361
448	1023	384	418	953	361
512	1023	384	479	954	360
576	1023	384	540	955	360
640	1023	384	601	956	360
704	1023	384	661	956	359
768	1023	384	723	957	359
832	1023	384	784	956	358
896	1023	384	844	957	358
960	1023	384	903	957	358
1023	1023	384	962	956	358
0	0	448	75	0	420
64	0	448	95	0	420
128	0	448	141	0	420
192	0	448	198	0	420
256	0	448	256	23	419
320	0	448	313	32	419
384	0	448	367	38	418
448	0	448	425	44	419
512	0	448	483	53	418
576	0	448	541	60	418
640	0	448	601	69	419
704	0	448	659	75	419
768	0	448	720	80	419
832	0	448	780	89	419
896	0	448	838	99	418
960	0	448	899	103	419
1023	0	448	957	106	419
0	64	448	75	60	420
64	64	448	95	60	420
128	64	448	141	60	420
192	64	448	197	63	420
256	64	448	256	63	419
320	64	448	313	66	419
384	64	448	367	69	418
448	64	448	425	72	419
512	64	448	483	77	418
576	64	448	541	82	418
640	64	448	601	89	419
704	64	448	659	95	419
768	64	448	720	97	419
832	64	448	780	104	419
896	64	448	838	113	418
960	64	448	899	116	419
1023	64	448	957	119	419
0	128	448	75	119	420
64	128	448	93	120	420
128	128	448	141	120	420
192	128	448	197	120	420
256	128	448	256	122	419
320	128	448	313	123	419
384	128	448	367	125	418
448	128	448	425	128	419
512	128	448	483	129	418
576	128	448	541	132	418
640	128	448	601	136	419
704	128	448	659	138	419
768	128	448	719	141	419
832	128	448	780	145	419
896	128	448	838	151	418
960	128	448	899	152	419
1023	128	448	957	156	419
0	192	448	72	180	420
64	192	448	91	180	420
128	192	448	139	181	420
192	192	448	196	181	420
256	192	448	255	182	420
320	192	448	312	183	419
384	192	448	366	185	419
448	192	448	425	186	419
512	192	448	483	188	419
576	192	448	541	189	418
640	192	448	601	192	419
704	192	448	659	193	419
768	192	448	719	195	419
832	192	448	780	198	419
896	192	448	838	202	418
960	192	448	899	203	419
1023	192	448	957	205	419
0	256	448	69	241	420
64	256	448	89	241	420
128	256	448	138	242	420
192	256	448	194	242	420
256	256	448	254	243	420
320	256	448	311	243	419
384	256	448	366	244	419
448	256	448	424	246	419
512	256	448	482	247	419
576	256	448	540	248	418
640	256	448	600	250	419
704	256	448	659	251	419
768	256	448	719	252	419
832	256	448	780	254	419
896	256	448	838	257	419
960	256	448	899	257	419
1023	256	448	957	259	419
0	320	448	60	299	421
64	320	448	82	299	421
128	320	448	134	300	420
192	320	448	193	300	420
256	320	448	252	302	420
320	320	448	310	302	419
384	320	448	365	303	418
448	320	448	423	304	419
512	320	448	482	306	418
576	320	448	540	306	418
640	320	448	600	308	419
704	320	448	659	308	418
768	320	448	719	309	418
832	320	448	780	310	419
896	320	448	838	312	418
960	320	448	898	313	419
1023	320	448	956	314	419
0	384	448	44	355	421
64	384	448	72	355	421
128	384	448	129	356	421
192	384	448	189	357	420
256	384	448	250	358	420
320	384	448	309	359	419
384	384	448	365	360	419
448	384	448	423	361	419
512	384	448	481	362	419
576	384	448	539	363	418
640	384	448	599	364	418
704	384	448	658	365	418
768	384	448	718	365	418
832	384	448	779	365	418
896	384	448	838	366	418
960	384	448	898	366	419
1023	384	448	956	366	419
0	448	448	23	413	423
64	448	448	66	413	423
128	448	448	126	414	422
192	448	448	188	415	422
256	448	448	249	417	421
320	448	448	308	418	419
384	448	448	365	419	419
448	448	448	423	420	419
512	448	448	482	421	418
576	448	448	540	423	418
640	448	448	599	423	418
704	448	448	658	424	418
768	448	448	718	424	418
832	448	448	779	424	418
896	448	448	837	424	418
960	448	448	897	423	418
1023	448	448	956	424	418
0	512	448	0	473	424
64	512	448	63	473	423
128	512	448	125	474	423
192	512	448	186	475	422
256	512	448	248	477	422
320	512	448	308	478	420
384	512	448	365	479	420
448	512	448	423	480	419
512	512	448	482	481	418
576	512	448	541	483	418
640	512	448	600	484	418
704	512	448	658	485	418
768	512	448	718	485	418
832	512	448	779	485	418
896	512	448	837	485	418
960	512	448	898	483	418
1023	512	448	956	484	418
0	576	448	0	532	424
64	576	448	63	532	423
128	576	448	123	533	423
192	576	448	186	534	423
256	576	448	248	536	422
320	576	448	308	537	420
384	576	448	366	538	420
448	576	448	424	539	419
512	576	448	483	540	418
576	576	448	541	541	418
640	576	448	601	543	418
704	576	448	659	544	418
768	576	448	718	545	418
832	576	448	779	545	418
896	576	448	837	545	417
960	576	448	898	543	418
1023	576	448	956	543	418
0	640	448	0	591	423
64	640	448	60	591	423
128	640	448	123	592	423
192	640	448	186	593	423
256	640	448	247	594	423
320	640	448	308	596	421
384	640	448	365	597	420
448	640	448	425	598	419
512	640	448	484	599	418
576	640	448	542	600	418
640	640	448	601	602	418
704	640	448	660	602	418
768	640	448	719	604	418
832	640	448	779	604	418
896	640	448	837	604	417
960	640	448	897	603	418
1023	640	448	956	603	418
0	704	448	0	650	421
64	704	448	60	650	421
128	704	448	123	651	421
192	704	448	186	652	421
256	704	448	247	654	422
320	704	448	307	655	421
384	704	448	365	656	421
448	704	448	425	657	420
512	704	448	484	658	419
576	704	448	543	659	418
640	704	448	603	660	418
704	704	448	662	661	418
768	704	448	721	663	418
832	704	448	781	663	418
896	704	448	839	664	417
960	704	448	898	663	418
1023	704	448	956	663	418
0	768	448	0	710	421
64	768	448	60	710	422
128	768	448	123	710	422
192	768	448	185	711	422
256	768	448	246	713	422
320	768	448	306	714	422
384	768	448	365	715	421
448	768	448	424	716	420
512	768	448	485	717	419
576	768	448	544	718	418
640	768	448	604	719	418
704	768	448	663	720	418
768	768	448	722	722	418
832	768	448	782	722	418
896	768	448	840	723	417
960	768	448	899	722	418
1023	768	448	957	722	418
0	832	448	0	770	421
64	832	448	60	770	421
128	832	448	122	770	421
192	832	448	184	772	422
256	832	448	245	773	422
320	832	448	305	775	423
384	832	448	363	776	423
448	832	448	423	776	421
512	832	448	484	777	420
576	832	448	543	778	419
640	832	448	604	779	419
704	832	448	664	780	418
768	832	448	723	782	418
832	832	448	784	781	418
896	832	448	841	782	418
960	832	448	901	782	418
1023	832	448	958	782	418
0	896	448	0	829	420
64	896	448	60	829	420
128	896	448	122	830	420
192	896	448	183	831	420
256	896	448	243	833	421
320	896	448	304	834	422
384	896	448	362	834	422
448	896	448	422	835	422
512	896	448	483	836	421
576	896	448	543	837	420
640	896	448	604	838	420
704	896	448	664	839	420
768	896	448	724	840	419
832	896	448	785	840	419
896	896	448	844	841	418
960	896	448	903	840	418
1023	896	448	961	841	418
0	960	448	0	887	419
64	960	448	60	887	420
128	960	448	120	888	420
192	960	448	180	889	420
256	960	448	242	890	421
320	960	448	302	892	422
384	960	448	360	892	422
448	960	448	420	893	422
512	960	448	481	894	421
576	960	448	542	895	420
640	960	448	603	896	420
704	960	448	664	896	420
768	960	448	724	897	419
832	960	448	785	897	419
896	960	448	844	898	418
960	960	448	903	898	419
1023	960	448	962	898	418
0	1023	448	0	947	419
64	1023	448	60	947	420
128	1023	448	119	948	420
192	1023	448	179	949	420
256	1023	448	239	950	420
320	1023	448	299	951	421
384	1023	448	358	952	421
448	1023	448	419	953	421
512	1023	448	480	953	421
576	1023	448	540	954	421
640	1023	448	601	955	421
704	1023	448	662	956	420
768	1023	448	723	957	420
832	1023	448	785	956	419
896	1023	448	844	957	419
960	1023	448	904	956	419
1023	1023	448	962	956	419
0	0	512	87	0	480
64	0	512	104	0	479
128	0	512	148	0	479
192	0	512	201	0	479
256	0	512	259	0	478
320	0	512	316	23	478
384	0	512	370	38	478
448	0	512	427	44	478
512	0	512	485	48	477
576	0	512	542	60	477
640	0	512	602	69	478
704	0	512	660	72	478
768	0	512	720	80	478
832	0	512	780	89	478
896	0	512	839	97	478
960	0	512	899	101	479
1023	0	512	957	106	479
0	64	512	89	60	477
64	64	512	104	60	476
128	64	512	148	60	476
192	64	512	201	60	477
256	64	512	259	60	477
320	64	512	316	63	478
384	64	512	370	69	478
448	64	512	427	72	478
512	64	512	485	77	477
576	64	512	542	82	477
640	64	512	602	89	478
704	64	512	660	93	478
768	64	512	720	97	478
832	64	512	780	104	478
896	64	512	839	111	478
960	64	512	899	114	479
1023	64	512	957	120	478
0	128	512	89	119	477
64	128	512	104	119	476
128	128	512	148	119	477
192	128	512	202	120	477
256	128	512	259	120	477
320	128	512	316	122	478
384	128	512	369	123	478
448	128	512	427	126	478
512	128	512	484	128	477
576	128	512	542	132	477
640	128	512	601	136	478
704	128	512	660	138	478
768	128	512	720	141	478
832	128	512	780	145	478
896	128	512	839	150	478
960	128	512	899	152	479
1023	128	512	957	156	478
0	192	512	89	179	477
64	192	512	106	179	477
128	192	512	148	180	477
192	192	512	202	180	477
256	192	512	259	181	478
320	192	512	315	182	478
384	192	512	369	184	478
448	192	512	426	186	478
512	192	512	484	187	478
576	192	512	542	188	477
640	192	512	601	191	478
704	192	512	660	193	478
768	192	512	720	195	478
832	192	512	780	198	478
896	192	512	839	201	478
960	192	512	899	202	479
1023	192	512	957	205	478
0	256	512	93	240	477
64	256	512	108	240	477
128	256	512	149	240	477
192	256	512	202	241	477
256	256	512	258	242	478
320	256	512	315	243	478
384	256	512	368	243	478
448	256	512	426	245	478
512	256	512	484	246	478
576	256	512	542	247	477
640	256	512	601	249	478
704	256	512	660	250	478
768	256	512	720	252	478
832	256	512	780	253	478
896	256	512	839	256	478
960	256	512	899	257	479
1023	256	512	957	259	478
0	320	512	89	298	478
64	320	512	104	298	479
128	320	512	148	299	479
192	320	512	200	299	479
256	320	512	257	300	478
320	320	512	313	301	478
384	320	512	368	302	477
448	320	512	425	303	478
512	320	512	483	304	477
576	320	512	541	305	477
640	320	512	601	307	478
704	320	512	660	308	478
768	320	512	719	309	478
832	320	512	780	309	478
896	320	512	839	311	477
960	320	512	898	313	478
1023	320	512	957	314	478
0	384	512	66	354	478
64	384	512	89	354	479
128	384	512	137	355	478
192	384	512	194	355	478
256	384	512	254	356	477
320	384	512	312	357	478
384	384	512	366	358	477
448	384	512	424	359	478
512	384	512	483	360	478
576	384	512	541	361	477
640	384	512	600	363	478
704	384	512	659	363	478
768	384	512	719	364	478
832	384	512	780	364	478
896	384	512	838	365	478
960	384	512	898	366	478
1023	384	512	956	366	478
0	448	512	48	413	483
64	448	512	75	413	482
128	448	512	130	413	481
192	448	512	191	414	481
256	448	512	252	415	481
320	448	512	310	416	479
384	448	512	366	417	478
448	448	512	424	418	478
512	448	512	483	419	477
576	448	512	541	421	477
640	448	512	600	422	477
704	448	512	659	422	477
768	448	512	719	423	477
832	448	512	779	423	477
896	448	512	838	423	477
960	448	512	897	423	478
1023	448	512	956	423	478
0	512	512	44	472	483
64	512	512	72	473	482
128	512	512	128	473	482
192	512	512	189	474	481
256	512	512	250	476	481
320	512	512	309	477	479
384	512	512	366	478	479
448	512	512	424	479	478
512	512	512	483	480	477
576	512	512	541	481	477
640	512	512	600	483	477
704	512	512	659	483	477
768	512	512	719	484	477
832	512	512	779	483	477
896	512	512	837	484	477
960	512	512	897	483	478
1023	512	512	956	483	478
0	576	512	32	532	483
64	576	512	66	532	483
128	576	512	126	533	482
192	576	512	188	534	482
256	576	512	249	535	482
320	576	512	309	537	480
384	576	512	366	537	479
448	576	512	424	538	479
512	576	512	483	539	478
576	576	512	542	540	477
640	576	512	601	542	477
704	576	512	660	543	477
768	576	512	719	544	477
832	576	512	779	544	477
896	576	512	838	544	477
960	576	512	898	543	477
1023	576	512	956	543	477
0	640	512	23	591	483
64	640	512	63	591	482
128	640	512	125	592	482
192	640	512	187	593	482
256	640	512	248	594	482
320	640	512	308	596	481
384	640	512	366	596	480
448	640	512	425	597	479
512	640	512	484	598	478
576	640	512	542	599	477
640	640	512	602	601	477
704	640	512	660	602	477
768	640	512	720	603	477
832	640	512	780	603	477
896	640	512	838	604	477
960	640	512	898	602	477
1023	640	512	956	602	477
0	704	512	23	649	481
64	704	512	63	650	481
128	704	512	125	650	481
192	704	512	186	652	482
256	704	512	248	654	482
320	704	512	308	655	482
384	704	512	366	655	481
448	704	512	425	656	479
512	704	512	485	657	478
576	704	512	543	658	477
640	704	512	603	660	477
704	704	512	662	661	477
768	704	512	721	662	477
832	704	512	781	663	477
896	704	512	839	663	477
960	704	512	898	662	477
1023	704	512	956	662	477
0	768	512	0	709	481
64	768	512	63	709	482
128	768	512	123	710	482
192	768	512	186	711	482
256	768	512	247	713	483
320	768	512	308	714	482
384	768	512	365	715	481
448	768	512	425	716	481
512	768	512	485	717	479
576	768	512	544	718	479
640	768	512	604	719	479
704	768	512	663	720	478
768	768	512	723	721	478
832	768	512	783	721	478
896	768	512	840	722	477
960	768	512	900	721	478
1023	768	512	957	722	477
0	832	512	0	770	481
64	832	512	60	770	481
128	832	512	123	771	481
192	832	512	185	772	481
256	832	512	247	773	482
320	832	512	307	775	483
384	832	512	365	775	483
448	832	512	424	776	481
512	832	512	485	776	480
576	832	512	544	777	479
640	832	512	604	779	479
704	832	512	664	779	479
768	832	512	724	781	478
832	832	512	784	781	478
896	832	512	842	782	478
960	832	512	901	782	478
1023	832	512	958	781	478
0	896	512	0	829	480
64	896	512	60	829	481
128	896	512	122	830	481
192	896	512	185	831	481
256	896	512	246	832	481
320	896	512	306	834	483
384	896	512	364	834	482
448	896	512	424	835	482
512	896	512	484	836	481
576	896	512	544	836	481
640	896	512	605	838	481
704	896	512	665	838	480
768	896	512	725	839	479
832	896	512	785	839	479
896	896	512	844	840	479
960	896	512	903	840	479
1023	896	512	961	840	479
0	960	512	0	887	480
64	960	512	60	887	480
128	960	512	122	888	481
192	960	512	183	889	481
256	960	512	243	890	481
320	960	512	304	892	482
384	960	512	362	892	482
448	960	512	422	893	482
512	960	512	483	893	482
576	960	512	543	894	481
640	960	512	604	895	481
704	960	512	664	896	480
768	960	512	725	897	480
832	960	512	785	897	479
896	960	512	844	898	479
960	960	512	904	897	479
1023	960	512	962	898	479
0	1023	512	0	947	480
64	1023	512	60	947	480
128	1023	512	120	948	480
192	1023	512	180	949	481
256	1023	512	242	950	481
320	1023	512	301	951	482
384	1023	512	360	952	482
448	1023	512	420	953	482
512	1023	512	481	953	482
576	1023	512	541	954	481
640	1023	512	603	955	481
704	1023	512	663	955	481
768	1023	512	724	956	481
832	1023	512	785	956	480
896	1023	512	845	957	479
960	1023	512	904	956	479
1023	1023	512	962	956	479
0	0	576	97	0	539
64	0	576	113	0	537
128	0	576	153	0	537
192	0	576	206	0	537
256	0	576	262	0	536
320	0	576	318	23	536
384	0	576	372	32	536
448	0	576	428	44	537
512	0	576	486	48	536
576	0	576	544	57	536
640	0	576	603	66	537
704	0	576	661	72	537
768	0	576	721	80	537
832	0	576	781	87	537
896	0	576	840	93	537
960	0	576	899	99	538
1023	0	576	957	106	538
0	64	576	99	60	535
64	64	576	113	60	533
128	64	576	153	60	534
192	64	576	206	60	534
256	64	576	262	60	535
320	64	576	318	63	536
384	64	576	372	66	536
448	64	576	428	72	537
512	64	576	486	75	536
576	64	576	543	80	536
640	64	576	603	87	537
704	64	576	661	91	537
768	64	576	721	97	537
832	64	576	781	104	537
896	64	576	840	109	537
960	64	576	899	113	538
1023	64	576	957	119	537
0	128	576	101	119	535
64	128	576	116	119	533
128	128	576	155	119	534
192	128	576	206	119	534
256	128	576	262	119	535
320	128	576	318	120	536
384	128	576	372	123	536
448	128	576	428	126	537
512	128	576	486	128	536
576	128	576	543	130	536
640	128	576	603	134	537
704	128	576	661	138	537
768	128	576	721	139	537
832	128	576	781	144	537
896	128	576	840	148	537
960	128	576	899	151	538
1023	128	576	957	156	537
0	192	576	104	179	535
64	192	576	117	179	534
128	192	576	157	179	534
192	192	576	207	179	535
256	192	576	262	180	536
320	192	576	318	181	536
384	192	576	372	183	536
448	192	576	428	184	537
512	192	576	486	186	537
576	192	576	543	188	536
640	192	576	602	190	537
704	192	576	661	193	537
768	192	576	721	194	537
832	192	576	781	197	537
896	192	576	840	199	537
960	192	576	899	202	538
1023	192	576	957	205	537
0	256	576	111	239	535
64	256	576	123	239	534
128	256	576	160	240	535
192	256	576	209	240	535
256	256	576	262	240	536
320	256	576	317	242	536
384	256	576	372	243	536
448	256	576	428	243	537
512	256	576	485	245	537
576	256	576	543	247	536
640	256	576	602	248	537
704	256	576	661	250	537
768	256	576	721	252	537
832	256	576	781	253	537
896	256	576	839	255	537
960	256	576	899	257	538
1023	256	576	957	259	537
0	320	576	106	297	537
64	320	576	119	297	538
128	320	576	157	298	538
192	320	576	206	298	537
256	320	576	261	299	537
320	320	576	317	300	537
384	320	576	370	301	536
448	320	576	427	302	537
512	320	576	485	302	536
576	320	576	543	304	536
640	320	576	602	306	537
704	320	576	661	306	537
768	320	576	720	308	537
832	320	576	780	309	537
896	320	576	839	310	537
960	320	576	899	311	537
1023	320	576	957	314	537
0	384	576	77	353	537
64	384	576	95	353	537
128	384	576	142	353	537
192	384	576	198	354	536
256	384	576	257	355	535
320	384	576	314	355	536
384	384	576	369	356	536
448	384	576	426	357	537
512	384	576	484	358	537
576	384	576	542	359	536
640	384	576	601	361	537
704	384	576	660	362	537
768	384	576	720	363	537
832	384	576	780	363	537
896	384	576	838	364	537
960	384	576	898	365	537
1023	384	576	956	366	537
0	448	576	60	412	543
64	448	576	82	412	542
128	448	576	136	412	541
192	448	576	193	413	541
256	448	576	254	414	540
320	448	576	313	415	537
384	448	576	368	415	537
448	448	576	425	416	536
512	448	576	483	417	536
576	448	576	542	418	536
640	448	576	601	420	536
704	448	576	660	420	536
768	448	576	719	422	537
832	448	576	780	422	537
896	448	576	838	423	536
960	448	576	898	422	537
1023	448	576	956	423	537
0	512	576	53	472	543
64	512	576	77	472	541
128	512	576	132	472	541
192	512	576	192	473	541
256	512	576	252	474	540
320	512	576	311	476	538
384	512	576	367	476	537
448	512	576	425	477	537
512	512	576	483	478	536
576	512	576	542	479	536
640	512	576	601	481	537
704	512	576	660	481	536
768	512	576	719	483	537
832	512	576	780	482	537
896	512	576	838	483	536
960	512	576	898	482	537
1023	512	576	956	482	537
0	576	576	44	531	543
64	576	576	72	532	542
128	576	576	129	532	541
192	576	576	189	533	541
256	576	576	250	534	541
320	576	576	309	535	539
384	576	576	366	536	538
448	576	576	425	537	538
512	576	576	484	538	537
576	576	576	542	539	536
640	576	576	601	541	537
704	576	576	660	541	536
768	576	576	720	543	537
832	576	576	780	542	537
896	576	576	838	543	536
960	576	576	898	542	537
1023	576	576	956	542	537
0	640	576	38	590	542
64	640	576	69	591	542
128	640	576	128	591	542
192	640	576	188	592	542
256	640	576	249	594	542
320	640	576	309	595	540
384	640	576	366	596	539
448	640	576	425	597	538
512	640	576	484	597	537
576	640	576	543	599	536
640	640	576	602	600	537
704	640	576	660	601	536
768	640	576	720	602	537
832	640	576	780	602	537
896	640	576	838	603	536
960	640	576	898	602	537
1023	640	576	956	602	537
0	704	576	44	650	541
64	704	576	72	650	541
128	704	576	128	650	541
192	704	576	188	652	541
256	704	576	249	653	542
320	704	576	309	655	541
384	704	576	366	655	540
448	704	576	425	656	539
512	704	576	485	657	538
576	704	576	543	658	537
640	704	576	603	659	537
704	704	576	662	660	537
768	704	576	721	662	537
832	704	576	781	661	537
896	704	576	839	662	536
960	704	576	899	661	537
1023	704	576	956	662	537
0	768	576	23	709	541
64	768	576	66	709	542
128	768	576	126	710	542
192	768	576	186	711	542
256	768	576	248	713	543
320	768	576	308	714	542
384	768	576	366	715	541
448	768	576	425	715	540
512	768	576	485	716	539
576	768	576	545	717	538
640	768	576	604	719	538
704	768	576	663	719	537
768	768	576	723	721	537
832	768	576	783	721	537
896	768	576	841	722	537
960	768	576	900	721	537
1023	768	576	958	722	537
0	832	576	32	770	541
64	832	576	66	770	541
128	832	576	126	771	541
192	832	576	187	772	542
256	832	576	248	773	542
320	832	576	308	774	543
384	832	576	366	775	542
448	832	576	425	776	541
512	832	576	485	776	540
576	832	576	545	777	539
640	832	576	605	778	538
704	832	576	665	779	538
768	832	576	724	780	538
832	832	576	785	781	538
896	832	576	843	782	537
960	832	576	901	781	538
1023	832	576	959	781	537
0	896	576	32	829	540
64	896	576	66	829	541
128	896	576	126	830	541
192	896	576	187	831	541
256	896	576	248	833	542
320	896	576	308	834	543
384	896	576	366	834	543
448	896	576	425	835	542
512	896	576	485	835	541
576	896	576	545	836	540
640	896	576	606	837	540
704	896	576	665	838	539
768	896	576	726	839	539
832	896	576	786	839	539
896	896	576	845	840	538
960	896	576	904	839	539
1023	896	576	961	840	538
0	960	576	0	887	540
64	960	576	60	887	541
128	960	576	123	888	541
192	960	576	185	889	541
256	960	576	247	890	541
320	960	576	306	892	542
384	960	576	364	892	542
448	960	576	424	893	542
512	960	576	484	893	541
576	960	576	544	894	541
640	960	576	605	895	541
704	960	576	665	895	540
768	960	576	725	897	540
832	960	576	786	897	539
896	960	576	845	897	539
960	960	576	904	897	539
1023	960	576	962	898	539
0	1023	576	0	947	540
64	1023	576	60	947	540
128	1023	576	122	948	540
192	1023	576	183	949	541
256	1023	576	244	950	541
320	1023	576	304	951	542
384	1023	576	362	952	542
448	1023	576	422	952	542
512	1023	576	483	953	542
576	1023	576	543	954	541
640	1023	576	604	955	541
704	1023	576	664	955	541
768	1023	576	725	956	540
832	1023	576	786	956	540
896	1023	576	845	957	539
960	1023	576	904	955	539
1023	1023	576	962	955	539
0	0	640	108	0	599
64	0	640	122	0	597
128	0	640	160	0	597
192	0	640	210	0	597
256	0	640	266	0	597
320	0	640	321	0	595
384	0	640	374	32	595
448	0	640	431	38	596
512	0	640	488	44	595
576	0	640	545	57	595
640	0	640	604	63	597
704	0	640	662	72	596
768	0	640	722	77	597
832	0	640	782	85	597
896	0	640	840	91	596
960	0	640	900	99	597
1023	0	640	957	106	597
0	64	640	111	60	591
64	64	640	123	60	590
128	64	640	161	60	591
192	64	640	211	60	592
256	64	640	266	60	595
320	64	640	321	63	595
384	64	640	374	66	595
448	64	640	431	69	596
512	64	640	488	72	595
576	64	640	545	80	595
640	64	640	604	85	596
704	64	640	662	89	596
768	64	640	722	95	597
832	64	640	782	103	597
896	64	640	840	106	596
960	64	640	900	113	597
1023	64	640	957	119	597
0	128	640	117	117	591
64	128	640	129	117	590
128	128	640	164	117	591
192	128	640	212	119	592
256	128	640	266	119	595
320	128	640	321	120	595
384	128	640	374	122	595
448	128	640	430	125	596
512	128	640	488	128	595
576	128	640	545	129	595
640	128	640	604	133	596
704	128	640	662	137	596
768	128	640	722	139	597
832	128	640	782	143	597
896	128	640	840	148	596
960	128	640	900	151	597
1023	128	640	957	156	597
0	192	640	129	179	591
64	192	640	139	179	591
128	192	640	172	179	592
192	192	640	216	179	593
256	192	640	267	179	595
320	192	640	320	180	596
384	192	640	374	181	595
448	192	640	430	183	596
512	192	640	487	185	596
576	192	640	545	187	595
640	192	640	604	189	596
704	192	640	662	192	596
768	192	640	722	193	597
832	192	640	782	196	597
896	192	640	840	198	596
960	192	640	900	202	597
1023	192	640	957	205	597
0	256	640	145	237	591
64	256	640	153	238	591
128	256	640	180	238	592
192	256	640	221	238	594
256	256	640	269	240	596
320	256	640	320	241	596
384	256	640	373	242	596
448	256	640	430	243	596
512	256	640	487	243	596
576	256	640	545	245	595
640	256	640	604	247	596
704	256	640	662	248	596
768	256	640	722	251	597
832	256	640	782	252	597
896	256	640	840	255	596
960	256	640	900	256	597
1023	256	640	957	258	597
0	320	640	142	295	586
64	320	640	150	295	596
128	320	640	179	296	596
192	320	640	219	297	595
256	320	640	267	298	594
320	320	640	319	299	596
384	320	640	373	299	595
448	320	640	429	300	596
512	320	640	487	302	596
576	320	640	544	303	595
640	320	640	603	304	596
704	320	640	662	306	596
768	320	640	721	307	596
832	320	640	782	308	597
896	320	640	840	310	596
960	320	640	899	311	597
1023	320	640	957	313	597
0	384	640	91	353	586
64	384	640	108	353	588
128	384	640	150	353	588
192	384	640	203	353	587
256	384	640	261	353	587
320	384	640	317	354	596
384	384	640	372	355	596
448	384	640	428	356	596
512	384	640	486	357	596
576	384	640	544	358	595
640	384	640	603	359	596
704	384	640	662	360	596
768	384	640	721	361	596
832	384	640	781	363	597
896	384	640	839	363	596
960	384	640	899	364	597
1023	384	640	956	366	597
0	448	640	63	412	605
64	448	640	87	412	603
128	448	640	138	412	602
192	448	640	196	412	602
256	448	640	257	413	601
320	448	640	315	414	597
384	448	640	370	414	597
448	448	640	427	415	596
512	448	640	485	416	596
576	448	640	543	417	595
640	448	640	602	418	596
704	448	640	661	419	596
768	448	640	720	420	596
832	448	640	781	421	597
896	448	640	839	422	596
960	448	640	898	421	597
1023	448	640	956	423	597
0	512	640	63	472	604
64	512	640	87	472	602
128	512	640	137	472	602
192	512	640	194	473	601
256	512	640	255	474	601
320	512	640	313	474	598
384	512	640	369	475	597
448	512	640	427	476	597
512	512	640	485	477	596
576	512	640	543	478	595
640	512	640	602	479	596
704	512	640	661	480	596
768	512	640	720	481	596
832	512	640	780	481	596
896	512	640	839	482	596
960	512	640	898	481	597
1023	512	640	956	482	597
0	576	640	57	531	603
64	576	640	82	531	602
128	576	640	133	532	601
192	576	640	193	532	601
256	576	640	252	534	601
320	576	640	311	535	599
384	576	640	368	535	598
448	576	640	426	536	597
512	576	640	485	537	596
576	576	640	543	538	596
640	576	640	602	540	596
704	576	640	661	540	596
768	576	640	720	541	596
832	576	640	780	541	596
896	576	640	839	542	596
960	576	640	898	541	597
1023	576	640	956	541	596
0	640	640	44	590	604
64	640	640	75	590	603
128	640	640	129	591	603
192	640	640	189	592	603
256	640	640	250	593	603
320	640	640	309	594	600
384	640	640	367	595	600
448	640	640	425	596	598
512	640	640	485	597	597
576	640	640	543	598	596
640	640	640	603	600	596
704	640	640	661	600	596
768	640	640	721	601	596
832	640	640	781	601	596
896	640	640	839	602	596
960	640	640	898	601	597
1023	640	640	956	601	596
0	704	640	57	650	602
64	704	640	80	650	602
128	704	640	133	651	602
192	704	640	191	652	602
256	704	640	250	653	603
320	704	640	309	655	601
384	704	640	367	655	600
448	704	640	426	656	599
512	704	640	485	656	598
576	704	640	544	657	596
640	704	640	603	659	596
704	704	640	662	660	596
768	704	640	722	661	596
832	704	640	782	661	596
896	704	640	840	662	596
960	704	640	899	661	597
1023	704	640	958	662	597
0	768	640	48	710	602
64	768	640	75	710	603
128	768	640	129	710	603
192	768	640	188	711	603
256	768	640	248	713	603
320	768	640	308	714	602
384	768	640	366	715	601
448	768	640	426	715	600
512	768	640	486	716	599
576	768	640	545	717	598
640	768	640	605	718	598
704	768	640	664	719	597
768	768	640	723	720	597
832	768	640	783	721	597
896	768	640	842	722	597
960	768	640	900	721	597
1023	768	640	958	721	597
0	832	640	53	770	602
64	832	640	77	770	602
128	832	640	130	771	602
192	832	640	190	772	603
256	832	640	250	773	603
320	832	640	309	775	604
384	832	640	366	775	604
448	832	640	426	776	601
512	832	640	486	776	600
576	832	640	545	777	598
640	832	640	605	778	598
704	832	640	665	779	598
768	832	640	724	780	597
832	832	640	785	780	597
896	832	640	843	781	597
960	832	640	901	780	597
1023	832	640	959	781	597
0	896	640	57	829	601
64	896	640	82	829	601
128	896	640	133	830	601
192	896	640	192	831	602
256	896	640	252	833	602
320	896	640	310	834	603
384	896	640	367	834	603
448	896	640	426	835	602
512	896	640	486	835	601
576	896	640	546	836	600
640	896	640	607	837	600
704	896	640	666	838	599
768	896	640	727	839	599
832	896	640	787	839	599
896	896	640	845	840	598
960	896	640	904	839	599
1023	896	640	962	840	598
0	960	640	44	887	601
64	960	640	72	887	601
128	960	640	128	888	602
192	960	640	188	889	602
256	960	640	249	891	602
320	960	640	308	892	603
384	960	640	366	892	603
448	960	640	425	893	603
512	960	640	485	893	602
576	960	640	545	894	601
640	960	640	606	895	601
704	960	640	666	895	601
768	960	640	726	897	600
832	960	640	787	897	600
896	960	640	846	897	599
960	960	640	904	897	599
1023	960	640	963	897	599
0	1023	640	32	947	600
64	1023	640	66	947	601
128	1023	640	125	948	601
192	1023	640	186	949	601
256	1023	640	247	950	601
320	1023	640	307	952	603
384	1023	640	364	952	603
448	1023	640	423	952	603
512	1023	640	484	953	603
576	1023	640	544	954	602
640	1023	640	605	955	602
704	1023	640	665	955	601
768	1023	640	726	956	601
832	1023	640	787	956	600
896	1023	640	846	956	599
960	1023	640	905	956	600
1023	1023	640	963	955	600
0	0	704	119	0	659
64	0	704	132	0	655
128	0	704	167	0	655
192	0	704	216	0	655
256	0	704	271	0	655
320	0	704	326	0	655
384	0	704	378	23	655
448	0	704	433	32	656
512	0	704	490	44	654
576	0	704	548	53	655
640	0	704	606	63	656
704	0	704	664	69	656
768	0	704	724	77	656
832	0	704	784	85	656
896	0	704	841	93	655
960	0	704	900	99	657
1023	0	704	958	104	657
0	64	704	117	60	659
64	64	704	129	60	655
128	64	704	166	60	655
192	64	704	216	60	655
256	64	704	271	60	655
320	64	704	326	60	655
384	64	704	378	63	655
448	64	704	433	66	656
512	64	704	490	72	654
576	64	704	548	77	655
640	64	704	606	85	656
704	64	704	664	89	656
768	64	704	724	95	656
832	64	704	784	103	656
896	64	704	841	108	655
960	64	704	900	113	657
1023	64	704	958	117	657
0	128	704	111	120	659
64	128	704	123	120	655
128	128	704	163	120	655
192	128	704	214	120	655
256	128	704	271	119	655
320	128	704	326	119	655
384	128	704	378	120	655
448	128	704	433	123	656
512	128	704	490	126	654
576	128	704	547	128	655
640	128	704	606	132	655
704	128	704	664	136	656
768	128	704	724	138	656
832	128	704	783	143	656
896	128	704	841	148	655
960	128	704	900	151	657
1023	128	704	958	156	657
0	192	704	95	182	659
64	192	704	111	182	657
128	192	704	156	181	657
192	192	704	211	181	656
256	192	704	270	180	656
320	192	704	326	180	655
384	192	704	378	181	655
448	192	704	433	182	655
512	192	704	490	184	655
576	192	704	547	186	654
640	192	704	606	188	655
704	192	704	664	191	656
768	192	704	724	193	656
832	192	704	783	196	656
896	192	704	841	198	656
960	192	704	900	201	657
1023	192	704	957	205	657
0	256	704	66	243	659
64	256	704	89	243	658
128	256	704	143	243	658
192	256	704	205	242	658
256	256	704	268	241	658
320	256	704	326	240	655
384	256	704	377	242	655
448	256	704	433	242	655
512	256	704	490	243	655
576	256	704	547	245	654
640	256	704	606	247	655
704	256	704	664	248	656
768	256	704	723	250	656
832	256	704	783	252	656
896	256	704	841	254	656
960	256	704	900	256	657
1023	256	704	957	258	657
0	320	704	60	300	680
64	320	704	87	300	659
128	320	704	141	299	659
192	320	704	203	299	659
256	320	704	266	298	659
320	320	704	325	298	655
384	320	704	377	299	655
448	320	704	432	300	656
512	320	704	489	301	654
576	320	704	547	302	655
640	320	704	606	303	656
704	320	704	664	305	656
768	320	704	723	306	656
832	320	704	783	308	656
896	320	704	841	309	655
960	320	704	900	310	657
1023	320	704	957	313	656
0	384	704	108	353	680
64	384	704	120	353	675
128	384	704	160	353	675
192	384	704	211	353	675
256	384	704	266	353	675
320	384	704	322	353	654
384	384	704	375	353	654
448	384	704	431	355	655
512	384	704	489	356	655
576	384	704	546	357	654
640	384	704	605	358	655
704	384	704	664	359	655
768	384	704	722	360	656
832	384	704	783	362	656
896	384	704	841	363	656
960	384	704	900	363	657
1023	384	704	957	364	656
0	448	704	97	411	656
64	448	704	113	411	656
128	448	704	153	411	656
192	448	704	206	412	656
256	448	704	263	412	656
320	448	704	320	413	656
384	448	704	374	413	656
448	448	704	431	414	655
512	448	704	488	415	655
576	448	704	546	415	655
640	448	704	605	417	655
704	448	704	663	418	656
768	448	704	722	419	655
832	448	704	782	420	656
896	448	704	841	421	656
960	448	704	899	420	657
1023	448	704	957	421	656
0	512	704	82	471	666
64	512	704	101	471	661
128	512	704	145	472	661
192	512	704	201	472	661
256	512	704	259	473	661
320	512	704	317	473	656
384	512	704	372	474	656
448	512	704	430	474	656
512	512	704	487	475	655
576	512	704	545	477	655
640	512	704	604	478	655
704	512	704	662	478	655
768	512	704	722	479	655
832	512	704	782	480	656
896	512	704	841	481	656
960	512	704	899	481	656
1023	512	704	957	481	656
0	576	704	80	530	661
64	576	704	99	531	660
128	576	704	143	531	660
192	576	704	198	532	660
256	576	704	257	533	660
320	576	704	314	534	658
384	576	704	370	534	658
448	576	704	428	535	657
512	576	704	487	536	656
576	576	704	545	537	655
640	576	704	604	538	656
704	576	704	662	539	656
768	576	704	722	540	656
832	576	704	782	540	655
896	576	704	841	541	656
960	576	704	899	540	656
1023	576	704	957	540	656
0	640	704	72	590	665
64	640	704	89	590	663
128	640	704	138	591	663
192	640	704	194	591	663
256	640	704	254	593	663
320	640	704	312	594	660
384	640	704	369	594	660
448	640	704	427	595	657
512	640	704	486	596	656
576	640	704	545	597	655
640	640	704	604	598	656
704	640	704	663	599	656
768	640	704	722	600	656
832	640	704	782	600	656
896	640	704	840	601	656
960	640	704	899	600	657
1023	640	704	957	600	656
0	704	704	75	649	663
64	704	704	93	649	663
128	704	704	139	650	663
192	704	704	195	651	663
256	704	704	253	653	663
320	704	704	311	654	661
384	704	704	368	655	661
448	704	704	427	655	658
512	704	704	486	655	658
576	704	704	545	656	656
640	704	704	604	658	656
704	704	704	663	659	655
768	704	704	723	660	656
832	704	704	783	660	656
896	704	704	841	661	656
960	704	704	900	660	656
1023	704	704	958	661	656
0	768	704	69	710	663
64	768	704	89	710	664
128	768	704	137	711	664
192	768	704	193	712	664
256	768	704	252	713	664
320	768	704	310	714	662
384	768	704	368	714	662
448	768	704	427	715	660
512	768	704	487	716	658
576	768	704	546	717	657
640	768	704	606	718	657
704	768	704	664	718	657
768	768	704	724	720	657
832	768	704	784	720	656
896	768	704	843	721	656
960	768	704	901	720	657
1023	768	704	958	720	657
0	832	704	75	769	664
64	832	704	93	770	664
128	832	704	139	770	664
192	832	704	195	771	664
256	832	704	253	773	664
320	832	704	311	775	665
384	832	704	368	775	665
448	832	704	427	775	661
512	832	704	487	776	660
576	832	704	547	777	658
640	832	704	606	778	658
704	832	704	666	779	658
768	832	704	726	780	657
832	832	704	785	780	657
896	832	704	843	780	657
960	832	704	903	780	658
1023	832	704	960	781	657
0	896	704	85	829	661
64	896	704	101	829	662
128	896	704	144	830	662
192	896	704	198	831	662
256	896	704	255	833	662
320	896	704	313	834	664
384	896	704	369	834	664
448	896	704	428	835	663
512	896	704	488	835	662
576	896	704	547	836	660
640	896	704	607	837	660
704	896	704	667	837	659
768	896	704	727	839	659
832	896	704	788	839	659
896	896	704	846	839	659
960	896	704	905	839	658
1023	896	704	963	840	658
0	960	704	72	888	662
64	960	704	91	888	663
128	960	704	138	888	663
192	960	704	194	889	663
256	960	704	253	891	663
320	960	704	311	892	664
384	960	704	368	892	664
448	960	704	427	893	663
512	960	704	487	893	663
576	960	704	547	894	661
640	960	704	607	895	661
704	960	704	667	895	661
768	960	704	727	896	660
832	960	704	788	896	660
896	960	704	847	897	660
960	960	704	905	896	660
1023	960	704	963	897	659
0	1023	704	63	947	661
64	1023	704	85	947	662
128	1023	704	136	948	662
192	1023	704	193	949	662
256	1023	704	252	950	662
320	1023	704	310	952	663
384	1023	704	366	952	663
448	1023	704	426	952	663
512	1023	704	486	953	663
576	1023	704	546	954	662
640	1023	704	606	954	662
704	1023	704	666	954	661
768	1023	704	727	956	660
832	1023	704	787	955	660
896	1023	704	846	956	660
960	1023	704	905	955	660
1023	1023	704	964	954	660
0	0	768	129	0	720
64	0	768	141	0	718
128	0	768	174	0	718
192	0	768	222	0	718
256	0	768	275	0	717
320	0	768	330	0	716
384	0	768	382	0	716
448	0	768	437	32	717
512	0	768	493	38	716
576	0	768	550	48	716
640	0	768	608	57	716
704	0	768	666	69	717
768	0	768	726	75	717
832	0	768	785	82	717
896	0	768	842	91	717
960	0	768	902	95	718
1023	0	768	960	104	719
0	64	768	128	60	725
64	64	768	139	60	723
128	64	768	174	60	723
192	64	768	222	60	721
256	64	768	275	60	718
320	64	768	330	60	716
384	64	768	382	60	716
448	64	768	437	66	717
512	64	768	493	69	716
576	64	768	550	75	716
640	64	768	608	80	716
704	64	768	666	89	717
768	64	768	725	93	717
832	64	768	785	99	717
896	64	768	842	106	717
960	64	768	902	109	718
1023	64	768	960	117	718
0	128	768	125	119	725
64	128	768	137	119	724
128	128	768	172	119	723
192	128	768	220	119	721
256	128	768	275	119	719
320	128	768	329	119	716
384	128	768	381	120	716
448	128	768	436	122	717
512	128	768	493	125	716
576	128	768	550	128	716
640	128	768	608	130	716
704	128	768	666	134	717
768	128	768	725	138	717
832	128	768	785	142	717
896	128	768	842	147	717
960	128	768	902	149	718
1023	128	768	960	155	718
0	192	768	116	180	725
64	192	768	128	180	724
128	192	768	166	180	723
192	192	768	217	180	721
256	192	768	274	179	719
320	192	768	329	179	716
384	192	768	381	180	716
448	192	768	436	182	717
512	192	768	493	183	716
576	192	768	550	186	716
640	192	768	608	188	716
704	192	768	666	190	717
768	192	768	725	193	717
832	192	768	785	195	717
896	192	768	842	198	717
960	192	768	902	200	718
1023	192	768	960	203	718
0	256	768	101	241	725
64	256	768	117	241	725
128	256	768	158	241	724
192	256	768	212	240	722
256	256	768	272	240	720
320	256	768	328	240	716
384	256	768	381	241	716
448	256	768	436	242	717
512	256	768	493	243	716
576	256	768	550	243	715
640	256	768	608	246	716
704	256	768	666	247	717
768	256	768	725	249	717
832	256	768	784	252	717
896	256	768	842	253	717
960	256	768	902	255	718
1023	256	768	959	258	718
0	320	768	85	298	730
64	320	768	104	298	726
128	320	768	150	298	725
192	320	768	209	298	723
256	320	768	270	298	721
320	320	768	327	298	717
384	320	768	380	298	716
448	320	768	435	299	717
512	320	768	492	300	716
576	320	768	549	301	715
640	320	768	607	302	716
704	320	768	666	304	717
768	320	768	725	306	717
832	320	768	784	307	717
896	320	768	842	309	716
960	320	768	901	310	718
1023	320	768	959	312	718
0	384	768	75	353	730
64	384	768	95	353	729
128	384	768	147	353	728
192	384	768	205	353	727
256	384	768	267	353	724
320	384	768	326	353	717
384	384	768	379	353	716
448	384	768	434	354	717
512	384	768	492	355	716
576	384	768	549	356	715
640	384	768	607	357	716
704	384	768	665	358	716
768	384	768	725	360	717
832	384	768	784	361	717
896	384	768	842	362	717
960	384	768	901	363	718
1023	384	768	958	365	718
0	448	768	72	411	731
64	448	768	91	411	728
128	448	768	143	411	727
192	448	768	202	411	726
256	448	768	265	412	724
320	448	768	323	412	719
384	448	768	378	412	717
448	448	768	433	413	717
512	448	768	491	413	716
576	448	768	548	414	715
640	448	768	607	416	716
704	448	768	665	416	716
768	448	768	724	418	717
832	448	768	784	419	717
896	448	768	842	420	717
960	448	768	900	420	718
1023	448	768	958	421	718
0	512	768	72	471	729
64	512	768	93	471	727
128	512	768	143	471	726
192	512	768	201	472	726
256	512	768	261	472	725
320	512	768	320	472	720
384	512	768	376	473	718
448	512	768	433	473	718
512	512	768	490	474	717
576	512	768	548	475	716
640	512	768	606	476	717
704	512	768	665	477	717
768	512	768	724	478	717
832	512	768	783	479	717
896	512	768	842	479	717
960	512	768	900	479	718
1023	512	768	958	480	718
0	576	768	72	530	728
64	576	768	93	530	727
128	576	768	141	531	727
192	576	768	198	531	726
256	576	768	258	532	725
320	576	768	317	533	722
384	576	768	373	533	720
448	576	768	431	534	719
512	576	768	489	534	717
576	576	768	547	535	716
640	576	768	606	536	717
704	576	768	664	537	717
768	576	768	724	538	717
832	576	768	783	538	717
896	576	768	842	539	717
960	576	768	900	539	718
1023	576	768	958	539	718
0	640	768	77	590	727
64	640	768	95	590	726
128	640	768	142	590	726
192	640	768	198	591	726
256	640	768	256	592	726
320	640	768	315	593	723
384	640	768	372	593	721
448	640	768	430	594	719
512	640	768	488	595	717
576	640	768	547	595	716
640	640	768	606	597	717
704	640	768	664	597	717
768	640	768	723	599	717
832	640	768	784	599	717
896	640	768	841	599	717
960	640	768	900	599	718
1023	640	768	958	599	718
0	704	768	87	649	725
64	704	768	104	649	725
128	704	768	145	650	725
192	704	768	198	651	725
256	704	768	255	652	726
320	704	768	313	653	725
384	704	768	371	654	723
448	704	768	429	654	720
512	704	768	488	655	719
576	704	768	547	655	717
640	704	768	606	657	717
704	704	768	664	657	717
768	704	768	724	659	717
832	704	768	784	659	718
896	704	768	842	660	717
960	704	768	901	659	718
1023	704	768	959	660	718
0	768	768	87	709	724
64	768	768	103	710	725
128	768	768	145	710	725
192	768	768	198	711	726
256	768	768	255	713	726
320	768	768	313	714	725
384	768	768	370	714	724
448	768	768	429	715	722
512	768	768	488	715	720
576	768	768	547	716	719
640	768	768	606	717	719
704	768	768	665	717	718
768	768	768	725	719	718
832	768	768	785	719	719
896	768	768	843	720	718
960	768	768	901	719	719
1023	768	768	959	719	719
0	832	768	89	770	725
64	832	768	104	771	725
128	832	768	148	771	725
192	832	768	199	772	725
256	832	768	256	773	725
320	832	768	313	774	727
384	832	768	370	775	726
448	832	768	429	775	723
512	832	768	489	776	722
576	832	768	548	777	720
640	832	768	607	778	720
704	832	768	667	778	719
768	832	768	726	779	719
832	832	768	786	779	719
896	832	768	845	781	719
960	832	768	903	780	719
1023	832	768	961	780	719
0	896	768	99	829	724
64	896	768	113	830	724
128	896	768	152	830	725
192	896	768	202	831	725
256	896	768	258	833	726
320	896	768	315	834	727
384	896	768	371	834	726
448	896	768	430	835	725
512	896	768	489	835	724
576	896	768	549	836	722
640	896	768	609	837	722
704	896	768	668	837	722
768	896	768	728	839	721
832	896	768	789	838	721
896	896	768	847	839	720
960	896	768	906	839	721
1023	896	768	964	839	721
0	960	768	91	888	723
64	960	768	108	888	724
128	960	768	148	888	724
192	960	768	201	889	725
256	960	768	257	891	725
320	960	768	314	892	726
384	960	768	370	892	726
448	960	768	429	893	726
512	960	768	488	893	725
576	960	768	548	894	723
640	960	768	608	895	723
704	960	768	668	895	723
768	960	768	728	896	722
832	960	768	789	896	722
896	960	768	847	897	721
960	960	768	906	897	721
1023	960	768	964	897	721
0	1023	768	89	948	723
64	1023	768	104	948	724
128	1023	768	147	949	724
192	1023	768	198	949	724
256	1023	768	256	951	725
320	1023	768	313	952	726
384	1023	768	369	952	726
448	1023	768	428	952	726
512	1023	768	488	953	725
576	1023	768	547	954	724
640	1023	768	608	955	724
704	1023	768	667	954	723
768	1023	768	728	955	723
832	1023	768	788	955	722
896	1023	768	848	956	722
960	1023	768	906	955	722
1023	1023	768	964	954	722
0	0	832	141	0	780
64	0	832	150	0	780
128	0	832	181	0	779
192	0	832	228	0	779
256	0	832	279	0	777
320	0	832	332	0	776
384	0	832	385	0	776
448	0	832	439	23	776
512	0	832	495	38	776
576	0	832	552	44	776
640	0	832	610	57	776
704	0	832	667	66	776
768	0	832	726	72	776
832	0	832	785	82	777
896	0	832	844	91	777
960	0	832	902	97	778
1023	0	832	960	104	778
0	64	832	138	60	801
64	64	832	149	60	800
128	64	832	180	60	796
192	64	832	227	60	791
256	64	832	279	60	782
320	64	832	332	60	776
384	64	832	385	60	776
448	64	832	439	63	776
512	64	832	495	69	776
576	64	832	552	72	776
640	64	832	610	80	776
704	64	832	667	87	776
768	64	832	726	91	777
832	64	832	785	99	777
896	64	832	844	106	777
960	64	832	902	111	778
1023	64	832	960	117	778
0	128	832	134	120	801
64	128	832	145	120	800
128	128	832	179	120	796
192	128	832	225	120	791
256	128	832	279	119	782
320	128	832	332	119	776
384	128	832	384	119	776
448	128	832	438	120	776
512	128	832	495	123	776
576	128	832	552	128	776
640	128	832	609	129	776
704	128	832	667	134	776
768	128	832	726	138	777
832	128	832	785	142	777
896	128	832	844	147	777
960	128	832	902	149	778
1023	128	832	960	155	778
0	192	832	125	182	801
64	192	832	137	182	800
128	192	832	172	181	796
192	192	832	222	181	791
256	192	832	277	179	782
320	192	832	332	179	776
384	192	832	384	179	776
448	192	832	438	181	776
512	192	832	495	183	776
576	192	832	552	185	776
640	192	832	609	187	776
704	192	832	667	189	776
768	192	832	726	192	777
832	192	832	785	194	777
896	192	832	844	198	777
960	192	832	902	200	778
1023	192	832	960	204	778
0	256	832	108	243	801
64	256	832	122	243	800
128	256	832	164	243	797
192	256	832	216	242	791
256	256	832	275	240	783
320	256	832	331	240	776
384	256	832	384	240	776
448	256	832	438	241	776
512	256	832	494	242	776
576	256	832	552	243	776
640	256	832	609	245	776
704	256	832	667	247	776
768	256	832	726	248	777
832	256	832	785	251	777
896	256	832	844	253	777
960	256	832	902	255	778
1023	256	832	959	258	778
0	320	832	89	300	795
64	320	832	106	300	792
128	320	832	153	300	790
192	320	832	211	299	787
256	320	832	273	298	782
320	320	832	331	297	777
384	320	832	383	298	777
448	320	832	438	298	777
512	320	832	494	299	776
576	320	832	551	301	776
640	320	832	609	302	776
704	320	832	667	303	776
768	320	832	726	305	776
832	320	832	785	306	777
896	320	832	844	308	776
960	320	832	901	309	778
1023	320	832	959	312	778
0	384	832	72	353	795
64	384	832	93	353	794
128	384	832	147	353	792
192	384	832	207	353	788
256	384	832	270	352	783
320	384	832	329	352	777
384	384	832	382	353	777
448	384	832	437	353	777
512	384	832	494	354	777
576	384	832	550	355	776
640	384	832	608	356	776
704	384	832	666	357	776
768	384	832	725	359	776
832	384	832	785	359	777
896	384	832	843	361	776
960	384	832	901	363	778
1023	384	832	960	364	778
0	448	832	72	411	792
64	448	832	91	411	791
128	448	832	144	411	790
192	448	832	204	411	788
256	448	832	266	411	786
320	448	832	325	411	782
384	448	832	380	411	778
448	448	832	435	412	777
512	448	832	492	412	776
576	448	832	550	413	775
640	448	832	608	414	776
704	448	832	666	415	776
768	448	832	725	417	777
832	448	832	784	418	777
896	448	832	842	418	777
960	448	832	901	419	778
1023	448	832	959	421	778
0	512	832	97	470	782
64	512	832	111	470	782
128	512	832	153	471	782
192	512	832	206	471	782
256	512	832	265	471	783
320	512	832	322	472	781
384	512	832	378	471	778
448	512	832	435	472	778
512	512	832	492	473	777
576	512	832	549	473	776
640	512	832	607	475	777
704	512	832	666	476	777
768	512	832	725	477	777
832	512	832	785	478	778
896	512	832	842	479	777
960	512	832	901	479	778
1023	512	832	959	479	778
0	576	832	106	529	787
64	576	832	119	529	787
128	576	832	157	530	787
192	576	832	208	530	786
256	576	832	263	531	785
320	576	832	320	532	783
384	576	832	376	532	781
448	576	832	433	532	779
512	576	832	491	533	778
576	576	832	548	534	777
640	576	832	607	535	777
704	576	832	665	536	777
768	576	832	724	537	777
832	576	832	784	537	777
896	576	832	842	538	776
960	576	832	901	538	778
1023	576	832	959	538	778
0	640	832	85	589	788
64	640	832	101	589	788
128	640	832	145	590	787
192	640	832	200	591	787
256	640	832	259	592	786
320	640	832	317	592	784
384	640	832	374	593	781
448	640	832	431	593	780
512	640	832	490	594	778
576	640	832	548	594	777
640	640	832	606	596	777
704	640	832	665	596	777
768	640	832	725	598	777
832	640	832	784	598	778
896	640	832	842	598	777
960	640	832	901	598	778
1023	640	832	959	598	778
0	704	832	93	649	786
64	704	832	108	650	786
128	704	832	149	650	786
192	704	832	201	651	786
256	704	832	257	652	786
320	704	832	315	653	785
384	704	832	372	653	783
448	704	832	430	654	781
512	704	832	489	655	780
576	704	832	548	655	778
640	704	832	607	656	778
704	704	832	665	657	778
768	704	832	724	658	777
832	704	832	784	658	777
896	704	832	843	659	778
960	704	832	901	658	778
1023	704	832	959	659	778
0	768	832	82	709	787
64	768	832	99	709	787
128	768	832	143	710	787
192	768	832	197	711	787
256	768	832	253	713	788
320	768	832	312	714	787
384	768	832	370	714	785
448	768	832	429	714	783
512	768	832	489	715	781
576	768	832	547	716	780
640	768	832	607	717	780
704	768	832	665	717	779
768	768	832	726	719	779
832	768	832	785	718	779
896	768	832	844	719	778
960	768	832	902	719	779
1023	768	832	960	718	779
0	832	832	104	770	784
64	832	832	116	770	784
128	832	832	153	771	785
192	832	832	203	772	785
256	832	832	258	774	787
320	832	832	314	775	787
384	832	832	371	775	785
448	832	832	430	775	784
512	832	832	489	776	783
576	832	832	548	777	781
640	832	832	608	778	781
704	832	832	666	777	780
768	832	832	726	779	780
832	832	832	786	779	779
896	832	832	845	780	779
960	832	832	903	779	780
1023	832	832	961	780	780
0	896	832	111	830	784
64	896	832	123	831	785
128	896	832	159	831	785
192	896	832	207	832	785
256	896	832	261	833	786
320	896	832	317	834	787
384	896	832	372	835	788
448	896	832	431	835	787
512	896	832	490	836	785
576	896	832	549	836	784
640	896	832	609	837	784
704	896	832	668	837	783
768	896	832	728	839	782
832	896	832	789	838	782
896	896	832	848	839	782
960	896	832	906	839	782
1023	896	832	964	839	782
0	960	832	108	888	783
64	960	832	120	888	784
128	960	832	157	889	784
192	960	832	205	890	785
256	960	832	259	891	786
320	960	832	315	893	787
384	960	832	372	893	787
448	960	832	430	893	786
512	960	832	489	894	785
576	960	832	548	894	784
640	960	832	609	895	784
704	960	832	668	895	783
768	960	832	729	897	783
832	960	832	789	897	783
896	960	832	848	897	781
960	960	832	907	897	782
1023	960	832	965	898	782
0	1023	832	99	948	784
64	1023	832	113	948	785
128	1023	832	152	949	785
192	1023	832	203	950	786
256	1023	832	258	952	787
320	1023	832	315	953	788
384	1023	832	370	952	787
448	1023	832	429	953	787
512	1023	832	489	953	786
576	1023	832	548	954	785
640	1023	832	608	955	785
704	1023	832	668	955	785
768	1023	832	728	956	783
832	1023	832	789	956	783
896	1023	832	848	956	783
960	1023	832	907	955	783
1023	1023	832	965	954	783
0	0	896	151	0	840
64	0	896	161	0	838
128	0	896	190	0	838
192	0	896	233	0	838
256	0	896	284	0	838
320	0	896	337	0	835
384	0	896	389	0	835
448	0	896	443	23	836
512	0	896	499	32	833
576	0	896	555	44	834
640	0	896	612	53	835
704	0	896	670	63	836
768	0	896	729	72	836
832	0	896	788	80	837
896	0	896	845	89	836
960	0	896	904	93	838
1023	0	896	961	103	837
0	64	896	150	60	844
64	64	896	159	60	842
128	64	896	189	60	841
192	64	896	232	60	840
256	64	896	283	60	839
320	64	896	337	60	835
384	64	896	389	60	835
448	64	896	443	63	836
512	64	896	499	66	833
576	64	896	555	72	834
640	64	896	612	77	835
704	64	896	670	85	836
768	64	896	729	89	836
832	64	896	788	97	837
896	64	896	845	104	836
960	64	896	904	109	838
1023	64	896	961	116	837
0	128	896	145	122	844
64	128	896	156	122	842
128	128	896	186	122	842
192	128	896	230	120	841
256	128	896	283	119	839
320	128	896	336	119	835
384	128	896	389	119	835
448	128	896	443	120	835
512	128	896	499	122	834
576	128	896	555	125	834
640	128	896	612	128	835
704	128	896	670	132	836
768	128	896	729	136	836
832	128	896	788	139	837
896	128	896	845	144	836
960	128	896	904	148	838
1023	128	896	961	152	837
0	192	896	136	184	844
64	192	896	147	184	843
128	192	896	179	183	842
192	192	896	227	182	841
256	192	896	281	180	840
320	192	896	335	179	836
384	192	896	388	179	836
448	192	896	443	180	835
512	192	896	498	181	834
576	192	896	555	183	834
640	192	896	612	186	835
704	192	896	669	188	835
768	192	896	729	191	836
832	192	896	788	193	836
896	192	896	845	197	836
960	192	896	904	199	838
1023	192	896	960	202	837
0	256	896	117	245	844
64	256	896	130	245	843
128	256	896	169	244	843
192	256	896	221	243	842
256	256	896	278	241	840
320	256	896	334	240	837
384	256	896	388	240	837
448	256	896	442	240	835
512	256	896	498	242	835
576	256	896	555	243	834
640	256	896	612	244	835
704	256	896	669	246	835
768	256	896	728	248	836
832	256	896	788	250	836
896	256	896	845	252	836
960	256	896	904	254	838
1023	256	896	960	257	837
0	320	896	97	302	873
64	320	896	114	302	849
128	320	896	159	302	849
192	320	896	215	300	848
256	320	896	276	298	847
320	320	896	334	297	836
384	320	896	387	297	836
448	320	896	442	298	835
512	320	896	498	298	834
576	320	896	554	300	834
640	320	896	612	301	835
704	320	896	669	302	835
768	320	896	728	304	836
832	320	896	787	306	836
896	320	896	845	308	836
960	320	896	903	309	837
1023	320	896	960	310	837
0	384	896	75	355	873
64	384	896	97	355	867
128	384	896	150	354	867
192	384	896	212	353	866
256	384	896	277	352	865
320	384	896	336	351	838
384	384	896	387	351	838
448	384	896	441	353	835
512	384	896	497	353	835
576	384	896	554	354	833
640	384	896	611	355	834
704	384	896	669	357	835
768	384	896	727	357	836
832	384	896	787	359	836
896	384	896	845	360	836
960	384	896	902	361	837
1023	384	896	960	363	837
0	448	896	97	411	861
64	448	896	114	411	849
128	448	896	158	411	849
192	448	896	214	410	849
256	448	896	274	410	849
320	448	896	332	410	835
384	448	896	386	410	834
448	448	896	440	411	835
512	448	896	496	411	835
576	448	896	553	412	834
640	448	896	611	413	835
704	448	896	668	414	835
768	448	896	727	415	835
832	448	896	786	416	836
896	448	896	845	418	836
960	448	896	902	418	837
1023	448	896	960	420	837
0	512	896	119	470	846
64	512	896	130	470	843
128	512	896	167	470	843
192	512	896	216	470	843
256	512	896	271	470	843
320	512	896	328	470	838
384	512	896	383	470	838
448	512	896	438	471	836
512	512	896	495	472	835
576	512	896	553	472	834
640	512	896	610	473	835
704	512	896	668	474	835
768	512	896	727	475	835
832	512	896	786	476	836
896	512	896	845	477	836
960	512	896	902	477	837
1023	512	896	960	479	837
0	576	896	116	529	845
64	576	896	128	529	843
128	576	896	164	529	843
192	576	896	213	529	843
256	576	896	269	530	843
320	576	896	325	530	839
384	576	896	381	530	839
448	576	896	437	531	837
512	576	896	494	531	836
576	576	896	552	532	835
640	576	896	610	533	836
704	576	896	667	534	835
768	576	896	727	535	836
832	576	896	786	535	836
896	576	896	844	536	836
960	576	896	902	537	837
1023	576	896	960	537	838
0	640	896	116	588	846
64	640	896	128	588	845
128	640	896	164	589	845
192	640	896	212	589	845
256	640	896	266	590	845
320	640	896	323	590	841
384	640	896	379	591	841
448	640	896	435	591	838
512	640	896	493	592	837
576	640	896	551	592	835
640	640	896	609	593	835
704	640	896	667	594	836
768	640	896	726	595	836
832	640	896	785	595	836
896	640	896	844	596	836
960	640	896	902	596	837
1023	640	896	960	597	837
0	704	896	95	649	843
64	704	896	109	649	843
128	704	896	151	649	843
192	704	896	204	650	843
256	704	896	261	651	843
320	704	896	318	651	842
384	704	896	375	652	842
448	704	896	433	652	839
512	704	896	492	652	838
576	704	896	550	653	835
640	704	896	609	654	836
704	704	896	667	655	836
768	704	896	727	656	836
832	704	896	786	656	836
896	704	896	844	657	836
960	704	896	903	657	837
1023	704	896	961	658	838
0	768	896	109	708	844
64	768	896	122	708	845
128	768	896	158	709	845
192	768	896	206	710	846
256	768	896	261	711	846
320	768	896	317	712	843
384	768	896	375	712	843
448	768	896	432	713	841
512	768	896	491	713	839
576	768	896	550	714	837
640	768	896	609	715	838
704	768	896	667	715	837
768	768	896	727	716	837
832	768	896	786	716	837
896	768	896	845	717	837
960	768	896	903	716	838
1023	768	896	961	717	838
0	832	896	122	769	846
64	832	896	132	769	846
128	832	896	164	770	846
192	832	896	209	771	846
256	832	896	261	772	846
320	832	896	316	773	848
384	832	896	373	774	847
448	832	896	432	774	842
512	832	896	491	774	842
576	832	896	550	775	839
640	832	896	609	776	838
704	832	896	668	776	838
768	832	896	728	778	838
832	832	896	787	777	838
896	832	896	846	778	838
960	832	896	904	778	839
1023	832	896	962	779	839
0	896	896	126	829	844
64	896	896	137	829	845
128	896	896	168	830	845
192	896	896	213	831	845
256	896	896	265	832	845
320	896	896	319	834	847
384	896	896	375	834	847
448	896	896	432	834	845
512	896	896	492	834	843
576	896	896	550	835	841
640	896	896	610	836	841
704	896	896	669	836	840
768	896	896	729	837	840
832	896	896	789	837	840
896	896	896	848	838	840
960	896	896	906	838	840
1023	896	896	965	838	840
0	960	896	120	888	845
64	960	896	132	888	846
128	960	896	165	888	846
192	960	896	211	889	846
256	960	896	263	891	846
320	960	896	318	892	847
384	960	896	374	892	847
448	960	896	431	893	846
512	960	896	491	893	845
576	960	896	550	893	843
640	960	896	610	894	843
704	960	896	669	894	842
768	960	896	729	895	841
832	960	896	790	895	842
896	960	896	849	896	841
960	960	896	906	895	842
1023	960	896	965	896	841
0	1023	896	120	948	844
64	1023	896	130	948	845
128	1023	896	164	948	845
192	1023	896	211	949	845
256	1023	896	264	951	845
320	1023	896	318	952	847
384	1023	896	373	952	847
448	1023	896	431	952	847
512	1023	896	491	953	846
576	1023	896	550	954	845
640	1023	896	610	954	844
704	1023	896	669	954	843
768	1023	896	730	955	843
832	1023	896	790	955	842
896	1023	896	849	955	842
960	1023	896	908	955	843
1023	1023	896	966	954	843
0	0	960	162	0	900
64	0	960	171	0	898
128	0	960	198	0	898
192	0	960	239	0	898
256	0	960	289	0	898
320	0	960	340	0	894
384	0	960	393	0	894
448	0	960	447	0	894
512	0	960	502	0	893
576	0	960	558	32	893
640	0	960	615	44	895
704	0	960	672	57	894
768	0	960	730	69	895
832	0	960	790	75	896
896	0	960	848	87	895
960	0	960	905	95	897
1023	0	960	963	101	898
0	64	960	162	60	900
64	64	960	170	60	899
128	64	960	198	60	899
192	64	960	239	60	898
256	64	960	289	60	897
320	64	960	340	60	893
384	64	960	393	60	894
448	64	960	447	60	894
512	64	960	502	60	893
576	64	960	558	66	893
640	64	960	615	72	895
704	64	960	672	82	894
768	64	960	730	89	895
832	64	960	790	95	896
896	64	960	848	103	895
960	64	960	905	109	897
1023	64	960	963	114	898
0	128	960	159	119	900
64	128	960	168	119	899
128	128	960	197	119	899
192	128	960	239	119	898
256	128	960	289	117	897
320	128	960	341	117	894
384	128	960	393	119	894
448	128	960	447	119	894
512	128	960	502	120	893
576	128	960	558	123	893
640	128	960	615	128	895
704	128	960	672	130	895
768	128	960	730	134	895
832	128	960	790	138	896
896	128	960	848	143	895
960	128	960	905	148	897
1023	128	960	963	151	898
0	192	960	156	179	900
64	192	960	164	179	900
128	192	960	194	179	899
192	192	960	238	179	899
256	192	960	291	179	898
320	192	960	343	179	895
384	192	960	394	179	895
448	192	960	447	179	894
512	192	960	502	180	893
576	192	960	558	182	893
640	192	960	615	185	894
704	192	960	672	187	895
768	192	960	730	189	894
832	192	960	790	193	896
896	192	960	847	196	896
960	192	960	905	198	897
1023	192	960	963	202	898
0	256	960	148	239	900
64	256	960	158	239	900
128	256	960	191	239	900
192	256	960	238	238	899
256	256	960	292	238	898
320	256	960	345	238	896
384	256	960	394	238	896
448	256	960	446	240	894
512	256	960	502	241	894
576	256	960	558	242	893
640	256	960	615	243	894
704	256	960	672	245	895
768	256	960	730	247	894
832	256	960	790	249	896
896	256	960	847	252	896
960	256	960	904	253	897
1023	256	960	963	256	898
0	320	960	159	296	900
64	320	960	168	296	891
128	320	960	198	296	891
192	320	960	242	295	892
256	320	960	294	295	893
320	320	960	345	295	893
384	320	960	394	296	892
448	320	960	446	298	895
512	320	960	501	298	894
576	320	960	557	299	894
640	320	960	615	301	895
704	320	960	672	302	894
768	320	960	730	303	895
832	320	960	789	305	896
896	320	960	847	307	895
960	320	960	904	308	897
1023	320	960	962	310	897
0	384	960	197	348	900
64	384	960	202	348	898
128	384	960	222	348	899
192	384	960	255	349	899
256	384	960	295	350	900
320	384	960	341	350	891
384	384	960	392	351	891
448	384	960	445	352	893
512	384	960	501	353	895
576	384	960	557	353	893
640	384	960	614	355	894
704	384	960	671	356	895
768	384	960	729	357	894
832	384	960	789	358	896
896	384	960	847	360	896
960	384	960	904	361	896
1023	384	960	962	363	897
0	448	960	170	408	884
64	448	960	178	408	890
128	448	960	202	408	890
192	448	960	240	409	890
256	448	960	286	409	890
320	448	960	337	410	896
384	448	960	390	410	895
448	448	960	444	410	895
512	448	960	500	411	894
576	448	960	557	412	893
640	448	960	614	413	895
704	448	960	671	413	894
768	448	960	729	415	894
832	448	960	788	415	895
896	448	960	847	417	896
960	448	960	904	418	897
1023	448	960	962	419	897
0	512	960	109	470	908
64	512	960	125	470	905
128	512	960	165	470	904
192	512	960	219	470	904
256	512	960	279	470	902
320	512	960	335	470	896
384	512	960	389	470	896
448	512	960	443	470	896
512	512	960	499	471	895
576	512	960	556	471	894
640	512	960	613	472	895
704	512	960	670	473	895
768	512	960	729	474	895
832	512	960	788	475	895
896	512	960	847	476	896
960	512	960	904	477	897
1023	512	960	962	478	897
0	576	960	106	529	913
64	576	960	122	529	904
128	576	960	162	529	904
192	576	960	215	529	905
256	576	960	273	529	905
320	576	960	331	530	898
384	576	960	385	530	897
448	576	960	441	530	896
512	576	960	498	530	895
576	576	960	555	531	894
640	576	960	612	532	895
704	576	960	670	533	895
768	576	960	729	534	895
832	576	960	788	534	896
896	576	960	846	535	896
960	576	960	904	535	897
1023	576	960	962	536	898
0	640	960	129	587	903
64	640	960	139	588	904
128	640	960	172	588	904
192	640	960	217	588	904
256	640	960	269	589	904
320	640	960	324	590	904
384	640	960	382	590	903
448	640	960	439	590	898
512	640	960	497	591	896
576	640	960	554	592	895
640	640	960	612	592	895
704	640	960	669	593	895
768	640	960	728	594	895
832	640	960	788	594	896
896	640	960	846	595	896
960	640	960	904	595	897
1023	640	960	961	596	897
0	704	960	120	648	905
64	704	960	132	648	905
128	704	960	166	648	905
192	704	960	213	649	905
256	704	960	267	650	905
320	704	960	323	651	904
384	704	960	380	651	903
448	704	960	437	651	899
512	704	960	495	652	897
576	704	960	553	652	896
640	704	960	611	653	896
704	704	960	669	654	895
768	704	960	728	655	896
832	704	960	788	655	896
896	704	960	846	655	896
960	704	960	904	656	897
1023	704	960	961	656	898
0	768	960	122	708	905
64	768	960	133	708	906
128	768	960	165	709	906
192	768	960	211	710	907
256	768	960	263	711	907
320	768	960	319	711	904
384	768	960	377	711	903
448	768	960	435	712	901
512	768	960	494	712	899
576	768	960	552	713	898
640	768	960	610	714	897
704	768	960	669	714	897
768	768	960	728	715	897
832	768	960	788	715	897
896	768	960	847	716	897
960	768	960	904	716	898
1023	768	960	962	716	899
0	832	960	133	769	904
64	832	960	143	769	904
128	832	960	173	770	904
192	832	960	216	771	904
256	832	960	266	772	904
320	832	960	321	773	909
384	832	960	377	773	908
448	832	960	434	773	902
512	832	960	493	774	902
576	832	960	552	774	899
640	832	960	610	775	898
704	832	960	669	776	898
768	832	960	729	777	898
832	832	960	789	777	897
896	832	960	847	778	898
960	832	960	906	778	899
1023	832	960	964	778	899
0	896	960	139	829	905
64	896	960	149	829	906
128	896	960	178	830	906
192	896	960	220	831	906
256	896	960	269	832	907
320	896	960	322	833	907
384	896	960	376	833	907
448	896	960	434	834	905
512	896	960	493	834	904
576	896	960	552	835	902
640	896	960	611	836	902
704	896	960	671	836	901
768	896	960	730	837	900
832	896	960	790	837	900
896	896	960	849	838	900
960	896	960	907	837	901
1023	896	960	965	837	901
0	960	960	128	888	906
64	960	960	138	888	907
128	960	960	170	889	907
192	960	960	215	889	907
256	960	960	267	891	907
320	960	960	321	892	908
384	960	960	376	892	908
448	960	960	433	893	907
512	960	960	492	893	905
576	960	960	552	894	903
640	960	960	611	894	903
704	960	960	670	894	902
768	960	960	730	895	902
832	960	960	790	895	902
896	960	960	850	896	902
960	960	960	908	895	902
1023	960	960	966	896	902
0	1023	960	134	948	904
64	1023	960	143	948	905
128	1023	960	173	949	905
192	1023	960	216	950	906
256	1023	960	266	951	906
320	1023	960	320	952	908
384	1023	960	376	953	908
448	1023	960	433	953	907
512	1023	960	492	953	906
576	1023	960	551	953	904
640	1023	960	611	954	904
704	1023	960	670	954	903
768	1023	960	730	956	903
832	1023	960	791	955	903
896	1023	960	850	955	902
960	1023	960	909	955	903
1023	1023	960	967	954	903
0	0	1023	173	0	958
64	0	1023	181	0	952
128	0	1023	208	0	952
192	0	1023	250	0	952
256	0	1023	299	0	952
320	0	1023	349	0	952
384	0	1023	398	0	952
448	0	1023	451	0	952
512	0	1023	506	0	950
576	0	1023	561	23	951
640	0	1023	618	44	953
704	0	1023	675	53	952
768	0	1023	732	66	952
832	0	1023	791	75	954
896	0	1023	849	85	954
960	0	1023	906	93	955
1023	0	1023	964	103	956
0	64	1023	171	63	965
64	64	1023	179	63	959
128	64	1023	206	63	958
192	64	1023	248	63	956
256	64	1023	299	60	953
320	64	1023	350	60	951
384	64	1023	398	60	951
448	64	1023	451	60	952
512	64	1023	506	60	950
576	64	1023	561	63	951
640	64	1023	618	72	953
704	64	1023	675	80	952
768	64	1023	732	87	952
832	64	1023	791	93	954
896	64	1023	849	103	954
960	64	1023	906	108	955
1023	64	1023	964	116	956
0	128	1023	161	128	965
64	128	1023	170	126	960
128	128	1023	200	125	959
192	128	1023	245	123	957
256	128	1023	298	120	954
320	128	1023	350	117	951
384	128	1023	398	117	951
448	128	1023	450	119	952
512	128	1023	506	119	950
576	128	1023	561	122	951
640	128	1023	618	126	953
704	128	1023	675	129	952
768	128	1023	732	133	952
832	128	1023	791	138	954
896	128	1023	849	143	954
960	128	1023	906	148	955
1023	128	1023	964	152	956
0	192	1023	141	191	965
64	192	1023	152	190	961
128	192	1023	188	188	960
192	192	1023	238	186	958
256	192	1023	296	180	956
320	192	1023	350	179	951
384	192	1023	398	179	951
448	192	1023	450	179	952
512	192	1023	505	179	951
576	192	1023	561	181	951
640	192	1023	617	184	952
704	192	1023	675	187	953
768	192	1023	732	189	952
832	192	1023	791	193	954
896	192	1023	849	195	954
960	192	1023	906	198	955
1023	192	1023	964	202	956
0	256	1023	103	254	965
64	256	1023	120	253	963
128	256	1023	168	252	962
192	256	1023	228	247	960
256	256	1023	293	242	957
320	256	1023	350	238	951
384	256	1023	398	238	951
448	256	1023	450	239	952
512	256	1023	505	240	951
576	256	1023	561	242	951
640	256	1023	617	243	952
704	256	1023	674	245	953
768	256	1023	732	247	952
832	256	1023	791	248	954
896	256	1023	849	252	954
960	256	1023	906	253	956
1023	256	1023	963	256	956
0	320	1023	85	309	1023
64	320	1023	106	308	967
128	320	1023	160	307	966
192	320	1023	225	303	966
256	320	1023	292	298	966
320	320	1023	350	295	950
384	320	1023	398	296	950
448	320	1023	449	297	952
512	320	1023	504	298	952
576	320	1023	560	298	951
640	320	1023	617	300	953
704	320	1023	674	302	953
768	320	1023	732	303	953
832	320	1023	791	305	954
896	320	1023	849	307	954
960	320	1023	906	308	955
1023	320	1023	963	310	956
0	384	1023	133	353	1023
64	384	1023	145	353	1010
128	384	1023	184	353	1010
192	384	1023	236	352	1009
256	384	1023	295	350	1009
320	384	1023	350	350	949
384	384	1023	398	350	949
448	384	1023	449	351	951
512	384	1023	504	352	953
576	384	1023	560	353	951
640	384	1023	616	354	952
704	384	1023	673	355	953
768	384	1023	731	357	952
832	384	1023	790	357	954
896	384	1023	848	359	954
960	384	1023	906	361	956
1023	384	1023	963	363	956
0	448	1023	104	411	966
64	448	1023	120	411	960
128	448	1023	165	411	960
192	448	1023	222	410	959
256	448	1023	284	409	958
320	448	1023	343	409	950
384	448	1023	395	409	950
448	448	1023	447	410	952
512	448	1023	502	410	952
576	448	1023	559	411	951
640	448	1023	616	412	953
704	448	1023	673	413	953
768	448	1023	731	414	953
832	448	1023	790	415	954
896	448	1023	848	416	954
960	448	1023	905	417	955
1023	448	1023	963	419	956
0	512	1023	89	471	984
64	512	1023	106	471	970
128	512	1023	155	471	970
192	512	1023	212	470	970
256	512	1023	274	470	970
320	512	1023	334	469	956
384	512	1023	392	469	955
448	512	1023	446	470	954
512	512	1023	502	470	953
576	512	1023	558	471	952
640	512	1023	615	472	953
704	512	1023	673	472	953
768	512	1023	731	473	953
832	512	1023	790	474	954
896	512	1023	848	475	954
960	512	1023	906	476	955
1023	512	1023	964	477	956
0	576	1023	103	529	968
64	576	1023	117	529	967
128	576	1023	158	529	967
192	576	1023	212	529	967
256	576	1023	270	529	966
320	576	1023	330	529	959
384	576	1023	389	529	958
448	576	1023	444	529	954
512	576	1023	501	529	953
576	576	1023	557	530	953
640	576	1023	615	531	953
704	576	1023	672	532	953
768	576	1023	730	533	954
832	576	1023	790	533	954
896	576	1023	847	534	954
960	576	1023	905	534	956
1023	576	1023	963	535	957
0	640	1023	97	588	976
64	640	1023	113	588	971
128	640	1023	156	588	971
192	640	1023	211	588	970
256	640	1023	270	589	970
320	640	1023	329	589	960
384	640	1023	386	589	959
448	640	1023	442	589	955
512	640	1023	499	590	954
576	640	1023	557	590	952
640	640	1023	614	591	953
704	640	1023	671	592	953
768	640	1023	730	592	953
832	640	1023	789	593	954
896	640	1023	848	594	954
960	640	1023	905	594	955
1023	640	1023	963	595	956
0	704	1023	122	648	967
64	704	1023	133	648	966
128	704	1023	167	648	966
192	704	1023	215	649	966
256	704	1023	268	649	966
320	704	1023	325	650	962
384	704	1023	384	650	962
448	704	1023	440	650	956
512	704	1023	498	650	956
576	704	1023	556	651	953
640	704	1023	613	652	953
704	704	1023	671	652	953
768	704	1023	730	654	954
832	704	1023	789	654	954
896	704	1023	847	654	955
960	704	1023	906	655	956
1023	704	1023	963	655	957
0	768	1023	120	708	967
64	768	1023	132	708	968
128	768	1023	164	709	968
192	768	1023	211	709	968
256	768	1023	263	710	968
320	768	1023	320	711	964
384	768	1023	379	711	963
448	768	1023	437	711	960
512	768	1023	496	712	958
576	768	1023	554	712	956
640	768	1023	613	713	956
704	768	1023	670	713	956
768	768	1023	729	714	956
832	768	1023	789	714	956
896	768	1023	848	715	956
960	768	1023	905	715	957
1023	768	1023	963	715	958
0	832	1023	130	769	965
64	832	1023	141	769	965
128	832	1023	172	769	965
192	832	1023	216	770	965
256	832	1023	267	772	965
320	832	1023	322	773	968
384	832	1023	379	773	968
448	832	1023	437	773	960
512	832	1023	496	773	959
576	832	1023	554	774	957
640	832	1023	612	774	956
704	832	1023	671	775	957
768	832	1023	730	776	956
832	832	1023	790	776	956
896	832	1023	848	777	957
960	832	1023	906	777	957
1023	832	1023	965	777	958
0	896	1023	139	829	964
64	896	1023	149	830	965
128	896	1023	178	830	965
192	896	1023	220	831	966
256	896	1023	269	832	966
320	896	1023	322	833	967
384	896	1023	378	833	967
448	896	1023	435	834	964
512	896	1023	494	834	963
576	896	1023	553	835	961
640	896	1023	612	836	961
704	896	1023	671	836	959
768	896	1023	731	837	959
832	896	1023	791	837	958
896	896	1023	850	837	959
960	896	1023	909	837	959
1023	896	1023	966	837	960
0	960	1023	138	888	962
64	960	1023	147	889	966
128	960	1023	175	889	966
192	960	1023	216	890	966
256	960	1023	265	891	966
320	960	1023	319	892	969
384	960	1023	375	892	969
448	960	1023	433	893	966
512	960	1023	493	893	965
576	960	1023	552	894	963
640	960	1023	612	895	962
704	960	1023	670	894	961
768	960	1023	730	895	960
832	960	1023	790	895	960
896	960	1023	850	896	961
960	960	1023	908	896	961
1023	960	1023	966	896	962
0	1023	1023	138	948	964
64	1023	1023	147	949	965
128	1023	1023	175	949	965
192	1023	1023	217	950	965
256	1023	1023	266	952	966
320	1023	1023	319	953	968
384	1023	1023	375	954	968
448	1023	1023	433	954	967
512	1023	1023	492	954	965
576	1023	1023	551	954	964
640	1023	1023	611	955	962
704	1023	1023	670	955	962
768	1023	1023	730	956	962
832	1023	1023	791	956	961
896	1023	1023	850	956	961
960	1023	1023	909	956	962
1023	1023	1023	967	957	963
