0	0	0	0	0	0
64	0	0	60	0	0
128	0	0	120	0	0
192	0	0	181	0	0
256	0	0	242	0	0
320	0	0	303	0	0
384	0	0	364	0	0
448	0	0	424	23	0
512	0	0	482	23	0
576	0	0	540	23	0
640	0	0	603	23	0
704	0	0	658	32	0
768	0	0	717	32	0
832	0	0	777	32	0
896	0	0	837	44	0
960	0	0	895	44	0
1023	0	0	953	53	0
0	64	0	0	63	0
64	64	0	60	63	0
128	64	0	120	63	0
192	64	0	181	63	0
256	64	0	242	63	0
320	64	0	302	63	0
384	64	0	364	63	0
448	64	0	424	63	0
512	64	0	482	63	0
576	64	0	540	66	0
640	64	0	603	66	0
704	64	0	658	66	0
768	64	0	716	66	0
832	64	0	777	69	0
896	64	0	837	72	0
960	64	0	895	77	0
1023	64	0	953	77	0
0	128	0	0	126	0
64	128	0	60	126	0
128	128	0	120	126	0
192	128	0	181	126	0
256	128	0	242	126	0
320	128	0	302	126	0
384	128	0	363	126	0
448	128	0	424	126	0
512	128	0	481	126	0
576	128	0	540	126	0
640	128	0	602	128	0
704	128	0	658	128	0
768	128	0	716	128	0
832	128	0	777	129	0
896	128	0	836	130	0
960	128	0	895	130	0
1023	128	0	953	133	0
0	192	0	0	190	0
64	192	0	60	190	0
128	192	0	120	190	0
192	192	0	181	189	0
256	192	0	241	189	0
320	192	0	302	189	0
384	192	0	363	188	0
448	192	0	423	188	0
512	192	0	481	189	0
576	192	0	539	189	0
640	192	0	602	189	0
704	192	0	657	189	0
768	192	0	716	190	0
832	192	0	776	190	0
896	192	0	836	190	0
960	192	0	895	192	0
1023	192	0	953	192	0
0	256	0	0	253	0
64	256	0	60	253	0
128	256	0	120	253	0
192	256	0	181	252	0
256	256	0	241	252	0
320	256	0	301	252	0
384	256	0	362	252	0
448	256	0	422	252	0
512	256	0	480	252	0
576	256	0	539	252	0
640	256	0	601	252	0
704	256	0	656	252	0
768	256	0	715	252	0
832	256	0	776	253	0
896	256	0	836	253	0
960	256	0	895	252	0
1023	256	0	953	253	0
0	320	0	0	317	23
64	320	0	60	317	23
128	320	0	120	317	23
192	320	0	180	316	0
256	320	0	240	316	0
320	320	0	301	315	0
384	320	0	362	315	0
448	320	0	422	314	0
512	320	0	479	314	0
576	320	0	538	315	0
640	320	0	600	314	0
704	320	0	656	315	0
768	320	0	715	315	0
832	320	0	775	315	0
896	320	0	835	315	0
960	320	0	894	315	0
1023	320	0	953	315	0
0	384	0	0	380	23
64	384	0	60	380	23
128	384	0	120	379	23
192	384	0	180	379	23
256	384	0	240	379	23
320	384	0	301	378	0
384	384	0	362	378	0
448	384	0	422	378	0
512	384	0	479	378	0
576	384	0	538	378	0
640	384	0	600	378	0
704	384	0	656	378	0
768	384	0	714	378	0
832	384	0	775	378	0
896	384	0	835	378	0
960	384	0	894	378	0
1023	384	0	952	377	0
0	448	0	0	442	23
64	448	0	60	441	23
128	448	0	120	441	23
192	448	0	180	441	23
256	448	0	241	440	23
320	448	0	301	439	23
384	448	0	361	439	23
448	448	0	421	439	0
512	448	0	479	439	0
576	448	0	538	439	0
640	448	0	600	439	0
704	448	0	655	439	0
768	448	0	714	439	0
832	448	0	775	439	0
896	448	0	835	439	0
960	448	0	894	439	0
1023	448	0	953	438	0
0	512	0	0	501	32
64	512	0	60	501	32
128	512	0	120	501	32
192	512	0	180	501	32
256	512	0	241	500	23
320	512	0	300	500	23
384	512	0	362	499	23
448	512	0	421	499	23
512	512	0	479	499	0
576	512	0	538	499	0
640	512	0	600	499	0
704	512	0	655	499	0
768	512	0	715	499	0
832	512	0	775	499	0
896	512	0	835	499	0
960	512	0	894	499	0
1023	512	0	953	498	23
0	576	0	23	563	32
64	576	0	60	563	32
128	576	0	122	563	32
192	576	0	180	563	32
256	576	0	241	562	32
320	576	0	300	561	32
384	576	0	362	561	32
448	576	0	421	561	23
512	576	0	479	561	23
576	576	0	538	561	0
640	576	0	600	561	0
704	576	0	655	561	0
768	576	0	715	560	0
832	576	0	775	561	0
896	576	0	835	560	0
960	576	0	894	560	23
1023	576	0	953	559	23
0	640	0	23	626	38
64	640	0	63	626	38
128	640	0	122	626	38
192	640	0	180	626	38
256	640	0	240	625	38
320	640	0	301	624	32
384	640	0	361	624	32
448	640	0	421	624	32
512	640	0	479	624	23
576	640	0	537	624	23
640	640	0	600	624	0
704	640	0	655	624	0
768	640	0	714	623	0
832	640	0	775	624	0
896	640	0	835	623	0
960	640	0	894	623	23
1023	640	0	952	623	23
0	704	0	23	685	44
64	704	0	63	685	44
128	704	0	122	684	44
192	704	0	180	684	38
256	704	0	240	683	38
320	704	0	300	683	38
384	704	0	361	683	38
448	704	0	421	683	32
512	704	0	478	683	32
576	704	0	537	682	32
640	704	0	599	683	23
704	704	0	655	682	23
768	704	0	714	682	0
832	704	0	774	682	0
896	704	0	834	682	23
960	704	0	894	682	23
1023	704	0	952	681	32
0	768	0	23	746	44
64	768	0	63	746	44
128	768	0	120	746	44
192	768	0	180	745	44
256	768	0	240	745	44
320	768	0	299	744	44
384	768	0	360	744	44
448	768	0	420	744	38
512	768	0	478	744	38
576	768	0	536	744	32
640	768	0	599	744	32
704	768	0	654	744	23
768	768	0	714	744	32
832	768	0	774	744	0
896	768	0	834	744	23
960	768	0	894	744	23
1023	768	0	952	743	32
0	832	0	23	810	48
64	832	0	63	810	48
128	832	0	120	809	48
192	832	0	180	809	48
256	832	0	239	809	48
320	832	0	299	808	48
384	832	0	360	808	44
448	832	0	420	808	44
512	832	0	478	808	44
576	832	0	536	808	38
640	832	0	599	808	38
704	832	0	654	808	38
768	832	0	713	808	38
832	832	0	774	808	32
896	832	0	834	808	32
960	832	0	894	808	32
1023	832	0	952	807	32
0	896	0	23	871	53
64	896	0	63	871	53
128	896	0	120	871	53
192	896	0	179	870	53
256	896	0	239	870	53
320	896	0	298	870	53
384	896	0	360	870	48
448	896	0	419	870	48
512	896	0	477	869	48
576	896	0	535	870	48
640	896	0	598	869	48
704	896	0	653	869	44
768	896	0	713	869	44
832	896	0	774	869	44
896	896	0	834	869	38
960	896	0	893	869	38
1023	896	0	952	869	38
0	960	0	32	932	57
64	960	0	66	932	57
128	960	0	122	932	57
192	960	0	179	932	57
256	960	0	239	932	57
320	960	0	299	931	57
384	960	0	359	931	53
448	960	0	419	931	53
512	960	0	477	931	57
576	960	0	535	931	53
640	960	0	598	931	53
704	960	0	653	931	48
768	960	0	713	931	48
832	960	0	774	931	48
896	960	0	834	931	48
960	960	0	893	931	44
1023	960	0	952	931	38
0	1023	0	32	992	60
64	1023	0	66	992	60
128	1023	0	122	992	60
192	1023	0	179	992	60
256	1023	0	238	992	60
320	1023	0	297	992	63
384	1023	0	358	992	60
448	1023	0	418	992	60
512	1023	0	475	991	60
576	1023	0	534	991	60
640	1023	0	597	992	60
704	1023	0	652	991	57
768	1023	0	712	992	60
832	1023	0	773	992	57
896	1023	0	833	992	53
960	1023	0	892	991	48
1023	1023	0	951	991	48
0	0	64	0	0	63
64	0	64	60	0	63
128	0	64	120	0	63
192	0	64	181	0	63
256	0	64	242	0	63
320	0	64	302	0	63
384	0	64	364	0	60
448	0	64	424	23	60
512	0	64	482	23	60
576	0	64	540	23	57
640	0	64	603	23	57
704	0	64	658	32	53
768	0	64	717	32	53
832	0	64	777	32	48
896	0	64	837	44	44
960	0	64	895	44	38
1023	0	64	953	53	32
0	64	64	0	63	63
64	64	64	60	63	63
128	64	64	120	63	63
192	64	64	181	63	63
256	64	64	242	63	63
320	64	64	302	63	63
384	64	64	364	63	60
448	64	64	424	63	60
512	64	64	482	63	60
576	64	64	540	66	57
640	64	64	603	66	57
704	64	64	658	66	53
768	64	64	716	69	53
832	64	64	777	69	48
896	64	64	837	72	44
960	64	64	895	77	38
1023	64	64	953	77	32
0	128	64	0	126	63
64	128	64	60	126	63
128	128	64	120	126	63
192	128	64	181	126	63
256	128	64	242	126	63
320	128	64	302	126	63
384	128	64	363	126	60
448	128	64	424	126	60
512	128	64	481	126	60
576	128	64	540	126	57
640	128	64	602	128	57
704	128	64	658	128	53
768	128	64	716	128	53
832	128	64	777	129	48
896	128	64	836	130	44
960	128	64	895	130	38
1023	128	64	953	133	32
0	192	64	0	190	63
64	192	64	60	190	63
128	192	64	120	190	63
192	192	64	181	189	63
256	192	64	241	189	63
320	192	64	302	188	63
384	192	64	363	188	63
448	192	64	423	188	60
512	192	64	481	189	60
576	192	64	539	189	57
640	192	64	602	189	57
704	192	64	657	189	53
768	192	64	716	190	53
832	192	64	776	190	48
896	192	64	836	191	44
960	192	64	895	192	38
1023	192	64	953	192	38
0	256	64	0	253	66
64	256	64	60	253	66
128	256	64	120	253	66
192	256	64	180	252	63
256	256	64	242	253	63
320	256	64	301	252	63
384	256	64	362	252	63
448	256	64	422	252	60
512	256	64	480	252	60
576	256	64	539	252	60
640	256	64	601	252	57
704	256	64	656	252	57
768	256	64	715	252	53
832	256	64	776	252	48
896	256	64	836	253	44
960	256	64	895	253	44
1023	256	64	953	253	38
0	320	64	0	317	66
64	320	64	60	317	66
128	320	64	120	317	66
192	320	64	180	316	66
256	320	64	241	315	63
320	320	64	301	315	63
384	320	64	362	314	63
448	320	64	422	314	63
512	320	64	479	314	60
576	320	64	538	315	60
640	320	64	600	314	57
704	320	64	656	314	57
768	320	64	715	315	53
832	320	64	775	315	48
896	320	64	835	315	48
960	320	64	894	315	44
1023	320	64	953	315	38
0	384	64	0	380	66
64	384	64	60	380	66
128	384	64	120	379	66
192	384	64	180	379	66
256	384	64	241	378	66
320	384	64	301	378	66
384	384	64	362	378	63
448	384	64	422	378	63
512	384	64	480	378	63
576	384	64	538	378	60
640	384	64	600	377	60
704	384	64	656	378	57
768	384	64	715	378	53
832	384	64	775	378	53
896	384	64	835	378	48
960	384	64	894	378	44
1023	384	64	953	377	38
0	448	64	23	441	69
64	448	64	60	441	69
128	448	64	122	441	66
192	448	64	180	441	66
256	448	64	241	440	66
320	448	64	301	439	66
384	448	64	362	439	66
448	448	64	421	439	63
512	448	64	479	439	63
576	448	64	538	439	63
640	448	64	600	439	60
704	448	64	655	438	60
768	448	64	715	439	57
832	448	64	775	439	53
896	448	64	835	439	48
960	448	64	894	439	48
1023	448	64	953	438	48
0	512	64	23	501	69
64	512	64	60	501	69
128	512	64	122	501	69
192	512	64	180	501	69
256	512	64	241	500	69
320	512	64	301	499	66
384	512	64	362	499	66
448	512	64	422	499	66
512	512	64	479	499	63
576	512	64	538	499	63
640	512	64	600	499	63
704	512	64	655	499	60
768	512	64	715	499	57
832	512	64	775	499	57
896	512	64	835	499	53
960	512	64	894	498	53
1023	512	64	953	498	48
0	576	64	23	563	69
64	576	64	63	563	69
128	576	64	122	563	69
192	576	64	181	562	69
256	576	64	240	562	69
320	576	64	301	561	69
384	576	64	361	561	69
448	576	64	421	561	66
512	576	64	479	561	66
576	576	64	538	561	66
640	576	64	600	561	63
704	576	64	655	561	60
768	576	64	715	560	60
832	576	64	775	560	57
896	576	64	835	560	53
960	576	64	894	560	57
1023	576	64	953	559	53
0	640	64	23	626	72
64	640	64	63	626	72
128	640	64	122	626	72
192	640	64	181	625	72
256	640	64	240	625	72
320	640	64	300	624	72
384	640	64	361	624	69
448	640	64	421	624	69
512	640	64	479	624	69
576	640	64	537	624	66
640	640	64	600	624	66
704	640	64	655	623	63
768	640	64	714	623	60
832	640	64	775	623	60
896	640	64	835	623	60
960	640	64	894	623	57
1023	640	64	952	623	57
0	704	64	23	685	75
64	704	64	63	684	75
128	704	64	120	684	75
192	704	64	180	684	75
256	704	64	240	683	72
320	704	64	300	683	72
384	704	64	361	683	72
448	704	64	420	683	72
512	704	64	478	683	69
576	704	64	537	682	69
640	704	64	599	683	66
704	704	64	655	682	66
768	704	64	714	682	63
832	704	64	774	682	63
896	704	64	834	682	63
960	704	64	894	682	63
1023	704	64	952	681	60
0	768	64	23	746	77
64	768	64	63	746	77
128	768	64	120	745	75
192	768	64	180	745	75
256	768	64	240	745	75
320	768	64	299	744	75
384	768	64	360	744	75
448	768	64	420	744	72
512	768	64	478	744	72
576	768	64	536	744	72
640	768	64	599	744	69
704	768	64	654	744	69
768	768	64	713	744	69
832	768	64	774	744	66
896	768	64	834	744	63
960	768	64	894	743	66
1023	768	64	952	743	63
0	832	64	23	810	77
64	832	64	63	809	77
128	832	64	120	809	77
192	832	64	180	809	77
256	832	64	240	809	77
320	832	64	299	808	77
384	832	64	360	808	77
448	832	64	420	808	75
512	832	64	478	808	75
576	832	64	536	808	72
640	832	64	599	808	72
704	832	64	654	808	72
768	832	64	714	808	72
832	832	64	774	808	69
896	832	64	834	808	69
960	832	64	894	808	66
1023	832	64	952	807	69
0	896	64	32	871	80
64	896	64	66	871	80
128	896	64	122	871	80
192	896	64	179	870	80
256	896	64	239	870	80
320	896	64	299	870	80
384	896	64	360	870	77
448	896	64	419	870	77
512	896	64	477	869	77
576	896	64	535	869	77
640	896	64	598	869	77
704	896	64	653	869	75
768	896	64	713	869	77
832	896	64	774	869	75
896	896	64	834	869	72
960	896	64	893	869	72
1023	896	64	952	869	69
0	960	64	32	932	82
64	960	64	66	932	82
128	960	64	122	932	82
192	960	64	180	932	82
256	960	64	239	932	82
320	960	64	299	931	82
384	960	64	359	931	80
448	960	64	419	931	80
512	960	64	477	931	82
576	960	64	536	931	80
640	960	64	598	931	80
704	960	64	653	931	77
768	960	64	713	931	80
832	960	64	774	931	77
896	960	64	834	931	77
960	960	64	893	931	75
1023	960	64	952	931	72
0	1023	64	32	992	85
64	1023	64	66	992	85
128	1023	64	122	992	85
192	1023	64	179	992	85
256	1023	64	238	992	85
320	1023	64	297	992	87
384	1023	64	358	992	87
448	1023	64	417	992	85
512	1023	64	475	991	85
576	1023	64	534	991	82
640	1023	64	597	992	85
704	1023	64	652	991	82
768	1023	64	712	992	82
832	1023	64	773	992	80
896	1023	64	833	992	80
960	1023	64	892	991	77
1023	1023	64	951	991	80
0	0	128	23	0	130
64	0	128	63	0	130
128	0	128	122	0	130
192	0	128	182	0	130
256	0	128	242	0	130
320	0	128	303	23	129
384	0	128	364	23	128
448	0	128	424	23	128
512	0	128	482	23	128
576	0	128	540	23	126
640	0	128	603	32	126
704	0	128	658	32	125
768	0	128	716	32	125
832	0	128	777	38	123
896	0	128	837	44	122
960	0	128	895	44	120
1023	0	128	953	53	119
0	64	128	23	63	129
64	64	128	63	63	129
128	64	128	122	63	129
192	64	128	182	63	129
256	64	128	242	63	129
320	64	128	303	63	129
384	64	128	364	63	128
448	64	128	424	63	128
512	64	128	482	66	128
576	64	128	540	66	126
640	64	128	603	66	126
704	64	128	658	66	125
768	64	128	716	69	125
832	64	128	777	69	123
896	64	128	837	75	122
960	64	128	895	77	120
1023	64	128	953	77	119
0	128	128	23	128	129
64	128	128	63	128	129
128	128	128	122	128	129
192	128	128	182	128	129
256	128	128	242	128	129
320	128	128	302	126	129
384	128	128	364	126	129
448	128	128	424	126	128
512	128	128	481	126	128
576	128	128	540	128	126
640	128	128	602	128	126
704	128	128	657	128	125
768	128	128	716	128	125
832	128	128	777	129	123
896	128	128	836	130	122
960	128	128	895	132	120
1023	128	128	953	133	119
0	192	128	23	190	129
64	192	128	63	190	129
128	192	128	122	190	129
192	192	128	182	189	129
256	192	128	242	189	129
320	192	128	302	188	129
384	192	128	363	188	129
448	192	128	423	189	128
512	192	128	481	189	128
576	192	128	539	189	126
640	192	128	602	189	126
704	192	128	657	190	125
768	192	128	716	190	125
832	192	128	776	190	123
896	192	128	836	191	122
960	192	128	895	191	120
1023	192	128	953	193	120
0	256	128	23	253	130
64	256	128	63	253	130
128	256	128	122	253	130
192	256	128	181	253	129
256	256	128	241	252	129
320	256	128	301	252	129
384	256	128	363	252	129
448	256	128	422	251	128
512	256	128	480	251	128
576	256	128	539	252	128
640	256	128	601	252	126
704	256	128	656	252	126
768	256	128	715	252	125
832	256	128	776	252	123
896	256	128	835	252	122
960	256	128	895	253	122
1023	256	128	953	253	120
0	320	128	23	317	130
64	320	128	63	316	130
128	320	128	122	316	130
192	320	128	181	316	130
256	320	128	241	315	130
320	320	128	301	314	129
384	320	128	362	314	129
448	320	128	422	314	129
512	320	128	479	314	128
576	320	128	538	314	128
640	320	128	600	314	126
704	320	128	656	314	126
768	320	128	714	315	125
832	320	128	775	314	125
896	320	128	835	315	122
960	320	128	894	315	120
1023	320	128	953	314	120
0	384	128	23	379	130
64	384	128	63	379	130
128	384	128	122	379	130
192	384	128	181	379	130
256	384	128	242	378	130
320	384	128	301	378	130
384	384	128	362	378	129
448	384	128	422	377	129
512	384	128	479	377	129
576	384	128	538	377	128
640	384	128	600	377	128
704	384	128	655	377	126
768	384	128	714	377	126
832	384	128	775	378	125
896	384	128	835	378	122
960	384	128	894	377	120
1023	384	128	953	377	120
0	448	128	23	441	132
64	448	128	63	441	132
128	448	128	122	441	130
192	448	128	181	440	130
256	448	128	242	440	130
320	448	128	301	439	130
384	448	128	362	439	130
448	448	128	421	438	129
512	448	128	479	439	128
576	448	128	538	439	128
640	448	128	600	438	126
704	448	128	655	438	126
768	448	128	715	438	126
832	448	128	775	438	123
896	448	128	835	439	122
960	448	128	894	438	123
1023	448	128	953	438	122
0	512	128	32	501	132
64	512	128	63	501	132
128	512	128	122	501	132
192	512	128	181	501	132
256	512	128	241	500	132
320	512	128	301	499	129
384	512	128	362	499	129
448	512	128	421	499	129
512	512	128	479	498	129
576	512	128	538	499	128
640	512	128	600	498	128
704	512	128	655	498	126
768	512	128	714	499	125
832	512	128	775	498	125
896	512	128	835	498	123
960	512	128	894	498	123
1023	512	128	953	498	122
0	576	128	32	563	133
64	576	128	63	563	133
128	576	128	123	563	132
192	576	128	181	562	132
256	576	128	241	561	132
320	576	128	301	561	132
384	576	128	362	560	132
448	576	128	421	560	129
512	576	128	479	560	129
576	576	128	538	560	129
640	576	128	600	560	128
704	576	128	655	560	128
768	576	128	714	560	126
832	576	128	775	560	125
896	576	128	835	560	125
960	576	128	894	560	125
1023	576	128	953	559	123
0	640	128	32	626	133
64	640	128	66	626	133
128	640	128	123	626	133
192	640	128	182	625	133
256	640	128	241	625	133
320	640	128	301	624	133
384	640	128	361	624	132
448	640	128	421	624	132
512	640	128	479	624	130
576	640	128	537	623	129
640	640	128	600	623	129
704	640	128	655	623	128
768	640	128	714	623	128
832	640	128	775	623	128
896	640	128	835	623	126
960	640	128	894	623	125
1023	640	128	952	622	125
0	704	128	32	685	134
64	704	128	66	684	134
128	704	128	122	684	134
192	704	128	181	684	134
256	704	128	240	683	133
320	704	128	300	683	132
384	704	128	361	683	133
448	704	128	421	682	133
512	704	128	478	682	130
576	704	128	537	682	130
640	704	128	599	682	129
704	704	128	654	682	129
768	704	128	714	682	129
832	704	128	774	682	128
896	704	128	834	682	128
960	704	128	894	682	128
1023	704	128	952	681	126
0	768	128	32	746	136
64	768	128	66	746	136
128	768	128	122	745	134
192	768	128	181	745	134
256	768	128	240	745	134
320	768	128	300	744	133
384	768	128	360	744	133
448	768	128	420	744	132
512	768	128	478	743	132
576	768	128	536	744	132
640	768	128	599	744	130
704	768	128	654	744	130
768	768	128	713	744	130
832	768	128	774	744	129
896	768	128	834	743	128
960	768	128	894	743	129
1023	768	128	952	743	128
0	832	128	32	809	136
64	832	128	66	809	136
128	832	128	122	809	136
192	832	128	181	809	136
256	832	128	240	808	136
320	832	128	299	808	134
384	832	128	360	808	134
448	832	128	420	808	133
512	832	128	477	808	133
576	832	128	536	808	132
640	832	128	599	808	133
704	832	128	654	808	132
768	832	128	714	808	132
832	832	128	774	808	130
896	832	128	834	808	130
960	832	128	894	808	129
1023	832	128	952	807	130
0	896	128	38	871	137
64	896	128	66	871	137
128	896	128	123	870	137
192	896	128	180	870	137
256	896	128	240	870	136
320	896	128	298	870	136
384	896	128	360	870	136
448	896	128	419	870	134
512	896	128	477	869	136
576	896	128	535	869	134
640	896	128	598	869	134
704	896	128	653	869	133
768	896	128	713	869	134
832	896	128	774	869	133
896	896	128	834	869	132
960	896	128	893	869	132
1023	896	128	952	869	130
0	960	128	38	932	138
64	960	128	69	932	138
128	960	128	123	932	138
192	960	128	181	932	138
256	960	128	240	931	137
320	960	128	299	931	137
384	960	128	359	931	137
448	960	128	419	931	136
512	960	128	477	931	137
576	960	128	535	931	136
640	960	128	598	931	136
704	960	128	653	931	134
768	960	128	713	931	136
832	960	128	773	931	134
896	960	128	834	931	133
960	960	128	893	931	133
1023	960	128	952	931	132
0	1023	128	38	992	139
64	1023	128	69	992	139
128	1023	128	122	992	139
192	1023	128	180	992	139
256	1023	128	238	992	139
320	1023	128	297	991	139
384	1023	128	358	991	139
448	1023	128	417	991	138
512	1023	128	475	991	138
576	1023	128	534	991	137
640	1023	128	597	992	137
704	1023	128	652	991	137
768	1023	128	712	991	137
832	1023	128	773	992	136
896	1023	128	833	991	134
960	1023	128	892	991	134
1023	1023	128	951	991	134
0	0	192	38	23	194
64	0	192	66	23	194
128	0	192	125	23	194
192	0	192	183	23	194
256	0	192	243	23	194
320	0	192	303	23	193
384	0	192	364	23	193
448	0	192	424	23	193
512	0	192	482	23	193
576	0	192	540	32	192
640	0	192	603	32	192
704	0	192	657	32	191
768	0	192	716	38	190
832	0	192	777	38	190
896	0	192	837	44	189
960	0	192	895	53	188
1023	0	192	954	53	188
0	64	192	38	63	194
64	64	192	66	63	194
128	64	192	125	63	194
192	64	192	183	63	194
256	64	192	243	63	194
320	64	192	303	63	193
384	64	192	364	66	193
448	64	192	424	66	193
512	64	192	482	66	193
576	64	192	540	66	192
640	64	192	603	66	192
704	64	192	657	69	191
768	64	192	716	69	190
832	64	192	777	75	190
896	64	192	837	75	189
960	64	192	895	77	188
1023	64	192	953	80	188
0	128	192	38	128	194
64	128	192	66	128	194
128	128	192	125	128	194
192	128	192	183	128	194
256	128	192	243	126	194
320	128	192	303	126	193
384	128	192	364	126	193
448	128	192	424	126	193
512	128	192	481	128	193
576	128	192	540	128	192
640	128	192	602	128	192
704	128	192	657	128	191
768	128	192	716	129	190
832	128	192	776	129	190
896	128	192	836	132	189
960	128	192	895	132	188
1023	128	192	953	134	188
0	192	192	38	189	194
64	192	192	66	189	194
128	192	192	125	189	194
192	192	192	182	190	194
256	192	192	243	189	194
320	192	192	303	189	193
384	192	192	363	189	193
448	192	192	423	189	193
512	192	192	481	188	193
576	192	192	539	188	192
640	192	192	602	189	192
704	192	192	657	189	191
768	192	192	716	189	191
832	192	192	776	190	190
896	192	192	836	191	189
960	192	192	895	192	188
1023	192	192	953	192	188
0	256	192	38	253	195
64	256	192	69	253	194
128	256	192	125	253	194
192	256	192	182	252	194
256	256	192	242	252	194
320	256	192	302	251	193
384	256	192	363	251	193
448	256	192	423	252	193
512	256	192	480	252	193
576	256	192	538	252	192
640	256	192	601	251	192
704	256	192	656	252	191
768	256	192	715	252	191
832	256	192	776	252	190
896	256	192	835	253	189
960	256	192	895	252	188
1023	256	192	953	253	188
0	320	192	38	316	194
64	320	192	69	316	194
128	320	192	125	316	194
192	320	192	183	315	193
256	320	192	242	315	193
320	320	192	302	314	193
384	320	192	362	314	193
448	320	192	422	314	193
512	320	192	479	314	192
576	320	192	538	314	192
640	320	192	600	314	191
704	320	192	655	314	191
768	320	192	714	314	190
832	320	192	775	314	189
896	320	192	835	314	189
960	320	192	894	314	188
1023	320	192	953	314	188
0	384	192	38	379	195
64	384	192	69	379	195
128	384	192	125	379	195
192	384	192	183	379	194
256	384	192	242	378	194
320	384	192	302	377	193
384	384	192	362	377	193
448	384	192	422	377	193
512	384	192	479	377	192
576	384	192	538	377	192
640	384	192	600	377	192
704	384	192	655	377	191
768	384	192	714	377	190
832	384	192	775	377	190
896	384	192	835	377	189
960	384	192	894	377	188
1023	384	192	953	376	188
0	448	192	38	441	194
64	448	192	69	440	194
128	448	192	125	440	194
192	448	192	183	440	194
256	448	192	242	439	194
320	448	192	301	438	193
384	448	192	362	438	193
448	448	192	422	438	193
512	448	192	479	438	193
576	448	192	538	438	192
640	448	192	600	438	192
704	448	192	655	438	191
768	448	192	714	438	191
832	448	192	775	438	190
896	448	192	835	438	189
960	448	192	894	438	188
1023	448	192	953	437	188
0	512	192	38	501	195
64	512	192	69	501	195
128	512	192	125	500	195
192	512	192	182	500	195
256	512	192	242	499	194
320	512	192	301	498	193
384	512	192	362	498	193
448	512	192	421	498	193
512	512	192	479	498	193
576	512	192	537	498	193
640	512	192	600	498	192
704	512	192	655	498	192
768	512	192	714	498	191
832	512	192	775	498	190
896	512	192	835	498	190
960	512	192	894	497	189
1023	512	192	953	497	188
0	576	192	38	562	195
64	576	192	69	562	195
128	576	192	125	562	195
192	576	192	182	561	195
256	576	192	241	561	195
320	576	192	301	560	194
384	576	192	361	560	194
448	576	192	421	560	193
512	576	192	479	560	193
576	576	192	537	560	193
640	576	192	600	559	193
704	576	192	655	560	192
768	576	192	714	560	192
832	576	192	775	559	191
896	576	192	835	559	190
960	576	192	894	559	190
1023	576	192	953	559	189
0	640	192	38	625	196
64	640	192	69	625	196
128	640	192	125	625	196
192	640	192	182	625	196
256	640	192	242	624	196
320	640	192	301	623	194
384	640	192	361	623	194
448	640	192	421	623	194
512	640	192	479	623	193
576	640	192	537	623	193
640	640	192	600	623	193
704	640	192	655	623	193
768	640	192	714	623	192
832	640	192	775	623	192
896	640	192	835	623	192
960	640	192	894	622	191
1023	640	192	953	622	190
0	704	192	38	684	197
64	704	192	69	684	197
128	704	192	123	684	197
192	704	192	182	683	196
256	704	192	241	683	196
320	704	192	300	682	195
384	704	192	361	682	195
448	704	192	420	682	194
512	704	192	478	682	194
576	704	192	537	682	194
640	704	192	599	682	193
704	704	192	654	682	193
768	704	192	714	682	193
832	704	192	774	681	192
896	704	192	834	682	192
960	704	192	894	681	192
1023	704	192	952	681	191
0	768	192	44	745	197
64	768	192	72	745	197
128	768	192	125	745	197
192	768	192	181	745	197
256	768	192	241	744	197
320	768	192	300	744	196
384	768	192	361	743	196
448	768	192	420	743	195
512	768	192	478	743	195
576	768	192	536	743	194
640	768	192	599	743	194
704	768	192	654	743	193
768	768	192	713	743	193
832	768	192	774	743	193
896	768	192	834	743	193
960	768	192	894	743	192
1023	768	192	952	742	192
0	832	192	44	809	198
64	832	192	72	809	198
128	832	192	125	809	198
192	832	192	182	808	198
256	832	192	240	808	197
320	832	192	300	808	197
384	832	192	360	808	196
448	832	192	420	808	196
512	832	192	477	807	196
576	832	192	536	808	195
640	832	192	599	807	195
704	832	192	654	808	194
768	832	192	713	807	194
832	832	192	774	807	194
896	832	192	834	807	193
960	832	192	894	807	193
1023	832	192	952	807	192
0	896	192	44	870	198
64	896	192	72	870	198
128	896	192	125	870	198
192	896	192	182	870	198
256	896	192	240	870	198
320	896	192	299	869	198
384	896	192	359	869	197
448	896	192	419	869	197
512	896	192	477	869	197
576	896	192	535	869	196
640	896	192	598	869	196
704	896	192	653	869	195
768	896	192	713	869	195
832	896	192	773	869	195
896	896	192	834	869	194
960	896	192	893	869	193
1023	896	192	952	869	193
0	960	192	44	932	199
64	960	192	72	932	199
128	960	192	125	932	199
192	960	192	182	931	198
256	960	192	240	931	198
320	960	192	299	931	198
384	960	192	359	931	197
448	960	192	419	931	198
512	960	192	477	931	198
576	960	192	535	931	197
640	960	192	598	931	197
704	960	192	653	931	196
768	960	192	712	931	195
832	960	192	773	931	196
896	960	192	833	931	195
960	960	192	893	931	194
1023	960	192	952	931	193
0	1023	192	48	992	199
64	1023	192	72	992	199
128	1023	192	125	992	199
192	1023	192	180	992	199
256	1023	192	239	992	199
320	1023	192	298	991	198
384	1023	192	358	991	198
448	1023	192	417	991	198
512	1023	192	475	991	198
576	1023	192	534	991	198
640	1023	192	597	991	198
704	1023	192	652	991	197
768	1023	192	711	991	197
832	1023	192	773	991	196
896	1023	192	833	991	195
960	1023	192	892	991	195
1023	1023	192	951	991	194
0	0	256	48	23	259
64	0	256	75	23	259
128	0	256	128	23	259
192	0	256	186	23	259
256	0	256	244	23	259
320	0	256	304	32	258
384	0	256	365	32	258
448	0	256	424	32	258
512	0	256	482	32	258
576	0	256	540	32	258
640	0	256	602	38	258
704	0	256	657	38	257
768	0	256	716	38	256
832	0	256	777	48	256
896	0	256	836	48	256
960	0	256	895	53	255
1023	0	256	953	60	255
0	64	256	48	66	259
64	64	256	75	66	259
128	64	256	128	66	259
192	64	256	186	66	259
256	64	256	244	66	259
320	64	256	304	66	259
384	64	256	365	66	258
448	64	256	424	66	258
512	64	256	482	69	258
576	64	256	540	69	258
640	64	256	602	69	258
704	64	256	657	69	257
768	64	256	716	72	256
832	64	256	777	75	256
896	64	256	836	75	256
960	64	256	895	80	255
1023	64	256	953	82	255
0	128	256	48	128	260
64	128	256	75	128	260
128	128	256	128	128	259
192	128	256	185	128	259
256	128	256	243	128	259
320	128	256	304	128	259
384	128	256	364	128	259
448	128	256	424	128	258
512	128	256	481	128	258
576	128	256	540	129	258
640	128	256	602	129	258
704	128	256	657	129	257
768	128	256	716	129	256
832	128	256	776	130	256
896	128	256	836	132	256
960	128	256	895	133	255
1023	128	256	953	134	255
0	192	256	48	190	260
64	192	256	75	190	260
128	192	256	128	190	260
192	192	256	185	189	260
256	192	256	243	189	260
320	192	256	303	188	259
384	192	256	364	188	259
448	192	256	423	189	258
512	192	256	481	189	258
576	192	256	539	189	258
640	192	256	601	189	258
704	192	256	656	190	257
768	192	256	715	190	257
832	192	256	776	190	256
896	192	256	836	192	256
960	192	256	895	192	255
1023	192	256	953	193	255
0	256	256	48	253	260
64	256	256	75	253	260
128	256	256	128	253	260
192	256	256	185	252	260
256	256	256	243	252	260
320	256	256	302	251	259
384	256	256	363	251	259
448	256	256	422	251	258
512	256	256	480	250	258
576	256	256	538	252	258
640	256	256	601	251	258
704	256	256	656	251	257
768	256	256	715	251	257
832	256	256	775	252	256
896	256	256	835	252	256
960	256	256	894	252	255
1023	256	256	953	252	255
0	320	256	48	316	259
64	320	256	75	315	259
128	320	256	128	315	259
192	320	256	184	315	258
256	320	256	242	314	258
320	320	256	302	313	258
384	320	256	362	313	258
448	320	256	422	313	258
512	320	256	479	313	257
576	320	256	538	313	257
640	320	256	600	313	256
704	320	256	655	313	256
768	320	256	714	314	256
832	320	256	775	313	255
896	320	256	835	314	255
960	320	256	894	314	254
1023	320	256	953	313	253
0	384	256	48	378	259
64	384	256	75	378	259
128	384	256	128	378	259
192	384	256	184	378	259
256	384	256	242	377	259
320	384	256	302	376	258
384	384	256	362	376	258
448	384	256	422	376	258
512	384	256	479	376	257
576	384	256	538	376	257
640	384	256	600	376	257
704	384	256	655	376	256
768	384	256	714	376	256
832	384	256	775	376	256
896	384	256	835	376	255
960	384	256	894	376	254
1023	384	256	953	376	253
0	448	256	48	440	259
64	448	256	75	440	259
128	448	256	128	440	259
192	448	256	184	439	259
256	448	256	242	438	259
320	448	256	302	438	258
384	448	256	362	438	258
448	448	256	421	437	257
512	448	256	479	438	257
576	448	256	537	437	256
640	448	256	600	437	256
704	448	256	655	437	256
768	448	256	714	438	256
832	448	256	775	437	255
896	448	256	835	437	255
960	448	256	894	437	254
1023	448	256	953	436	253
0	512	256	48	500	259
64	512	256	75	500	259
128	512	256	126	500	259
192	512	256	184	499	259
256	512	256	243	498	258
320	512	256	301	498	258
384	512	256	362	497	258
448	512	256	421	497	258
512	512	256	479	497	257
576	512	256	537	497	257
640	512	256	600	497	256
704	512	256	655	497	256
768	512	256	714	497	256
832	512	256	775	497	255
896	512	256	835	497	255
960	512	256	894	497	255
1023	512	256	953	496	254
0	576	256	48	561	259
64	576	256	75	561	259
128	576	256	126	561	259
192	576	256	184	561	259
256	576	256	242	560	259
320	576	256	301	559	258
384	576	256	362	559	258
448	576	256	421	559	258
512	576	256	479	559	258
576	576	256	537	559	257
640	576	256	600	559	257
704	576	256	655	559	256
768	576	256	714	559	256
832	576	256	775	559	256
896	576	256	834	558	255
960	576	256	894	558	255
1023	576	256	953	558	254
0	640	256	53	625	260
64	640	256	75	625	260
128	640	256	128	625	259
192	640	256	184	624	259
256	640	256	242	624	259
320	640	256	302	623	258
384	640	256	362	623	258
448	640	256	421	623	258
512	640	256	479	623	258
576	640	256	537	622	258
640	640	256	600	622	257
704	640	256	655	622	257
768	640	256	714	622	256
832	640	256	775	622	256
896	640	256	835	622	256
960	640	256	894	622	255
1023	640	256	953	621	255
0	704	256	53	683	261
64	704	256	77	683	261
128	704	256	128	683	261
192	704	256	184	683	260
256	704	256	242	682	259
320	704	256	301	682	259
384	704	256	361	682	259
448	704	256	421	682	258
512	704	256	478	681	258
576	704	256	536	681	258
640	704	256	599	681	258
704	704	256	654	681	258
768	704	256	713	681	257
832	704	256	774	681	256
896	704	256	834	681	256
960	704	256	894	681	256
1023	704	256	952	680	255
0	768	256	53	745	261
64	768	256	77	745	261
128	768	256	128	745	261
192	768	256	184	744	261
256	768	256	242	744	261
320	768	256	300	743	259
384	768	256	361	743	259
448	768	256	420	743	259
512	768	256	477	743	259
576	768	256	536	743	258
640	768	256	598	743	258
704	768	256	654	743	258
768	768	256	713	743	258
832	768	256	774	743	257
896	768	256	834	742	256
960	768	256	893	742	256
1023	768	256	952	742	255
0	832	256	53	809	261
64	832	256	77	809	261
128	832	256	128	808	261
192	832	256	184	808	261
256	832	256	241	808	261
320	832	256	300	807	260
384	832	256	360	807	259
448	832	256	420	807	259
512	832	256	477	807	259
576	832	256	536	807	259
640	832	256	598	807	259
704	832	256	654	807	258
768	832	256	713	807	258
832	832	256	774	807	258
896	832	256	834	807	257
960	832	256	893	807	256
1023	832	256	952	806	255
0	896	256	53	870	261
64	896	256	77	870	261
128	896	256	128	870	261
192	896	256	183	870	261
256	896	256	241	869	261
320	896	256	299	869	260
384	896	256	360	869	259
448	896	256	419	869	259
512	896	256	476	869	259
576	896	256	535	869	259
640	896	256	598	869	259
704	896	256	653	869	258
768	896	256	712	869	258
832	896	256	773	869	258
896	896	256	833	869	258
960	896	256	893	869	257
1023	896	256	952	868	256
0	960	256	57	932	262
64	960	256	77	932	262
128	960	256	129	931	262
192	960	256	183	931	262
256	960	256	241	931	262
320	960	256	300	931	261
384	960	256	360	931	260
448	960	256	419	931	260
512	960	256	477	931	260
576	960	256	535	931	259
640	960	256	598	931	259
704	960	256	653	930	259
768	960	256	712	930	258
832	960	256	773	930	258
896	960	256	833	931	258
960	960	256	893	930	257
1023	960	256	952	930	256
0	1023	256	57	992	262
64	1023	256	80	992	262
128	1023	256	128	992	262
192	1023	256	183	992	262
256	1023	256	240	991	262
320	1023	256	298	991	261
384	1023	256	358	991	260
448	1023	256	417	991	260
512	1023	256	475	991	260
576	1023	256	534	991	259
640	1023	256	597	991	259
704	1023	256	652	991	259
768	1023	256	711	991	259
832	1023	256	772	991	259
896	1023	256	833	991	258
960	1023	256	892	991	258
1023	1023	256	951	991	256
0	0	320	60	32	325
64	0	320	82	32	325
128	0	320	132	32	325
192	0	320	188	32	324
256	0	320	245	32	324
320	0	320	305	32	323
384	0	320	365	32	323
448	0	320	424	38	323
512	0	320	482	38	322
576	0	320	540	38	322
640	0	320	602	38	322
704	0	320	657	44	322
768	0	320	716	48	321
832	0	320	777	48	321
896	0	320	836	57	321
960	0	320	895	57	320
1023	0	320	954	63	319
0	64	320	60	69	325
64	64	320	82	69	325
128	64	320	132	69	325
192	64	320	188	69	324
256	64	320	245	69	324
320	64	320	305	69	323
384	64	320	365	69	323
448	64	320	424	69	323
512	64	320	482	69	322
576	64	320	540	72	322
640	64	320	602	72	322
704	64	320	657	72	322
768	64	320	716	77	321
832	64	320	777	77	321
896	64	320	836	80	321
960	64	320	895	82	320
1023	64	320	954	85	319
0	128	320	60	128	325
64	128	320	82	128	325
128	128	320	132	128	325
192	128	320	188	128	324
256	128	320	245	128	324
320	128	320	305	129	323
384	128	320	365	129	323
448	128	320	424	129	323
512	128	320	482	129	322
576	128	320	540	129	322
640	128	320	602	130	322
704	128	320	657	130	322
768	128	320	716	130	321
832	128	320	776	132	321
896	128	320	836	133	321
960	128	320	895	133	320
1023	128	320	953	136	319
0	192	320	60	190	325
64	192	320	82	190	325
128	192	320	132	190	325
192	192	320	188	190	324
256	192	320	245	189	324
320	192	320	304	189	323
384	192	320	364	189	323
448	192	320	424	189	323
512	192	320	481	189	323
576	192	320	539	189	322
640	192	320	601	189	322
704	192	320	657	189	322
768	192	320	715	191	322
832	192	320	776	191	321
896	192	320	836	191	321
960	192	320	895	193	320
1023	192	320	953	193	319
0	256	320	60	252	325
64	256	320	82	252	325
128	256	320	132	252	325
192	256	320	187	252	325
256	256	320	244	252	324
320	256	320	303	251	323
384	256	320	363	251	323
448	256	320	423	251	323
512	256	320	480	251	323
576	256	320	538	251	322
640	256	320	601	251	322
704	256	320	656	252	322
768	256	320	715	252	322
832	256	320	775	252	321
896	256	320	835	252	321
960	256	320	895	252	320
1023	256	320	953	252	319
0	320	320	60	315	324
64	320	320	82	315	324
128	320	320	130	315	324
192	320	320	187	315	323
256	320	320	244	314	323
320	320	320	303	313	322
384	320	320	363	313	322
448	320	320	422	313	322
512	320	320	479	313	322
576	320	320	538	313	322
640	320	320	600	313	322
704	320	320	655	313	321
768	320	320	714	314	321
832	320	320	775	313	320
896	320	320	835	313	320
960	320	320	894	314	320
1023	320	320	953	313	319
0	384	320	60	378	325
64	384	320	82	378	324
128	384	320	130	378	324
192	384	320	187	378	324
256	384	320	244	377	324
320	384	320	303	376	322
384	384	320	363	376	322
448	384	320	422	376	322
512	384	320	479	376	322
576	384	320	538	376	322
640	384	320	600	376	322
704	384	320	655	376	321
768	384	320	714	376	321
832	384	320	775	376	321
896	384	320	835	376	320
960	384	320	894	376	320
1023	384	320	953	375	319
0	448	320	60	440	324
64	448	320	82	439	324
128	448	320	130	439	324
192	448	320	187	439	324
256	448	320	244	438	323
320	448	320	303	437	323
384	448	320	363	437	322
448	448	320	422	437	322
512	448	320	479	437	322
576	448	320	537	437	322
640	448	320	600	437	322
704	448	320	655	437	321
768	448	320	714	437	321
832	448	320	775	437	321
896	448	320	835	437	320
960	448	320	894	437	319
1023	448	320	953	436	319
0	512	320	60	499	324
64	512	320	82	499	324
128	512	320	130	499	324
192	512	320	187	499	324
256	512	320	244	498	323
320	512	320	302	497	322
384	512	320	363	497	322
448	512	320	422	497	322
512	512	320	479	497	322
576	512	320	537	497	322
640	512	320	600	497	322
704	512	320	655	497	322
768	512	320	714	497	321
832	512	320	775	497	321
896	512	320	835	496	320
960	512	320	894	496	320
1023	512	320	953	496	319
0	576	320	63	561	324
64	576	320	82	561	324
128	576	320	132	561	324
192	576	320	186	560	324
256	576	320	244	559	323
320	576	320	303	559	323
384	576	320	363	558	322
448	576	320	421	558	322
512	576	320	479	558	322
576	576	320	537	558	322
640	576	320	600	558	322
704	576	320	655	558	322
768	576	320	714	558	322
832	576	320	774	558	321
896	576	320	834	558	321
960	576	320	894	558	320
1023	576	320	953	557	319
0	640	320	63	624	325
64	640	320	85	624	325
128	640	320	132	624	325
192	640	320	187	624	324
256	640	320	244	623	324
320	640	320	303	623	323
384	640	320	363	622	323
448	640	320	422	622	323
512	640	320	479	622	322
576	640	320	537	622	322
640	640	320	600	622	322
704	640	320	655	622	322
768	640	320	714	622	322
832	640	320	775	622	322
896	640	320	835	621	321
960	640	320	894	621	320
1023	640	320	953	621	320
0	704	320	63	683	325
64	704	320	85	683	325
128	704	320	132	683	325
192	704	320	187	683	324
256	704	320	243	682	324
320	704	320	302	681	323
384	704	320	362	681	323
448	704	320	421	681	323
512	704	320	478	681	323
576	704	320	537	681	323
640	704	320	599	681	322
704	704	320	654	681	322
768	704	320	713	681	322
832	704	320	774	681	321
896	704	320	834	680	321
960	704	320	894	680	321
1023	704	320	952	680	320
0	768	320	63	744	325
64	768	320	85	744	325
128	768	320	132	744	325
192	768	320	186	744	325
256	768	320	243	743	325
320	768	320	301	743	324
384	768	320	361	743	324
448	768	320	420	742	323
512	768	320	478	742	323
576	768	320	536	742	322
640	768	320	599	742	322
704	768	320	654	742	322
768	768	320	713	742	322
832	768	320	774	742	322
896	768	320	834	742	321
960	768	320	893	742	320
1023	768	320	952	742	320
0	832	320	63	808	325
64	832	320	85	808	325
128	832	320	132	808	325
192	832	320	186	808	325
256	832	320	243	808	324
320	832	320	301	807	324
384	832	320	361	807	323
448	832	320	420	807	323
512	832	320	477	807	323
576	832	320	536	807	323
640	832	320	598	807	323
704	832	320	654	807	322
768	832	320	713	807	322
832	832	320	774	807	322
896	832	320	834	807	321
960	832	320	893	807	321
1023	832	320	952	806	320
0	896	320	66	870	325
64	896	320	85	870	325
128	896	320	132	870	325
192	896	320	185	870	325
256	896	320	242	869	324
320	896	320	300	869	324
384	896	320	360	869	323
448	896	320	419	869	323
512	896	320	477	869	323
576	896	320	535	869	323
640	896	320	598	869	323
704	896	320	653	869	322
768	896	320	712	868	322
832	896	320	773	868	322
896	896	320	833	869	322
960	896	320	893	868	321
1023	896	320	952	868	320
0	960	320	66	931	326
64	960	320	87	931	326
128	960	320	132	931	326
192	960	320	186	931	325
256	960	320	242	931	325
320	960	320	300	931	324
384	960	320	360	931	324
448	960	320	419	931	323
512	960	320	477	931	323
576	960	320	535	931	323
640	960	320	598	931	323
704	960	320	653	930	322
768	960	320	712	930	322
832	960	320	773	930	322
896	960	320	833	930	322
960	960	320	893	930	321
1023	960	320	952	930	320
0	1023	320	66	992	326
64	1023	320	85	992	326
128	1023	320	132	992	325
192	1023	320	185	992	325
256	1023	320	241	991	325
320	1023	320	299	991	324
384	1023	320	359	991	323
448	1023	320	418	991	323
512	1023	320	475	991	323
576	1023	320	534	991	323
640	1023	320	597	991	323
704	1023	320	652	991	322
768	1023	320	711	991	322
832	1023	320	773	991	322
896	1023	320	833	991	321
960	1023	320	892	991	321
1023	1023	320	951	991	320
0	0	384	72	38	391
64	0	384	91	38	391
128	0	384	137	38	391
192	0	384	191	38	391
256	0	384	248	38	390
320	0	384	307	38	390
384	0	384	366	38	390
448	0	384	425	44	390
512	0	384	483	44	390
576	0	384	541	44	389
640	0	384	603	44	389
704	0	384	658	53	389
768	0	384	716	53	389
832	0	384	777	53	388
896	0	384	837	60	388
960	0	384	896	63	387
1023	0	384	954	66	386
0	64	384	72	72	391
64	64	384	91	72	391
128	64	384	137	72	391
192	64	384	191	72	391
256	64	384	248	72	391
320	64	384	307	72	390
384	64	384	366	72	390
448	64	384	425	72	390
512	64	384	483	72	390
576	64	384	541	75	389
640	64	384	603	75	389
704	64	384	658	77	389
768	64	384	716	80	389
832	64	384	777	82	388
896	64	384	837	82	388
960	64	384	896	87	387
1023	64	384	954	87	386
0	128	384	72	129	391
64	128	384	91	129	391
128	128	384	137	129	391
192	128	384	191	129	391
256	128	384	248	129	391
320	128	384	306	130	390
384	128	384	366	130	390
448	128	384	425	130	390
512	128	384	482	130	390
576	128	384	540	130	390
640	128	384	603	132	389
704	128	384	657	132	389
768	128	384	716	132	389
832	128	384	777	134	388
896	128	384	837	134	388
960	128	384	895	136	387
1023	128	384	954	137	386
0	192	384	72	191	392
64	192	384	91	191	392
128	192	384	137	191	391
192	192	384	191	191	391
256	192	384	247	190	391
320	192	384	306	190	390
384	192	384	366	190	390
448	192	384	425	190	390
512	192	384	482	190	390
576	192	384	540	190	390
640	192	384	602	190	389
704	192	384	657	191	389
768	192	384	716	192	389
832	192	384	776	192	388
896	192	384	836	193	388
960	192	384	895	193	388
1023	192	384	954	193	387
0	256	384	72	253	392
64	256	384	91	253	392
128	256	384	137	253	392
192	256	384	190	252	392
256	256	384	247	252	392
320	256	384	305	252	390
384	256	384	365	252	390
448	256	384	424	252	390
512	256	384	481	252	390
576	256	384	539	252	390
640	256	384	601	252	389
704	256	384	656	252	389
768	256	384	715	252	389
832	256	384	776	253	388
896	256	384	836	253	388
960	256	384	895	253	388
1023	256	384	953	253	387
0	320	384	72	316	389
64	320	384	91	316	389
128	320	384	136	316	389
192	320	384	190	315	389
256	320	384	246	314	389
320	320	384	305	314	388
384	320	384	364	314	388
448	320	384	423	313	388
512	320	384	480	313	388
576	320	384	538	314	388
640	320	384	601	314	388
704	320	384	656	314	387
768	320	384	715	314	386
832	320	384	775	314	386
896	320	384	835	314	386
960	320	384	895	314	385
1023	320	384	953	314	385
0	384	384	72	378	390
64	384	384	91	378	390
128	384	384	136	378	390
192	384	384	190	378	390
256	384	384	246	377	390
320	384	384	305	376	389
384	384	384	364	376	389
448	384	384	423	376	388
512	384	384	480	376	388
576	384	384	538	376	388
640	384	384	601	376	388
704	384	384	656	376	387
768	384	384	715	376	387
832	384	384	775	376	386
896	384	384	835	376	386
960	384	384	894	376	385
1023	384	384	953	376	385
0	448	384	72	440	390
64	448	384	91	440	390
128	448	384	136	439	389
192	448	384	190	439	389
256	448	384	247	438	389
320	448	384	304	437	388
384	448	384	364	437	388
448	448	384	423	437	388
512	448	384	480	437	388
576	448	384	538	437	388
640	448	384	601	437	387
704	448	384	655	437	387
768	448	384	715	437	386
832	448	384	775	437	386
896	448	384	835	437	386
960	448	384	894	437	385
1023	448	384	953	436	385
0	512	384	72	499	389
64	512	384	91	499	389
128	512	384	136	499	389
192	512	384	189	499	389
256	512	384	247	498	389
320	512	384	304	497	388
384	512	384	364	497	388
448	512	384	423	497	388
512	512	384	480	497	388
576	512	384	538	497	388
640	512	384	600	497	387
704	512	384	655	497	387
768	512	384	714	497	386
832	512	384	775	497	386
896	512	384	835	496	386
960	512	384	894	496	385
1023	512	384	953	496	385
0	576	384	75	561	389
64	576	384	91	561	389
128	576	384	137	561	389
192	576	384	189	560	389
256	576	384	246	559	389
320	576	384	304	559	388
384	576	384	364	558	388
448	576	384	422	558	388
512	576	384	480	558	388
576	576	384	538	558	388
640	576	384	600	558	387
704	576	384	655	558	387
768	576	384	714	558	386
832	576	384	775	558	386
896	576	384	835	558	386
960	576	384	894	558	385
1023	576	384	953	557	385
0	640	384	75	624	389
64	640	384	93	624	389
128	640	384	137	624	389
192	640	384	189	624	389
256	640	384	246	623	389
320	640	384	304	622	389
384	640	384	364	622	388
448	640	384	422	622	388
512	640	384	479	622	388
576	640	384	537	622	388
640	640	384	600	622	388
704	640	384	655	622	387
768	640	384	714	621	387
832	640	384	775	621	386
896	640	384	835	621	386
960	640	384	894	621	386
1023	640	384	953	621	385
0	704	384	75	683	390
64	704	384	93	683	390
128	704	384	137	683	390
192	704	384	190	682	390
256	704	384	245	682	390
320	704	384	304	681	389
384	704	384	363	681	389
448	704	384	422	681	389
512	704	384	479	681	388
576	704	384	537	681	388
640	704	384	600	681	388
704	704	384	655	681	388
768	704	384	714	681	387
832	704	384	775	681	387
896	704	384	835	681	386
960	704	384	894	680	386
1023	704	384	953	680	385
0	768	384	75	744	391
64	768	384	93	744	391
128	768	384	137	744	391
192	768	384	189	744	391
256	768	384	245	743	390
320	768	384	303	743	389
384	768	384	363	743	389
448	768	384	421	743	389
512	768	384	478	743	388
576	768	384	537	742	388
640	768	384	599	743	388
704	768	384	654	742	388
768	768	384	714	742	387
832	768	384	774	742	387
896	768	384	834	742	386
960	768	384	894	742	386
1023	768	384	952	742	385
0	832	384	75	808	390
64	832	384	93	808	390
128	832	384	137	808	390
192	832	384	189	808	390
256	832	384	245	808	389
320	832	384	303	807	389
384	832	384	362	807	389
448	832	384	421	807	388
512	832	384	478	807	388
576	832	384	537	807	388
640	832	384	599	807	388
704	832	384	654	807	388
768	832	384	713	807	387
832	832	384	774	807	387
896	832	384	834	807	386
960	832	384	894	807	386
1023	832	384	953	806	385
0	896	384	77	870	389
64	896	384	93	870	389
128	896	384	136	870	389
192	896	384	188	870	389
256	896	384	245	869	389
320	896	384	302	869	389
384	896	384	362	869	389
448	896	384	420	869	388
512	896	384	478	869	388
576	896	384	536	869	388
640	896	384	598	869	388
704	896	384	653	869	387
768	896	384	713	869	387
832	896	384	774	869	386
896	896	384	834	869	386
960	896	384	893	869	386
1023	896	384	952	868	385
0	960	384	77	932	390
64	960	384	95	932	390
128	960	384	137	931	390
192	960	384	189	931	390
256	960	384	245	931	390
320	960	384	302	931	389
384	960	384	362	931	389
448	960	384	420	931	388
512	960	384	477	931	388
576	960	384	535	931	388
640	960	384	598	931	388
704	960	384	653	931	387
768	960	384	713	930	387
832	960	384	774	931	387
896	960	384	834	931	386
960	960	384	893	931	386
1023	960	384	952	930	385
0	1023	384	77	992	390
64	1023	384	93	992	390
128	1023	384	136	992	390
192	1023	384	188	992	390
256	1023	384	243	991	390
320	1023	384	301	991	389
384	1023	384	360	991	389
448	1023	384	418	991	388
512	1023	384	476	991	388
576	1023	384	534	991	388
640	1023	384	597	991	388
704	1023	384	652	991	388
768	1023	384	712	991	387
832	1023	384	773	991	386
896	1023	384	833	991	386
960	1023	384	893	991	386
1023	1023	384	952	991	385
0	0	448	85	44	453
64	0	448	103	44	453
128	0	448	143	44	453
192	0	448	195	44	453
256	0	448	251	44	453
320	0	448	309	48	452
384	0	448	368	48	452
448	0	448	427	48	452
512	0	448	484	48	452
576	0	448	542	48	452
640	0	448	604	53	451
704	0	448	658	57	451
768	0	448	717	57	451
832	0	448	778	63	450
896	0	448	837	66	450
960	0	448	896	66	450
1023	0	448	954	72	449
0	64	448	85	75	453
64	64	448	103	75	453
128	64	448	143	75	453
192	64	448	195	75	453
256	64	448	251	75	453
320	64	448	308	75	452
384	64	448	368	75	452
448	64	448	427	75	452
512	64	448	484	77	452
576	64	448	542	77	452
640	64	448	604	77	451
704	64	448	658	80	451
768	64	448	717	85	451
832	64	448	778	85	450
896	64	448	837	89	450
960	64	448	896	89	450
1023	64	448	954	91	449
0	128	448	85	132	454
64	128	448	101	132	454
128	128	448	143	132	453
192	128	448	195	132	453
256	128	448	250	132	453
320	128	448	308	132	452
384	128	448	368	132	452
448	128	448	427	132	452
512	128	448	484	132	452
576	128	448	541	133	452
640	128	448	604	133	451
704	128	448	658	133	451
768	128	448	717	134	451
832	128	448	778	136	450
896	128	448	837	137	450
960	128	448	896	138	450
1023	128	448	954	138	449
0	192	448	85	192	454
64	192	448	101	192	454
128	192	448	143	192	454
192	192	448	195	192	453
256	192	448	250	191	453
320	192	448	308	191	452
384	192	448	367	191	452
448	192	448	426	191	452
512	192	448	483	191	452
576	192	448	541	191	452
640	192	448	603	191	451
704	192	448	658	193	451
768	192	448	717	193	451
832	192	448	777	193	450
896	192	448	837	194	450
960	192	448	896	194	450
1023	192	448	954	195	449
0	256	448	85	254	454
64	256	448	101	254	454
128	256	448	142	254	454
192	256	448	194	253	454
256	256	448	250	253	454
320	256	448	307	252	452
384	256	448	366	252	452
448	256	448	425	252	452
512	256	448	482	252	452
576	256	448	540	253	452
640	256	448	602	252	451
704	256	448	657	253	451
768	256	448	716	253	451
832	256	448	777	253	451
896	256	448	836	253	450
960	256	448	895	254	450
1023	256	448	954	253	449
0	320	448	85	316	452
64	320	448	101	316	452
128	320	448	142	316	452
192	320	448	193	315	452
256	320	448	249	315	451
320	320	448	307	314	451
384	320	448	366	314	451
448	320	448	424	314	450
512	320	448	481	314	450
576	320	448	539	314	450
640	320	448	602	314	450
704	320	448	657	314	449
768	320	448	716	314	449
832	320	448	776	314	449
896	320	448	836	315	448
960	320	448	895	315	448
1023	320	448	953	314	447
0	384	448	85	379	453
64	384	448	101	378	453
128	384	448	142	378	453
192	384	448	193	378	452
256	384	448	249	377	452
320	384	448	307	376	451
384	384	448	366	376	451
448	384	448	424	376	451
512	384	448	481	376	450
576	384	448	539	376	450
640	384	448	602	377	450
704	384	448	656	376	450
768	384	448	715	376	449
832	384	448	776	376	449
896	384	448	836	376	448
960	384	448	895	376	448
1023	384	448	954	376	447
0	448	448	85	440	452
64	448	448	101	440	452
128	448	448	142	439	452
192	448	448	193	439	452
256	448	448	249	438	451
320	448	448	307	438	450
384	448	448	366	437	450
448	448	448	424	437	450
512	448	448	481	437	450
576	448	448	539	437	450
640	448	448	601	437	450
704	448	448	656	437	449
768	448	448	715	437	449
832	448	448	776	437	448
896	448	448	836	437	448
960	448	448	895	437	448
1023	448	448	953	436	447
0	512	448	85	500	451
64	512	448	101	500	451
128	512	448	142	499	451
192	512	448	193	499	451
256	512	448	249	498	451
320	512	448	306	497	451
384	512	448	365	497	450
448	512	448	424	497	450
512	512	448	481	497	450
576	512	448	539	497	450
640	512	448	601	497	450
704	512	448	656	497	449
768	512	448	715	497	449
832	512	448	776	496	448
896	512	448	835	496	448
960	512	448	895	496	447
1023	512	448	953	496	447
0	576	448	85	561	452
64	576	448	101	561	452
128	576	448	142	561	451
192	576	448	193	560	451
256	576	448	249	559	451
320	576	448	306	559	450
384	576	448	366	558	450
448	576	448	424	558	450
512	576	448	481	558	450
576	576	448	538	558	450
640	576	448	601	558	449
704	576	448	656	558	449
768	576	448	715	558	449
832	576	448	775	558	448
896	576	448	835	558	448
960	576	448	895	558	448
1023	576	448	953	557	447
0	640	448	87	624	451
64	640	448	101	624	451
128	640	448	143	624	451
192	640	448	193	623	451
256	640	448	248	623	451
320	640	448	306	622	451
384	640	448	365	622	451
448	640	448	423	622	450
512	640	448	481	622	450
576	640	448	538	622	450
640	640	448	601	622	450
704	640	448	655	622	449
768	640	448	715	622	449
832	640	448	775	621	449
896	640	448	835	621	448
960	640	448	895	621	448
1023	640	448	953	621	447
0	704	448	87	683	452
64	704	448	103	683	452
128	704	448	143	683	452
192	704	448	193	682	452
256	704	448	248	682	452
320	704	448	306	681	451
384	704	448	365	681	450
448	704	448	423	681	450
512	704	448	480	681	450
576	704	448	538	681	450
640	704	448	600	681	450
704	704	448	655	681	449
768	704	448	714	681	449
832	704	448	775	681	449
896	704	448	835	681	448
960	704	448	895	680	448
1023	704	448	953	680	447
0	768	448	87	744	453
64	768	448	103	744	453
128	768	448	142	744	453
192	768	448	193	744	452
256	768	448	248	743	452
320	768	448	305	743	451
384	768	448	364	743	451
448	768	448	423	743	450
512	768	448	480	743	450
576	768	448	538	743	450
640	768	448	600	743	450
704	768	448	655	743	450
768	768	448	714	743	449
832	768	448	775	743	449
896	768	448	835	743	449
960	768	448	894	742	448
1023	768	448	953	742	447
0	832	448	87	809	452
64	832	448	103	808	452
128	832	448	142	808	452
192	832	448	193	808	451
256	832	448	248	808	451
320	832	448	305	807	451
384	832	448	364	807	451
448	832	448	423	807	450
512	832	448	479	807	450
576	832	448	538	807	450
640	832	448	600	807	450
704	832	448	655	807	450
768	832	448	714	807	449
832	832	448	775	807	449
896	832	448	835	807	448
960	832	448	894	807	448
1023	832	448	953	807	447
0	896	448	87	870	451
64	896	448	101	870	451
128	896	448	142	870	451
192	896	448	193	870	451
256	896	448	247	869	451
320	896	448	304	869	450
384	896	448	363	869	450
448	896	448	422	869	450
512	896	448	479	869	450
576	896	448	537	869	450
640	896	448	600	869	449
704	896	448	654	869	449
768	896	448	714	869	449
832	896	448	774	869	448
896	896	448	834	869	448
960	896	448	894	869	448
1023	896	448	953	868	447
0	960	448	89	932	452
64	960	448	101	932	452
128	960	448	143	932	452
192	960	448	193	931	452
256	960	448	247	931	452
320	960	448	305	931	450
384	960	448	363	931	450
448	960	448	421	931	450
512	960	448	478	931	450
576	960	448	536	931	450
640	960	448	599	931	449
704	960	448	654	931	449
768	960	448	713	931	449
832	960	448	774	931	448
896	960	448	835	931	448
960	960	448	894	931	448
1023	960	448	953	931	447
0	1023	448	87	992	452
64	1023	448	103	992	452
128	1023	448	142	992	452
192	1023	448	192	992	451
256	1023	448	246	992	451
320	1023	448	303	992	450
384	1023	448	362	991	450
448	1023	448	420	991	450
512	1023	448	477	991	449
576	1023	448	535	992	449
640	1023	448	598	992	449
704	1023	448	653	992	449
768	1023	448	713	991	448
832	1023	448	774	991	448
896	1023	448	834	991	448
960	1023	448	893	991	447
1023	1023	448	952	991	447
0	0	512	97	53	515
64	0	512	113	53	515
128	0	512	150	53	515
192	0	512	199	53	515
256	0	512	254	53	514
320	0	512	311	53	514
384	0	512	370	53	514
448	0	512	429	53	514
512	0	512	486	57	513
576	0	512	543	57	513
640	0	512	605	60	513
704	0	512	659	60	512
768	0	512	718	66	512
832	0	512	779	66	512
896	0	512	838	69	511
960	0	512	897	75	511
1023	0	512	955	75	511
0	64	512	97	77	515
64	64	512	113	77	515
128	64	512	150	77	515
192	64	512	199	77	515
256	64	512	254	77	514
320	64	512	311	80	514
384	64	512	370	80	514
448	64	512	429	80	514
512	64	512	486	80	513
576	64	512	543	80	513
640	64	512	605	85	513
704	64	512	659	85	512
768	64	512	718	87	512
832	64	512	779	89	512
896	64	512	838	91	511
960	64	512	897	93	511
1023	64	512	955	95	511
0	128	512	97	133	515
64	128	512	111	133	515
128	128	512	150	133	515
192	128	512	199	133	515
256	128	512	254	133	515
320	128	512	311	133	514
384	128	512	370	133	514
448	128	512	428	134	514
512	128	512	485	134	513
576	128	512	543	134	513
640	128	512	605	134	513
704	128	512	659	137	512
768	128	512	718	137	512
832	128	512	779	137	512
896	128	512	838	139	511
960	128	512	897	139	511
1023	128	512	955	142	511
0	192	512	97	193	516
64	192	512	111	193	516
128	192	512	150	193	515
192	192	512	198	193	515
256	192	512	253	193	515
320	192	512	311	193	514
384	192	512	370	193	514
448	192	512	428	192	514
512	192	512	485	192	513
576	192	512	542	193	513
640	192	512	604	193	513
704	192	512	659	193	513
768	192	512	718	193	512
832	192	512	778	194	512
896	192	512	838	195	511
960	192	512	897	196	511
1023	192	512	955	196	511
0	256	512	97	255	516
64	256	512	111	255	516
128	256	512	149	254	516
192	256	512	199	254	516
256	256	512	253	253	515
320	256	512	310	253	514
384	256	512	369	253	514
448	256	512	427	253	514
512	256	512	484	253	514
576	256	512	541	253	513
640	256	512	604	253	513
704	256	512	658	254	513
768	256	512	717	254	512
832	256	512	778	254	512
896	256	512	837	255	512
960	256	512	896	255	511
1023	256	512	955	255	511
0	320	512	97	317	514
64	320	512	111	316	514
128	320	512	149	316	514
192	320	512	198	316	514
256	320	512	252	315	513
320	320	512	309	315	512
384	320	512	368	315	512
448	320	512	426	315	512
512	320	512	483	315	512
576	320	512	540	315	512
640	320	512	603	315	512
704	320	512	658	315	511
768	320	512	716	315	511
832	320	512	777	315	511
896	320	512	837	315	510
960	320	512	896	315	510
1023	320	512	954	315	509
0	384	512	97	379	515
64	384	512	111	379	515
128	384	512	149	379	514
192	384	512	198	378	514
256	384	512	253	378	514
320	384	512	309	377	513
384	384	512	368	377	513
448	384	512	426	377	512
512	384	512	483	377	512
576	384	512	541	377	512
640	384	512	603	377	512
704	384	512	657	377	511
768	384	512	716	377	511
832	384	512	777	377	511
896	384	512	837	377	510
960	384	512	896	377	510
1023	384	512	954	376	509
0	448	512	97	440	514
64	448	512	111	440	514
128	448	512	149	440	514
192	448	512	198	439	514
256	448	512	252	438	513
320	448	512	309	438	512
384	448	512	368	438	512
448	448	512	426	438	512
512	448	512	483	438	512
576	448	512	540	438	512
640	448	512	603	438	511
704	448	512	657	438	511
768	448	512	716	438	511
832	448	512	777	438	510
896	448	512	837	437	510
960	448	512	896	437	510
1023	448	512	954	437	509
0	512	512	97	500	514
64	512	512	111	500	514
128	512	512	149	500	514
192	512	512	198	499	513
256	512	512	252	498	513
320	512	512	309	497	512
384	512	512	368	498	512
448	512	512	426	497	512
512	512	512	482	497	512
576	512	512	540	497	512
640	512	512	603	497	511
704	512	512	657	497	511
768	512	512	716	497	511
832	512	512	777	497	510
896	512	512	837	497	510
960	512	512	896	497	510
1023	512	512	954	496	509
0	576	512	97	561	514
64	576	512	111	561	514
128	576	512	149	561	514
192	576	512	198	560	513
256	576	512	252	560	513
320	576	512	309	559	512
384	576	512	367	559	512
448	576	512	425	559	512
512	576	512	482	559	512
576	576	512	540	559	512
640	576	512	602	559	511
704	576	512	657	559	511
768	576	512	716	559	511
832	576	512	777	558	510
896	576	512	836	558	510
960	576	512	896	558	510
1023	576	512	954	558	509
0	640	512	97	624	514
64	640	512	111	624	514
128	640	512	149	624	514
192	640	512	198	624	513
256	640	512	252	623	513
320	640	512	308	623	512
384	640	512	367	622	512
448	640	512	425	622	512
512	640	512	482	622	512
576	640	512	540	622	511
640	640	512	602	622	511
704	640	512	657	622	511
768	640	512	716	622	511
832	640	512	776	622	510
896	640	512	836	622	510
960	640	512	896	621	510
1023	640	512	954	621	509
0	704	512	99	683	514
64	704	512	111	683	514
128	704	512	149	683	514
192	704	512	198	683	514
256	704	512	252	682	513
320	704	512	308	681	512
384	704	512	367	681	512
448	704	512	425	681	512
512	704	512	482	681	512
576	704	512	539	681	512
640	704	512	602	681	512
704	704	512	656	681	511
768	704	512	716	681	511
832	704	512	776	681	511
896	704	512	836	681	510
960	704	512	896	681	510
1023	704	512	954	680	509
0	768	512	99	745	515
64	768	512	113	745	515
128	768	512	149	744	514
192	768	512	198	744	514
256	768	512	252	744	514
320	768	512	308	743	512
384	768	512	366	743	512
448	768	512	425	743	512
512	768	512	481	743	512
576	768	512	539	743	512
640	768	512	601	743	511
704	768	512	656	743	511
768	768	512	716	743	511
832	768	512	776	743	511
896	768	512	836	743	510
960	768	512	895	742	510
1023	768	512	954	742	509
0	832	512	99	809	514
64	832	512	113	809	514
128	832	512	149	808	513
192	832	512	198	808	513
256	832	512	252	808	513
320	832	512	308	808	512
384	832	512	366	808	512
448	832	512	424	807	511
512	832	512	481	807	511
576	832	512	539	807	511
640	832	512	601	807	511
704	832	512	656	807	511
768	832	512	715	807	511
832	832	512	776	807	510
896	832	512	836	807	510
960	832	512	895	807	510
1023	832	512	954	807	509
0	896	512	97	870	513
64	896	512	111	870	513
128	896	512	149	870	513
192	896	512	198	870	512
256	896	512	250	870	512
320	896	512	307	869	512
384	896	512	365	869	512
448	896	512	423	869	511
512	896	512	480	869	511
576	896	512	538	869	511
640	896	512	601	869	511
704	896	512	655	869	511
768	896	512	715	869	510
832	896	512	776	869	510
896	896	512	835	869	510
960	896	512	895	869	509
1023	896	512	953	869	509
0	960	512	99	932	514
64	960	512	111	932	514
128	960	512	149	932	514
192	960	512	198	932	514
256	960	512	251	932	513
320	960	512	307	931	512
384	960	512	366	931	512
448	960	512	423	931	511
512	960	512	480	931	511
576	960	512	538	931	511
640	960	512	601	931	511
704	960	512	655	931	510
768	960	512	715	931	510
832	960	512	776	931	510
896	960	512	835	931	510
960	960	512	895	931	510
1023	960	512	954	931	509
0	1023	512	99	993	514
64	1023	512	111	993	514
128	1023	512	149	992	513
192	1023	512	196	992	513
256	1023	512	249	992	512
320	1023	512	306	992	511
384	1023	512	364	992	511
448	1023	512	422	992	511
512	1023	512	479	992	511
576	1023	512	537	992	511
640	1023	512	599	992	510
704	1023	512	654	992	510
768	1023	512	714	992	510
832	1023	512	775	992	510
896	1023	512	835	992	509
960	1023	512	894	992	509
1023	1023	512	953	992	508
0	0	576	108	57	581
64	0	576	122	57	581
128	0	576	157	57	581
192	0	576	205	60	580
256	0	576	258	60	580
320	0	576	314	60	580
384	0	576	373	60	580
448	0	576	431	60	579
512	0	576	487	60	579
576	0	576	545	63	579
640	0	576	607	66	579
704	0	576	661	69	578
768	0	576	720	69	578
832	0	576	780	72	578
896	0	576	839	75	578
960	0	576	898	80	577
1023	0	576	956	82	576
0	64	576	108	82	581
64	64	576	122	82	581
128	64	576	157	82	581
192	64	576	205	82	580
256	64	576	258	82	580
320	64	576	314	82	580
384	64	576	373	82	580
448	64	576	431	85	579
512	64	576	487	85	579
576	64	576	544	87	579
640	64	576	607	87	579
704	64	576	661	91	578
768	64	576	720	91	578
832	64	576	780	91	578
896	64	576	839	95	578
960	64	576	898	97	577
1023	64	576	956	99	576
0	128	576	108	136	581
64	128	576	122	136	581
128	128	576	157	136	581
192	128	576	205	136	581
256	128	576	258	136	580
320	128	576	314	136	580
384	128	576	373	136	580
448	128	576	430	136	579
512	128	576	487	136	579
576	128	576	544	137	579
640	128	576	607	137	579
704	128	576	660	138	578
768	128	576	719	139	578
832	128	576	780	141	578
896	128	576	839	141	578
960	128	576	898	143	577
1023	128	576	956	143	576
0	192	576	108	194	581
64	192	576	120	194	581
128	192	576	157	194	581
192	192	576	204	194	581
256	192	576	258	193	581
320	192	576	313	193	580
384	192	576	372	193	580
448	192	576	430	193	580
512	192	576	486	193	579
576	192	576	544	194	579
640	192	576	606	194	579
704	192	576	660	195	578
768	192	576	719	196	578
832	192	576	779	196	578
896	192	576	839	197	578
960	192	576	898	198	577
1023	192	576	956	198	576
0	256	576	108	256	582
64	256	576	120	256	582
128	256	576	156	255	582
192	256	576	204	255	581
256	256	576	257	255	581
320	256	576	313	254	580
384	256	576	372	254	580
448	256	576	429	254	580
512	256	576	485	254	579
576	256	576	543	255	579
640	256	576	605	255	579
704	256	576	659	255	579
768	256	576	718	255	578
832	256	576	779	255	578
896	256	576	838	255	578
960	256	576	897	256	577
1023	256	576	956	256	577
0	320	576	109	317	580
64	320	576	120	317	580
128	320	576	157	317	580
192	320	576	203	317	579
256	320	576	256	316	579
320	320	576	312	315	578
384	320	576	371	315	578
448	320	576	428	316	578
512	320	576	485	316	578
576	320	576	542	316	578
640	320	576	605	316	578
704	320	576	659	316	578
768	320	576	718	316	577
832	320	576	778	316	577
896	320	576	838	316	576
960	320	576	897	316	576
1023	320	576	955	316	575
0	384	576	109	379	580
64	384	576	120	379	580
128	384	576	157	379	580
192	384	576	203	379	580
256	384	576	257	379	580
320	384	576	313	378	578
384	384	576	371	378	578
448	384	576	428	378	578
512	384	576	485	378	578
576	384	576	542	378	578
640	384	576	605	378	578
704	384	576	659	378	578
768	384	576	718	378	577
832	384	576	778	378	577
896	384	576	838	378	576
960	384	576	897	378	576
1023	384	576	955	378	575
0	448	576	109	441	580
64	448	576	122	441	580
128	448	576	157	440	580
192	448	576	203	440	580
256	448	576	256	439	579
320	448	576	313	438	578
384	448	576	371	438	578
448	448	576	428	438	578
512	448	576	485	438	578
576	448	576	542	438	578
640	448	576	605	438	578
704	448	576	659	438	577
768	448	576	718	438	577
832	448	576	778	438	577
896	448	576	838	438	576
960	448	576	897	438	576
1023	448	576	955	438	575
0	512	576	109	501	580
64	512	576	122	500	580
128	512	576	157	500	580
192	512	576	204	500	579
256	512	576	256	499	579
320	512	576	312	498	578
384	512	576	370	498	578
448	512	576	428	498	578
512	512	576	485	498	578
576	512	576	542	498	578
640	512	576	604	498	577
704	512	576	658	498	577
768	512	576	717	498	577
832	512	576	778	497	576
896	512	576	838	498	576
960	512	576	897	497	576
1023	512	576	955	497	575
0	576	576	109	562	579
64	576	576	122	562	579
128	576	576	157	561	579
192	576	576	204	561	579
256	576	576	256	560	579
320	576	576	312	560	578
384	576	576	370	560	578
448	576	576	428	559	578
512	576	576	484	560	578
576	576	576	542	560	578
640	576	576	604	559	578
704	576	576	658	559	577
768	576	576	717	559	577
832	576	576	778	559	576
896	576	576	838	559	576
960	576	576	897	559	576
1023	576	576	955	558	575
0	640	576	109	625	580
64	640	576	122	625	580
128	640	576	157	624	580
192	640	576	204	624	579
256	640	576	256	624	579
320	640	576	312	623	578
384	640	576	370	623	578
448	640	576	428	623	578
512	640	576	484	623	578
576	640	576	541	623	578
640	640	576	604	623	577
704	640	576	658	623	577
768	640	576	717	623	577
832	640	576	778	622	577
896	640	576	838	622	576
960	640	576	897	622	576
1023	640	576	955	622	575
0	704	576	109	684	580
64	704	576	122	684	580
128	704	576	156	683	580
192	704	576	203	683	579
256	704	576	255	683	579
320	704	576	311	682	578
384	704	576	369	682	578
448	704	576	427	682	578
512	704	576	483	682	578
576	704	576	541	682	578
640	704	576	603	682	578
704	704	576	658	682	578
768	704	576	717	682	577
832	704	576	778	682	577
896	704	576	837	681	576
960	704	576	897	681	576
1023	704	576	955	681	575
0	768	576	109	745	580
64	768	576	122	745	580
128	768	576	156	745	580
192	768	576	203	745	580
256	768	576	256	744	580
320	768	576	311	744	578
384	768	576	370	744	578
448	768	576	427	744	578
512	768	576	483	744	578
576	768	576	540	743	578
640	768	576	603	743	577
704	768	576	658	743	577
768	768	576	717	743	577
832	768	576	777	743	577
896	768	576	837	743	576
960	768	576	896	743	576
1023	768	576	955	742	575
0	832	576	111	809	580
64	832	576	120	809	579
128	832	576	157	809	579
192	832	576	202	809	579
256	832	576	255	808	579
320	832	576	311	808	578
384	832	576	369	808	578
448	832	576	426	808	578
512	832	576	483	808	578
576	832	576	540	808	577
640	832	576	603	808	577
704	832	576	657	808	577
768	832	576	716	808	577
832	832	576	777	808	576
896	832	576	837	808	576
960	832	576	896	807	575
1023	832	576	955	807	575
0	896	576	109	871	579
64	896	576	122	871	579
128	896	576	156	871	579
192	896	576	202	870	579
256	896	576	254	870	578
320	896	576	310	870	578
384	896	576	368	870	578
448	896	576	425	870	578
512	896	576	482	870	577
576	896	576	539	870	577
640	896	576	602	870	577
704	896	576	656	870	577
768	896	576	716	870	576
832	896	576	777	870	576
896	896	576	837	870	576
960	896	576	896	870	575
1023	896	576	955	869	575
0	960	576	109	932	580
64	960	576	122	932	580
128	960	576	157	932	580
192	960	576	202	932	579
256	960	576	255	932	579
320	960	576	310	932	578
384	960	576	368	932	578
448	960	576	426	932	578
512	960	576	482	932	578
576	960	576	539	932	577
640	960	576	602	932	577
704	960	576	657	932	577
768	960	576	716	932	577
832	960	576	777	932	576
896	960	576	837	932	576
960	960	576	896	932	575
1023	960	576	955	931	575
0	1023	576	109	993	579
64	1023	576	122	993	579
128	1023	576	156	993	579
192	1023	576	202	993	579
256	1023	576	253	992	579
320	1023	576	308	992	578
384	1023	576	366	992	577
448	1023	576	424	992	577
512	1023	576	480	992	577
576	1023	576	538	992	577
640	1023	576	601	992	577
704	1023	576	655	992	576
768	1023	576	715	992	576
832	1023	576	776	992	576
896	1023	576	836	992	575
960	1023	576	895	992	575
1023	1023	576	954	992	574
0	0	640	122	63	643
64	0	640	133	63	643
128	0	640	165	63	643
192	0	640	211	63	643
256	0	640	262	66	642
320	0	640	318	66	642
384	0	640	376	66	642
448	0	640	433	66	642
512	0	640	489	69	642
576	0	640	546	69	641
640	0	640	609	72	641
704	0	640	662	75	641
768	0	640	721	75	641
832	0	640	781	80	641
896	0	640	840	82	640
960	0	640	899	85	640
1023	0	640	957	87	639
0	64	640	122	89	643
64	64	640	133	87	643
128	64	640	165	87	643
192	64	640	211	87	643
256	64	640	262	87	643
320	64	640	318	87	642
384	64	640	376	87	642
448	64	640	433	89	642
512	64	640	489	91	642
576	64	640	546	91	641
640	64	640	608	91	641
704	64	640	662	95	641
768	64	640	721	97	641
832	64	640	781	97	641
896	64	640	840	101	640
960	64	640	899	101	640
1023	64	640	957	104	639
0	128	640	120	138	643
64	128	640	133	138	643
128	128	640	165	138	643
192	128	640	210	138	643
256	128	640	262	138	643
320	128	640	317	138	642
384	128	640	375	138	642
448	128	640	432	138	642
512	128	640	489	138	642
576	128	640	546	139	641
640	128	640	608	141	641
704	128	640	662	141	641
768	128	640	721	143	641
832	128	640	781	143	641
896	128	640	840	144	640
960	128	640	899	145	640
1023	128	640	957	145	639
0	192	640	120	196	643
64	192	640	132	196	643
128	192	640	165	196	643
192	192	640	210	195	643
256	192	640	262	195	643
320	192	640	317	194	642
384	192	640	375	195	642
448	192	640	432	195	642
512	192	640	488	196	642
576	192	640	545	196	642
640	192	640	608	196	641
704	192	640	662	197	641
768	192	640	720	198	641
832	192	640	781	198	641
896	192	640	840	199	640
960	192	640	899	199	640
1023	192	640	957	200	639
0	256	640	120	256	644
64	256	640	132	256	644
128	256	640	164	256	644
192	256	640	209	256	644
256	256	640	261	255	643
320	256	640	316	255	642
384	256	640	374	255	642
448	256	640	431	255	642
512	256	640	487	255	642
576	256	640	544	255	642
640	256	640	607	256	641
704	256	640	661	256	641
768	256	640	720	256	641
832	256	640	780	256	641
896	256	640	839	256	640
960	256	640	898	257	640
1023	256	640	957	257	639
0	320	640	120	318	641
64	320	640	132	318	641
128	320	640	164	317	641
192	320	640	209	317	641
256	320	640	261	317	641
320	320	640	316	316	640
384	320	640	373	316	640
448	320	640	430	317	640
512	320	640	486	316	640
576	320	640	544	316	640
640	320	640	606	316	640
704	320	640	660	317	640
768	320	640	719	317	639
832	320	640	780	317	639
896	320	640	839	317	639
960	320	640	898	317	638
1023	320	640	956	317	638
0	384	640	120	380	642
64	384	640	132	380	642
128	384	640	164	380	642
192	384	640	209	379	642
256	384	640	261	379	642
320	384	640	316	379	641
384	384	640	373	378	641
448	384	640	431	378	640
512	384	640	487	378	640
576	384	640	544	378	640
640	384	640	606	379	640
704	384	640	660	379	640
768	384	640	719	378	640
832	384	640	780	379	639
896	384	640	839	379	639
960	384	640	898	378	638
1023	384	640	957	378	638
0	448	640	120	441	642
64	448	640	132	441	642
128	448	640	164	441	642
192	448	640	209	440	641
256	448	640	261	440	641
320	448	640	316	439	641
384	448	640	373	439	640
448	448	640	431	439	640
512	448	640	486	439	640
576	448	640	544	439	640
640	448	640	606	439	640
704	448	640	660	439	640
768	448	640	719	439	639
832	448	640	780	438	639
896	448	640	839	439	639
960	448	640	898	438	638
1023	448	640	957	438	638
0	512	640	120	501	641
64	512	640	132	501	641
128	512	640	164	501	641
192	512	640	209	500	641
256	512	640	261	499	641
320	512	640	316	499	640
384	512	640	373	498	640
448	512	640	430	498	640
512	512	640	486	498	640
576	512	640	544	498	640
640	512	640	606	498	640
704	512	640	660	498	639
768	512	640	719	498	639
832	512	640	779	498	639
896	512	640	839	498	639
960	512	640	898	498	638
1023	512	640	956	497	638
0	576	640	122	562	641
64	576	640	132	562	641
128	576	640	165	562	641
192	576	640	209	561	641
256	576	640	261	561	641
320	576	640	316	560	640
384	576	640	373	560	640
448	576	640	430	560	640
512	576	640	486	560	640
576	576	640	543	560	640
640	576	640	606	560	640
704	576	640	660	560	639
768	576	640	719	560	639
832	576	640	779	560	639
896	576	640	839	560	639
960	576	640	898	559	638
1023	576	640	956	559	638
0	640	640	122	625	641
64	640	640	133	625	641
128	640	640	165	625	641
192	640	640	209	625	641
256	640	640	261	624	641
320	640	640	316	623	640
384	640	640	373	623	640
448	640	640	430	623	640
512	640	640	486	623	640
576	640	640	543	623	640
640	640	640	606	623	640
704	640	640	660	623	639
768	640	640	719	623	639
832	640	640	780	623	639
896	640	640	839	623	639
960	640	640	898	623	638
1023	640	640	956	622	638
0	704	640	122	684	642
64	704	640	133	684	642
128	704	640	164	684	642
192	704	640	209	684	642
256	704	640	260	683	641
320	704	640	315	683	640
384	704	640	373	682	640
448	704	640	430	682	640
512	704	640	486	682	640
576	704	640	543	682	640
640	704	640	605	682	640
704	704	640	659	682	639
768	704	640	718	682	639
832	704	640	779	682	639
896	704	640	839	682	639
960	704	640	898	682	638
1023	704	640	956	681	638
0	768	640	122	746	642
64	768	640	132	746	642
128	768	640	164	745	642
192	768	640	209	745	642
256	768	640	259	745	642
320	768	640	315	744	641
384	768	640	372	744	641
448	768	640	429	744	640
512	768	640	485	744	640
576	768	640	543	744	640
640	768	640	605	744	640
704	768	640	659	744	640
768	768	640	718	744	639
832	768	640	779	744	639
896	768	640	839	744	639
960	768	640	898	744	638
1023	768	640	956	743	638
0	832	640	120	810	641
64	832	640	132	810	641
128	832	640	164	809	641
192	832	640	209	809	641
256	832	640	260	809	641
320	832	640	314	808	640
384	832	640	372	808	640
448	832	640	429	808	640
512	832	640	485	808	640
576	832	640	542	808	639
640	832	640	604	808	639
704	832	640	659	808	639
768	832	640	718	808	639
832	832	640	779	808	639
896	832	640	838	808	638
960	832	640	897	808	638
1023	832	640	956	807	637
0	896	640	122	871	640
64	896	640	132	871	640
128	896	640	163	871	640
192	896	640	208	871	640
256	896	640	259	870	640
320	896	640	313	870	640
384	896	640	371	870	640
448	896	640	428	870	639
512	896	640	484	870	639
576	896	640	541	870	639
640	896	640	604	870	639
704	896	640	658	870	639
768	896	640	717	870	639
832	896	640	778	870	638
896	896	640	838	870	638
960	896	640	897	870	638
1023	896	640	956	870	637
0	960	640	122	933	641
64	960	640	133	933	641
128	960	640	164	933	641
192	960	640	209	933	641
256	960	640	259	932	641
320	960	640	314	932	640
384	960	640	371	932	640
448	960	640	428	932	639
512	960	640	484	932	639
576	960	640	541	932	639
640	960	640	604	932	639
704	960	640	658	932	639
768	960	640	717	932	639
832	960	640	778	932	638
896	960	640	838	932	638
960	960	640	897	932	638
1023	960	640	956	932	637
0	1023	640	122	993	641
64	1023	640	132	993	641
128	1023	640	163	993	641
192	1023	640	207	993	641
256	1023	640	257	993	640
320	1023	640	312	993	639
384	1023	640	369	993	639
448	1023	640	426	993	639
512	1023	640	483	993	639
576	1023	640	540	993	639
640	1023	640	603	993	638
704	1023	640	657	993	638
768	1023	640	716	993	638
832	1023	640	777	993	638
896	1023	640	837	992	637
960	1023	640	897	993	637
1023	1023	640	955	992	637
0	0	704	134	72	704
64	0	704	144	72	704
128	0	704	174	72	704
192	0	704	217	72	704
256	0	704	267	72	703
320	0	704	322	72	703
384	0	704	379	72	703
448	0	704	435	75	703
512	0	704	491	75	702
576	0	704	548	77	702
640	0	704	610	80	702
704	0	704	664	80	702
768	0	704	722	82	703
832	0	704	783	85	703
896	0	704	842	87	703
960	0	704	900	91	702
1023	0	704	958	91	702
0	64	704	134	93	704
64	64	704	144	93	704
128	64	704	174	93	704
192	64	704	217	93	704
256	64	704	267	93	703
320	64	704	322	93	703
384	64	704	379	95	703
448	64	704	435	95	703
512	64	704	491	95	702
576	64	704	548	97	702
640	64	704	610	97	702
704	64	704	664	99	702
768	64	704	722	101	703
832	64	704	783	101	703
896	64	704	842	104	703
960	64	704	900	106	702
1023	64	704	958	108	702
0	128	704	134	142	704
64	128	704	144	141	704
128	128	704	174	141	704
192	128	704	216	141	704
256	128	704	267	141	703
320	128	704	322	141	703
384	128	704	379	141	703
448	128	704	435	141	703
512	128	704	491	142	702
576	128	704	548	143	702
640	128	704	610	143	702
704	128	704	663	144	702
768	128	704	722	145	702
832	128	704	783	145	703
896	128	704	842	148	703
960	128	704	900	148	702
1023	128	704	958	149	702
0	192	704	133	198	704
64	192	704	143	198	704
128	192	704	174	198	704
192	192	704	216	198	704
256	192	704	267	197	703
320	192	704	321	198	703
384	192	704	378	198	703
448	192	704	435	198	703
512	192	704	491	198	702
576	192	704	547	198	702
640	192	704	610	198	702
704	192	704	663	199	702
768	192	704	722	199	702
832	192	704	782	200	703
896	192	704	841	201	703
960	192	704	900	201	703
1023	192	704	958	202	702
0	256	704	133	258	704
64	256	704	143	258	704
128	256	704	173	258	704
192	256	704	216	258	704
256	256	704	266	257	703
320	256	704	321	256	703
384	256	704	378	256	703
448	256	704	434	256	703
512	256	704	490	257	702
576	256	704	547	257	703
640	256	704	609	257	702
704	256	704	662	257	702
768	256	704	721	258	702
832	256	704	782	258	703
896	256	704	841	259	703
960	256	704	900	258	703
1023	256	704	958	258	702
0	320	704	133	319	704
64	320	704	143	319	704
128	320	704	173	319	704
192	320	704	216	318	704
256	320	704	266	317	703
320	320	704	320	317	703
384	320	704	377	317	703
448	320	704	433	317	702
512	320	704	489	317	702
576	320	704	546	317	702
640	320	704	608	317	702
704	320	704	662	318	702
768	320	704	721	318	702
832	320	704	781	317	702
896	320	704	841	318	701
960	320	704	899	318	701
1023	320	704	958	318	700
0	384	704	133	381	704
64	384	704	143	381	704
128	384	704	173	381	704
192	384	704	216	381	704
256	384	704	266	380	703
320	384	704	320	379	703
384	384	704	377	379	703
448	384	704	433	379	702
512	384	704	489	379	702
576	384	704	546	379	702
640	384	704	608	379	702
704	384	704	662	379	702
768	384	704	721	379	702
832	384	704	781	379	701
896	384	704	841	379	701
960	384	704	899	379	701
1023	384	704	958	379	700
0	448	704	133	442	704
64	448	704	143	442	704
128	448	704	173	441	704
192	448	704	216	441	703
256	448	704	266	440	703
320	448	704	320	440	703
384	448	704	377	440	702
448	448	704	433	440	702
512	448	704	489	439	702
576	448	704	546	439	702
640	448	704	608	439	702
704	448	704	662	439	702
768	448	704	721	439	702
832	448	704	781	439	701
896	448	704	840	439	701
960	448	704	899	439	700
1023	448	704	958	439	700
0	512	704	133	501	704
64	512	704	143	501	704
128	512	704	173	501	704
192	512	704	216	500	703
256	512	704	266	500	703
320	512	704	320	499	702
384	512	704	376	499	702
448	512	704	433	499	702
512	512	704	488	499	702
576	512	704	546	499	702
640	512	704	608	499	702
704	512	704	662	499	702
768	512	704	720	499	701
832	512	704	781	498	701
896	512	704	840	499	701
960	512	704	899	498	700
1023	512	704	958	498	700
0	576	704	133	562	704
64	576	704	143	562	704
128	576	704	173	562	703
192	576	704	216	562	703
256	576	704	265	561	703
320	576	704	320	561	702
384	576	704	376	561	702
448	576	704	433	561	702
512	576	704	488	561	702
576	576	704	546	560	702
640	576	704	607	560	702
704	576	704	661	560	701
768	576	704	720	560	701
832	576	704	781	560	701
896	576	704	840	560	701
960	576	704	899	560	700
1023	576	704	958	559	700
0	640	704	133	625	704
64	640	704	143	625	704
128	640	704	173	625	704
192	640	704	215	625	703
256	640	704	266	624	703
320	640	704	319	624	702
384	640	704	376	623	702
448	640	704	432	624	702
512	640	704	488	623	702
576	640	704	546	623	702
640	640	704	607	623	702
704	640	704	661	623	701
768	640	704	720	623	701
832	640	704	781	623	701
896	640	704	840	623	700
960	640	704	899	623	700
1023	640	704	957	622	700
0	704	704	133	684	704
64	704	704	142	684	704
128	704	704	173	684	704
192	704	704	215	684	703
256	704	704	265	683	703
320	704	704	319	683	702
384	704	704	376	683	702
448	704	704	432	683	702
512	704	704	488	683	702
576	704	704	545	683	702
640	704	704	607	682	702
704	704	704	661	682	702
768	704	704	720	682	701
832	704	704	780	682	701
896	704	704	840	682	701
960	704	704	899	682	701
1023	704	704	957	681	700
0	768	704	133	746	704
64	768	704	143	746	704
128	768	704	173	746	704
192	768	704	215	745	703
256	768	704	265	745	703
320	768	704	319	744	702
384	768	704	375	744	702
448	768	704	432	744	702
512	768	704	488	744	702
576	768	704	545	744	702
640	768	704	607	744	702
704	768	704	661	744	701
768	768	704	720	744	701
832	768	704	780	744	701
896	768	704	840	744	701
960	768	704	899	744	700
1023	768	704	957	744	700
0	832	704	133	810	704
64	832	704	143	810	704
128	832	704	173	810	703
192	832	704	215	809	703
256	832	704	265	809	703
320	832	704	319	809	702
384	832	704	375	809	702
448	832	704	431	809	702
512	832	704	487	809	702
576	832	704	545	808	702
640	832	704	607	808	701
704	832	704	660	808	701
768	832	704	720	809	701
832	832	704	780	808	701
896	832	704	840	809	701
960	832	704	899	808	700
1023	832	704	957	808	700
0	896	704	133	871	703
64	896	704	143	871	703
128	896	704	172	871	703
192	896	704	215	871	702
256	896	704	263	871	702
320	896	704	317	871	702
384	896	704	374	870	701
448	896	704	431	871	701
512	896	704	486	871	702
576	896	704	544	871	701
640	896	704	606	871	701
704	896	704	660	871	701
768	896	704	719	871	701
832	896	704	780	870	700
896	896	704	839	871	700
960	896	704	898	870	700
1023	896	704	957	870	699
0	960	704	133	933	703
64	960	704	143	933	703
128	960	704	172	933	703
192	960	704	215	933	703
256	960	704	264	932	702
320	960	704	317	932	702
384	960	704	375	932	702
448	960	704	431	932	702
512	960	704	486	932	702
576	960	704	544	932	701
640	960	704	606	932	701
704	960	704	660	932	701
768	960	704	719	932	701
832	960	704	780	932	700
896	960	704	839	932	700
960	960	704	898	932	700
1023	960	704	957	932	699
0	1023	704	133	994	702
64	1023	704	143	994	702
128	1023	704	172	993	702
192	1023	704	213	993	702
256	1023	704	262	993	702
320	1023	704	317	993	701
384	1023	704	373	993	701
448	1023	704	429	993	701
512	1023	704	485	993	701
576	1023	704	542	993	701
640	1023	704	605	993	700
704	1023	704	659	993	700
768	1023	704	718	993	700
832	1023	704	779	993	700
896	1023	704	839	993	700
960	1023	704	898	993	699
1023	1023	704	956	993	698
0	0	768	145	80	769
64	0	768	155	80	769
128	0	768	182	80	769
192	0	768	224	80	769
256	0	768	272	80	768
320	0	768	326	80	768
384	0	768	382	80	768
448	0	768	438	82	768
512	0	768	494	85	768
576	0	768	551	85	768
640	0	768	612	85	768
704	0	768	666	89	767
768	0	768	724	89	767
832	0	768	784	91	767
896	0	768	843	95	767
960	0	768	902	95	766
1023	0	768	960	99	766
0	64	768	145	99	769
64	64	768	155	99	769
128	64	768	182	99	769
192	64	768	223	99	769
256	64	768	272	99	768
320	64	768	326	99	768
384	64	768	382	99	768
448	64	768	438	99	768
512	64	768	493	101	768
576	64	768	551	103	768
640	64	768	612	103	768
704	64	768	665	104	767
768	64	768	724	104	767
832	64	768	784	108	767
896	64	768	843	108	767
960	64	768	902	111	766
1023	64	768	960	113	766
0	128	768	144	144	769
64	128	768	155	144	769
128	128	768	182	144	769
192	128	768	223	144	769
256	128	768	272	144	769
320	128	768	326	145	768
384	128	768	382	145	768
448	128	768	438	145	768
512	128	768	493	145	768
576	128	768	550	145	768
640	128	768	612	147	768
704	128	768	665	148	767
768	128	768	724	148	767
832	128	768	784	150	767
896	128	768	843	150	767
960	128	768	902	151	766
1023	128	768	959	152	766
0	192	768	144	200	769
64	192	768	153	200	769
128	192	768	181	200	769
192	192	768	223	200	769
256	192	768	272	199	769
320	192	768	325	199	768
384	192	768	381	199	768
448	192	768	437	199	768
512	192	768	492	200	768
576	192	768	550	201	768
640	192	768	611	201	768
704	192	768	665	201	767
768	192	768	723	202	767
832	192	768	784	202	767
896	192	768	843	202	767
960	192	768	901	203	766
1023	192	768	959	203	766
0	256	768	144	259	769
64	256	768	153	259	769
128	256	768	181	259	769
192	256	768	223	259	769
256	256	768	271	258	769
320	256	768	324	258	768
384	256	768	381	258	768
448	256	768	436	258	768
512	256	768	492	258	768
576	256	768	549	258	768
640	256	768	610	259	768
704	256	768	664	259	767
768	256	768	723	259	767
832	256	768	783	259	767
896	256	768	842	259	767
960	256	768	901	260	767
1023	256	768	959	260	766
0	320	768	145	320	768
64	320	768	153	320	768
128	320	768	181	320	768
192	320	768	222	320	768
256	320	768	271	319	768
320	320	768	324	318	767
384	320	768	381	318	767
448	320	768	436	318	767
512	320	768	491	318	767
576	320	768	548	319	767
640	320	768	610	319	767
704	320	768	664	319	767
768	320	768	722	319	767
832	320	768	783	319	766
896	320	768	842	319	766
960	320	768	901	319	766
1023	320	768	959	319	765
0	384	768	145	382	768
64	384	768	153	382	768
128	384	768	182	382	768
192	384	768	223	381	768
256	384	768	271	381	768
320	384	768	324	380	767
384	384	768	381	380	767
448	384	768	436	380	767
512	384	768	491	380	767
576	384	768	548	380	767
640	384	768	610	380	767
704	384	768	664	380	767
768	384	768	722	380	767
832	384	768	783	380	766
896	384	768	842	380	766
960	384	768	901	380	766
1023	384	768	959	380	765
0	448	768	145	442	768
64	448	768	153	442	768
128	448	768	182	442	768
192	448	768	223	442	768
256	448	768	271	441	768
320	448	768	325	440	767
384	448	768	381	440	767
448	448	768	436	440	767
512	448	768	491	440	767
576	448	768	548	440	767
640	448	768	610	440	767
704	448	768	663	440	766
768	448	768	722	440	766
832	448	768	783	440	766
896	448	768	842	440	766
960	448	768	901	440	765
1023	448	768	959	439	765
0	512	768	145	501	768
64	512	768	155	501	768
128	512	768	182	501	768
192	512	768	223	501	768
256	512	768	271	500	767
320	512	768	324	500	767
384	512	768	380	500	767
448	512	768	436	499	767
512	512	768	491	499	767
576	512	768	548	499	767
640	512	768	610	500	767
704	512	768	663	499	766
768	512	768	722	499	766
832	512	768	783	499	766
896	512	768	842	499	766
960	512	768	901	499	765
1023	512	768	959	498	765
0	576	768	145	563	768
64	576	768	155	563	768
128	576	768	181	563	768
192	576	768	223	562	768
256	576	768	271	561	767
320	576	768	324	561	767
384	576	768	380	561	767
448	576	768	435	561	767
512	576	768	491	561	767
576	576	768	548	561	767
640	576	768	609	561	767
704	576	768	663	561	766
768	576	768	722	561	766
832	576	768	782	561	766
896	576	768	842	561	766
960	576	768	900	560	765
1023	576	768	959	560	765
0	640	768	145	625	768
64	640	768	153	626	768
128	640	768	181	625	768
192	640	768	223	625	768
256	640	768	270	624	767
320	640	768	324	624	767
384	640	768	380	624	767
448	640	768	435	624	767
512	640	768	491	624	767
576	640	768	548	624	767
640	640	768	609	624	766
704	640	768	663	624	766
768	640	768	722	624	766
832	640	768	782	624	766
896	640	768	841	623	766
960	640	768	900	623	766
1023	640	768	959	623	765
0	704	768	144	685	768
64	704	768	153	684	768
128	704	768	181	684	768
192	704	768	222	684	768
256	704	768	270	683	768
320	704	768	323	683	767
384	704	768	379	683	767
448	704	768	435	683	767
512	704	768	490	683	767
576	704	768	547	683	767
640	704	768	609	683	767
704	704	768	663	683	767
768	704	768	721	683	766
832	704	768	782	683	766
896	704	768	841	683	766
960	704	768	900	682	766
1023	704	768	958	682	765
0	768	768	144	746	768
64	768	768	153	746	768
128	768	768	181	746	768
192	768	768	222	745	768
256	768	768	270	745	768
320	768	768	323	745	767
384	768	768	379	745	767
448	768	768	434	745	767
512	768	768	490	744	767
576	768	768	547	744	767
640	768	768	609	745	767
704	768	768	662	744	766
768	768	768	721	744	766
832	768	768	782	745	766
896	768	768	841	744	766
960	768	768	900	744	765
1023	768	768	959	744	765
0	832	768	145	810	768
64	832	768	153	810	768
128	832	768	181	810	768
192	832	768	222	810	768
256	832	768	270	810	768
320	832	768	323	809	767
384	832	768	379	809	767
448	832	768	434	809	767
512	832	768	490	809	767
576	832	768	547	809	767
640	832	768	609	809	767
704	832	768	662	809	766
768	832	768	721	809	766
832	832	768	782	809	766
896	832	768	841	809	766
960	832	768	900	809	766
1023	832	768	959	808	765
0	896	768	145	872	768
64	896	768	153	872	768
128	896	768	181	872	768
192	896	768	221	872	767
256	896	768	269	871	767
320	896	768	322	871	767
384	896	768	378	871	767
448	896	768	434	871	767
512	896	768	489	871	767
576	896	768	546	871	767
640	896	768	608	871	767
704	896	768	662	871	767
768	896	768	721	871	766
832	896	768	782	871	766
896	896	768	841	871	766
960	896	768	900	871	765
1023	896	768	958	871	765
0	960	768	145	934	768
64	960	768	153	934	768
128	960	768	181	934	768
192	960	768	221	933	768
256	960	768	269	933	768
320	960	768	322	933	767
384	960	768	378	933	767
448	960	768	433	933	767
512	960	768	489	933	767
576	960	768	546	933	767
640	960	768	608	933	767
704	960	768	662	933	766
768	960	768	720	933	766
832	960	768	781	933	766
896	960	768	841	933	766
960	960	768	900	933	765
1023	960	768	958	933	765
0	1023	768	144	994	767
64	1023	768	152	994	767
128	1023	768	179	994	767
192	1023	768	220	994	767
256	1023	768	267	993	767
320	1023	768	320	993	766
384	1023	768	376	993	766
448	1023	768	432	993	766
512	1023	768	487	993	766
576	1023	768	545	993	766
640	1023	768	606	993	766
704	1023	768	660	993	766
768	1023	768	720	993	766
832	1023	768	780	993	765
896	1023	768	840	993	765
960	1023	768	899	993	764
1023	1023	768	958	993	764
0	0	832	158	87	833
64	0	832	166	87	833
128	0	832	192	87	833
192	0	832	231	87	833
256	0	832	278	87	833
320	0	832	331	87	833
384	0	832	386	87	832
448	0	832	441	87	832
512	0	832	496	89	832
576	0	832	553	91	832
640	0	832	614	91	832
704	0	832	667	93	832
768	0	832	726	95	832
832	0	832	786	97	832
896	0	832	845	99	832
960	0	832	903	101	831
1023	0	832	961	103	831
0	64	832	157	103	834
64	64	832	166	103	833
128	64	832	192	103	833
192	64	832	231	103	833
256	64	832	278	103	833
320	64	832	331	104	833
384	64	832	386	104	832
448	64	832	441	104	832
512	64	832	496	106	832
576	64	832	553	106	832
640	64	832	614	108	832
704	64	832	667	109	832
768	64	832	726	109	832
832	64	832	786	113	832
896	64	832	845	114	832
960	64	832	903	114	831
1023	64	832	961	117	831
0	128	832	157	148	834
64	128	832	165	148	833
128	128	832	192	148	833
192	128	832	231	148	833
256	128	832	277	148	833
320	128	832	331	148	833
384	128	832	386	147	832
448	128	832	441	149	832
512	128	832	496	149	832
576	128	832	553	149	832
640	128	832	613	149	832
704	128	832	667	151	832
768	128	832	725	151	832
832	128	832	786	152	832
896	128	832	845	153	832
960	128	832	903	155	831
1023	128	832	961	156	831
0	192	832	157	202	834
64	192	832	165	202	834
128	192	832	191	202	833
192	192	832	230	202	833
256	192	832	277	202	833
320	192	832	330	202	833
384	192	832	385	202	832
448	192	832	440	202	832
512	192	832	495	202	832
576	192	832	552	202	832
640	192	832	613	202	832
704	192	832	667	203	832
768	192	832	725	203	832
832	192	832	785	204	832
896	192	832	844	205	832
960	192	832	903	206	831
1023	192	832	961	206	831
0	256	832	157	261	834
64	256	832	165	261	834
128	256	832	191	261	833
192	256	832	230	260	833
256	256	832	276	259	833
320	256	832	329	259	833
384	256	832	385	259	832
448	256	832	439	259	832
512	256	832	494	259	832
576	256	832	551	259	832
640	256	832	612	259	832
704	256	832	666	261	832
768	256	832	724	261	832
832	256	832	785	261	832
896	256	832	844	261	832
960	256	832	902	261	831
1023	256	832	960	262	831
0	320	832	157	321	833
64	320	832	165	321	833
128	320	832	190	321	833
192	320	832	230	320	833
256	320	832	276	319	832
320	320	832	329	320	832
384	320	832	384	319	832
448	320	832	439	319	832
512	320	832	494	319	832
576	320	832	551	319	832
640	320	832	611	320	832
704	320	832	665	320	832
768	320	832	724	320	832
832	320	832	785	320	831
896	320	832	843	320	831
960	320	832	902	320	831
1023	320	832	960	320	831
0	384	832	157	382	833
64	384	832	165	382	833
128	384	832	190	382	833
192	384	832	230	382	833
256	384	832	276	381	832
320	384	832	329	381	832
384	384	832	384	381	832
448	384	832	439	381	832
512	384	832	494	380	832
576	384	832	551	381	832
640	384	832	611	381	832
704	384	832	666	381	832
768	384	832	724	381	832
832	384	832	785	381	831
896	384	832	843	381	831
960	384	832	902	381	831
1023	384	832	960	380	831
0	448	832	157	443	833
64	448	832	165	442	833
128	448	832	190	442	833
192	448	832	230	442	833
256	448	832	277	441	832
320	448	832	329	441	832
384	448	832	384	441	832
448	448	832	439	441	832
512	448	832	494	440	832
576	448	832	551	440	832
640	448	832	611	441	832
704	448	832	665	441	832
768	448	832	724	440	832
832	448	832	785	441	832
896	448	832	843	440	831
960	448	832	902	440	831
1023	448	832	960	440	831
0	512	832	157	502	833
64	512	832	165	502	833
128	512	832	190	501	833
192	512	832	230	501	833
256	512	832	277	500	832
320	512	832	329	500	832
384	512	832	384	500	832
448	512	832	438	500	832
512	512	832	494	500	832
576	512	832	551	500	832
640	512	832	611	500	832
704	512	832	665	500	832
768	512	832	724	500	831
832	512	832	784	500	831
896	512	832	843	500	831
960	512	832	902	499	831
1023	512	832	960	499	830
0	576	832	158	563	833
64	576	832	164	563	833
128	576	832	191	563	833
192	576	832	230	562	833
256	576	832	276	562	832
320	576	832	328	561	832
384	576	832	384	561	832
448	576	832	438	561	832
512	576	832	494	561	832
576	576	832	551	561	832
640	576	832	611	561	832
704	576	832	665	561	832
768	576	832	724	561	831
832	576	832	784	561	831
896	576	832	843	561	831
960	576	832	902	561	831
1023	576	832	960	560	830
0	640	832	157	626	833
64	640	832	165	626	833
128	640	832	191	626	833
192	640	832	230	625	833
256	640	832	276	625	832
320	640	832	329	624	832
384	640	832	384	624	832
448	640	832	438	624	832
512	640	832	494	624	832
576	640	832	550	624	832
640	640	832	611	624	832
704	640	832	665	624	832
768	640	832	724	624	832
832	640	832	784	624	831
896	640	832	843	624	831
960	640	832	902	623	831
1023	640	832	960	623	831
0	704	832	157	685	833
64	704	832	165	685	833
128	704	832	191	685	833
192	704	832	230	684	833
256	704	832	276	684	832
320	704	832	328	683	832
384	704	832	383	683	832
448	704	832	438	683	832
512	704	832	493	683	832
576	704	832	550	683	832
640	704	832	611	683	832
704	704	832	665	683	832
768	704	832	723	683	832
832	704	832	784	683	831
896	704	832	843	683	831
960	704	832	902	683	831
1023	704	832	960	683	831
0	768	832	157	746	833
64	768	832	165	746	833
128	768	832	190	746	833
192	768	832	229	746	833
256	768	832	275	745	833
320	768	832	328	745	832
384	768	832	383	745	832
448	768	832	438	745	832
512	768	832	493	745	832
576	768	832	550	745	832
640	768	832	611	745	832
704	768	832	665	745	832
768	768	832	723	745	832
832	768	832	784	745	832
896	768	832	843	745	831
960	768	832	902	745	831
1023	768	832	960	744	831
0	832	832	157	810	833
64	832	832	164	810	833
128	832	832	190	810	833
192	832	832	229	810	833
256	832	832	275	810	832
320	832	832	327	810	832
384	832	832	382	809	832
448	832	832	438	809	832
512	832	832	492	809	832
576	832	832	549	809	832
640	832	832	610	809	832
704	832	832	665	809	832
768	832	832	723	809	832
832	832	832	784	809	831
896	832	832	843	809	831
960	832	832	902	809	831
1023	832	832	960	809	830
0	896	832	156	872	833
64	896	832	164	872	833
128	896	832	189	872	833
192	896	832	228	872	833
256	896	832	274	871	832
320	896	832	326	871	832
384	896	832	382	871	832
448	896	832	436	871	832
512	896	832	492	871	832
576	896	832	549	871	832
640	896	832	610	871	832
704	896	832	664	871	832
768	896	832	722	871	832
832	896	832	783	871	831
896	896	832	842	871	831
960	896	832	901	871	831
1023	896	832	960	871	831
0	960	832	157	934	833
64	960	832	165	934	833
128	960	832	190	934	833
192	960	832	228	934	833
256	960	832	274	933	832
320	960	832	327	933	832
384	960	832	382	933	832
448	960	832	437	933	832
512	960	832	492	933	832
576	960	832	548	933	832
640	960	832	609	933	831
704	960	832	664	933	831
768	960	832	722	933	831
832	960	832	783	933	831
896	960	832	842	933	831
960	960	832	901	933	831
1023	960	832	960	933	830
0	1023	832	156	994	832
64	1023	832	164	994	832
128	1023	832	189	994	832
192	1023	832	228	994	832
256	1023	832	273	994	832
320	1023	832	325	994	831
384	1023	832	380	994	831
448	1023	832	435	994	831
512	1023	832	490	994	831
576	1023	832	547	994	831
640	1023	832	608	994	831
704	1023	832	662	994	831
768	1023	832	721	994	831
832	1023	832	782	994	831
896	1023	832	841	994	830
960	1023	832	901	994	830
1023	1023	832	959	994	830
0	0	896	169	95	897
64	0	896	177	95	897
128	0	896	201	95	897
192	0	896	238	95	897
256	0	896	284	95	897
320	0	896	336	95	897
384	0	896	390	95	897
448	0	896	444	95	897
512	0	896	499	95	897
576	0	896	556	99	897
640	0	896	615	99	897
704	0	896	669	99	897
768	0	896	728	103	897
832	0	896	788	103	896
896	0	896	846	104	896
960	0	896	905	108	896
1023	0	896	962	108	896
0	64	896	169	109	897
64	64	896	177	109	897
128	64	896	201	109	897
192	64	896	238	109	897
256	64	896	284	109	897
320	64	896	335	109	897
384	64	896	390	111	897
448	64	896	444	111	897
512	64	896	499	111	897
576	64	896	556	113	897
640	64	896	615	113	897
704	64	896	669	114	897
768	64	896	727	116	897
832	64	896	788	117	896
896	64	896	846	119	896
960	64	896	905	119	896
1023	64	896	962	122	896
0	128	896	169	151	897
64	128	896	177	151	897
128	128	896	201	151	897
192	128	896	238	151	897
256	128	896	283	151	897
320	128	896	335	151	897
384	128	896	390	151	897
448	128	896	444	151	897
512	128	896	499	152	897
576	128	896	555	153	897
640	128	896	615	153	897
704	128	896	669	153	897
768	128	896	727	156	897
832	128	896	788	156	896
896	128	896	846	158	896
960	128	896	905	158	896
1023	128	896	962	159	896
0	192	896	169	204	897
64	192	896	177	204	897
128	192	896	201	204	897
192	192	896	238	204	897
256	192	896	283	204	897
320	192	896	335	204	897
384	192	896	389	204	897
448	192	896	443	204	897
512	192	896	498	204	897
576	192	896	555	205	897
640	192	896	615	206	897
704	192	896	669	206	897
768	192	896	727	206	897
832	192	896	787	206	896
896	192	896	846	207	896
960	192	896	904	208	896
1023	192	896	962	208	896
0	256	896	169	262	898
64	256	896	176	262	898
128	256	896	200	262	898
192	256	896	238	262	898
256	256	896	282	261	898
320	256	896	334	261	897
384	256	896	389	261	897
448	256	896	443	261	897
512	256	896	497	261	897
576	256	896	554	261	897
640	256	896	614	261	897
704	256	896	668	262	897
768	256	896	726	262	897
832	256	896	787	262	897
896	256	896	845	263	896
960	256	896	904	263	896
1023	256	896	962	263	896
0	320	896	168	322	897
64	320	896	176	322	897
128	320	896	200	322	897
192	320	896	238	321	897
256	320	896	282	321	896
320	320	896	334	321	896
384	320	896	388	321	896
448	320	896	442	321	896
512	320	896	497	321	896
576	320	896	554	321	896
640	320	896	614	321	896
704	320	896	668	321	896
768	320	896	726	321	896
832	320	896	787	321	895
896	320	896	845	322	896
960	320	896	904	321	896
1023	320	896	962	321	895
0	384	896	169	384	897
64	384	896	176	384	897
128	384	896	200	383	897
192	384	896	238	383	897
256	384	896	283	382	897
320	384	896	334	382	896
384	384	896	388	382	896
448	384	896	443	381	896
512	384	896	497	381	896
576	384	896	554	382	896
640	384	896	614	382	896
704	384	896	668	382	896
768	384	896	726	382	896
832	384	896	787	382	896
896	384	896	845	382	896
960	384	896	904	382	895
1023	384	896	962	381	895
0	448	896	169	443	897
64	448	896	177	443	897
128	448	896	200	443	897
192	448	896	238	442	897
256	448	896	283	442	897
320	448	896	334	441	896
384	448	896	388	441	896
448	448	896	442	441	896
512	448	896	497	441	896
576	448	896	554	441	896
640	448	896	614	441	896
704	448	896	668	441	896
768	448	896	726	441	896
832	448	896	787	441	896
896	448	896	845	441	896
960	448	896	904	441	895
1023	448	896	962	440	895
0	512	896	168	502	897
64	512	896	176	502	897
128	512	896	200	502	897
192	512	896	238	501	897
256	512	896	282	501	897
320	512	896	334	501	896
384	512	896	388	501	896
448	512	896	442	500	896
512	512	896	497	500	896
576	512	896	554	500	896
640	512	896	613	500	896
704	512	896	668	500	896
768	512	896	726	500	896
832	512	896	786	500	896
896	512	896	845	500	895
960	512	896	904	500	895
1023	512	896	962	500	895
0	576	896	168	564	896
64	576	896	176	563	896
128	576	896	200	563	896
192	576	896	237	563	896
256	576	896	282	562	896
320	576	896	334	562	896
384	576	896	388	562	896
448	576	896	442	562	896
512	576	896	497	562	896
576	576	896	553	562	896
640	576	896	613	561	896
704	576	896	668	562	896
768	576	896	726	562	895
832	576	896	786	562	895
896	576	896	845	562	896
960	576	896	904	561	895
1023	576	896	962	561	895
0	640	896	168	626	897
64	640	896	176	626	897
128	640	896	200	626	897
192	640	896	237	625	897
256	640	896	282	625	897
320	640	896	334	625	896
384	640	896	388	625	896
448	640	896	442	625	896
512	640	896	496	624	896
576	640	896	553	624	896
640	640	896	613	624	896
704	640	896	667	624	896
768	640	896	726	624	896
832	640	896	786	624	896
896	640	896	845	624	895
960	640	896	904	624	895
1023	640	896	962	623	895
0	704	896	169	685	897
64	704	896	176	685	897
128	704	896	200	685	897
192	704	896	236	684	897
256	704	896	282	684	897
320	704	896	333	684	896
384	704	896	388	684	896
448	704	896	441	683	896
512	704	896	496	683	896
576	704	896	553	683	896
640	704	896	613	683	896
704	704	896	667	683	896
768	704	896	725	683	896
832	704	896	785	683	895
896	704	896	845	683	895
960	704	896	904	683	895
1023	704	896	962	683	895
0	768	896	168	747	897
64	768	896	176	747	897
128	768	896	200	746	897
192	768	896	236	746	897
256	768	896	281	746	897
320	768	896	333	746	896
384	768	896	387	745	896
448	768	896	441	745	896
512	768	896	496	745	896
576	768	896	552	745	896
640	768	896	613	745	896
704	768	896	667	745	896
768	768	896	725	745	896
832	768	896	786	745	896
896	768	896	845	745	895
960	768	896	904	745	895
1023	768	896	962	745	895
0	832	896	168	811	897
64	832	896	176	811	897
128	832	896	200	811	897
192	832	896	237	811	897
256	832	896	281	810	897
320	832	896	333	810	897
384	832	896	387	810	896
448	832	896	441	810	896
512	832	896	495	810	896
576	832	896	553	810	896
640	832	896	613	810	896
704	832	896	667	810	896
768	832	896	725	810	896
832	832	896	786	810	896
896	832	896	845	810	895
960	832	896	903	810	895
1023	832	896	961	809	895
0	896	896	168	872	896
64	896	896	175	872	896
128	896	896	199	872	896
192	896	896	236	872	896
256	896	896	280	872	896
320	896	896	331	872	896
384	896	896	386	872	896
448	896	896	440	872	896
512	896	896	495	872	896
576	896	896	552	872	896
640	896	896	612	872	896
704	896	896	666	872	896
768	896	896	725	872	896
832	896	896	785	872	896
896	896	896	844	872	895
960	896	896	903	872	895
1023	896	896	961	871	895
0	960	896	168	934	897
64	960	896	176	934	897
128	960	896	199	934	897
192	960	896	236	934	897
256	960	896	281	934	897
320	960	896	332	934	896
384	960	896	386	934	896
448	960	896	440	934	896
512	960	896	495	934	896
576	960	896	552	934	896
640	960	896	612	934	896
704	960	896	666	934	896
768	960	896	725	934	896
832	960	896	785	934	896
896	960	896	844	934	896
960	960	896	903	934	895
1023	960	896	961	934	895
0	1023	896	168	994	897
64	1023	896	175	994	897
128	1023	896	198	994	897
192	1023	896	234	994	897
256	1023	896	279	994	897
320	1023	896	331	994	896
384	1023	896	385	994	896
448	1023	896	438	994	896
512	1023	896	493	994	896
576	1023	896	550	994	896
640	1023	896	610	994	896
704	1023	896	664	994	896
768	1023	896	723	994	896
832	1023	896	784	994	895
896	1023	896	843	994	895
960	1023	896	902	994	895
1023	1023	896	961	994	895
0	0	960	180	101	961
64	0	960	188	101	961
128	0	960	210	101	961
192	0	960	246	101	961
256	0	960	290	101	961
320	0	960	340	101	961
384	0	960	395	101	961
448	0	960	448	101	960
512	0	960	502	104	960
576	0	960	559	104	960
640	0	960	618	104	960
704	0	960	672	106	960
768	0	960	730	108	960
832	0	960	790	108	960
896	0	960	848	111	960
960	0	960	907	113	960
1023	0	960	964	116	960
0	64	960	180	114	961
64	64	960	188	114	961
128	64	960	210	114	961
192	64	960	246	116	961
256	64	960	290	116	961
320	64	960	340	116	961
384	64	960	395	116	961
448	64	960	447	116	960
512	64	960	502	117	960
576	64	960	558	117	960
640	64	960	618	119	960
704	64	960	672	120	960
768	64	960	729	120	960
832	64	960	789	122	960
896	64	960	848	123	960
960	64	960	907	126	960
1023	64	960	964	126	960
0	128	960	180	156	961
64	128	960	188	156	961
128	128	960	210	156	961
192	128	960	246	155	961
256	128	960	290	155	961
320	128	960	340	155	961
384	128	960	394	156	961
448	128	960	447	156	960
512	128	960	502	157	960
576	128	960	558	157	960
640	128	960	618	157	960
704	128	960	671	158	960
768	128	960	729	159	960
832	128	960	789	159	960
896	128	960	848	161	960
960	128	960	906	161	960
1023	128	960	964	163	960
0	192	960	180	207	961
64	192	960	188	207	961
128	192	960	209	207	961
192	192	960	245	207	961
256	192	960	290	206	961
320	192	960	340	206	961
384	192	960	394	206	961
448	192	960	447	206	960
512	192	960	501	206	960
576	192	960	558	207	960
640	192	960	617	208	960
704	192	960	671	208	960
768	192	960	729	209	960
832	192	960	789	209	960
896	192	960	847	209	960
960	192	960	906	210	960
1023	192	960	964	210	960
0	256	960	180	264	961
64	256	960	187	263	961
128	256	960	209	263	961
192	256	960	245	263	961
256	256	960	289	262	961
320	256	960	339	262	961
384	256	960	393	263	961
448	256	960	446	263	961
512	256	960	501	263	960
576	256	960	557	263	960
640	256	960	617	263	960
704	256	960	670	263	960
768	256	960	728	263	960
832	256	960	789	263	960
896	256	960	847	264	960
960	256	960	906	264	960
1023	256	960	964	265	960
0	320	960	180	323	960
64	320	960	187	323	960
128	320	960	210	322	960
192	320	960	245	322	960
256	320	960	289	322	960
320	320	960	339	322	960
384	320	960	393	322	960
448	320	960	446	322	960
512	320	960	500	322	960
576	320	960	557	322	960
640	320	960	616	322	960
704	320	960	670	322	960
768	320	960	728	322	960
832	320	960	788	322	960
896	320	960	847	322	959
960	320	960	906	322	959
1023	320	960	964	322	959
0	384	960	180	384	960
64	384	960	187	384	960
128	384	960	210	384	960
192	384	960	245	383	960
256	384	960	289	382	960
320	384	960	339	382	960
384	384	960	393	382	960
448	384	960	446	382	960
512	384	960	500	382	960
576	384	960	557	382	960
640	384	960	616	382	960
704	384	960	670	382	960
768	384	960	728	382	960
832	384	960	788	382	960
896	384	960	847	382	959
960	384	960	906	382	959
1023	384	960	964	382	959
0	448	960	180	443	960
64	448	960	188	443	960
128	448	960	210	443	960
192	448	960	245	443	960
256	448	960	289	442	960
320	448	960	339	442	960
384	448	960	393	442	960
448	448	960	446	442	960
512	448	960	500	442	960
576	448	960	557	442	960
640	448	960	616	442	960
704	448	960	670	442	960
768	448	960	728	442	959
832	448	960	788	442	959
896	448	960	847	442	959
960	448	960	906	442	959
1023	448	960	964	441	959
0	512	960	180	502	960
64	512	960	188	502	960
128	512	960	210	502	960
192	512	960	245	502	960
256	512	960	289	501	960
320	512	960	339	501	960
384	512	960	393	501	960
448	512	960	446	501	960
512	512	960	500	501	960
576	512	960	556	501	960
640	512	960	616	501	960
704	512	960	670	501	960
768	512	960	728	501	960
832	512	960	788	501	959
896	512	960	847	501	959
960	512	960	906	500	959
1023	512	960	963	500	959
0	576	960	180	564	960
64	576	960	188	564	960
128	576	960	210	564	960
192	576	960	245	563	960
256	576	960	289	563	960
320	576	960	339	563	960
384	576	960	392	562	960
448	576	960	446	562	960
512	576	960	500	562	960
576	576	960	557	562	960
640	576	960	616	562	960
704	576	960	669	562	960
768	576	960	728	562	960
832	576	960	788	562	959
896	576	960	847	562	959
960	576	960	905	561	959
1023	576	960	963	561	959
0	640	960	180	626	960
64	640	960	188	626	960
128	640	960	209	626	960
192	640	960	245	625	960
256	640	960	288	625	960
320	640	960	339	625	960
384	640	960	392	625	960
448	640	960	445	625	960
512	640	960	499	625	960
576	640	960	556	624	960
640	640	960	615	624	960
704	640	960	669	624	960
768	640	960	727	624	959
832	640	960	788	624	960
896	640	960	846	624	959
960	640	960	905	624	959
1023	640	960	963	624	959
0	704	960	179	685	960
64	704	960	187	685	960
128	704	960	209	685	960
192	704	960	244	685	960
256	704	960	288	684	960
320	704	960	338	684	960
384	704	960	392	684	960
448	704	960	445	684	960
512	704	960	499	684	960
576	704	960	556	684	960
640	704	960	615	684	960
704	704	960	669	684	960
768	704	960	727	684	960
832	704	960	788	683	960
896	704	960	847	684	959
960	704	960	905	683	959
1023	704	960	963	683	959
0	768	960	179	747	960
64	768	960	187	747	960
128	768	960	209	747	960
192	768	960	244	746	960
256	768	960	288	746	960
320	768	960	338	746	960
384	768	960	392	746	960
448	768	960	444	746	960
512	768	960	499	746	960
576	768	960	555	746	960
640	768	960	615	746	960
704	768	960	669	746	960
768	768	960	727	746	960
832	768	960	788	746	960
896	768	960	846	746	960
960	768	960	905	745	959
1023	768	960	963	745	959
0	832	960	180	811	960
64	832	960	187	811	960
128	832	960	209	811	960
192	832	960	244	811	960
256	832	960	288	810	960
320	832	960	338	810	960
384	832	960	391	810	960
448	832	960	444	810	960
512	832	960	498	810	960
576	832	960	555	810	960
640	832	960	615	810	960
704	832	960	669	810	960
768	832	960	727	810	960
832	832	960	788	810	960
896	832	960	846	810	960
960	832	960	905	810	959
1023	832	960	963	810	959
0	896	960	179	870	960
64	896	960	187	870	960
128	896	960	209	870	960
192	896	960	244	870	960
256	896	960	287	871	961
320	896	960	337	870	961
384	896	960	391	870	961
448	896	960	444	870	960
512	896	960	498	870	960
576	896	960	555	870	961
640	896	960	615	870	960
704	896	960	669	870	960
768	896	960	727	870	960
832	896	960	788	870	960
896	896	960	846	870	960
960	896	960	905	870	960
1023	896	960	963	870	960
0	960	960	180	933	961
64	960	960	187	933	961
128	960	960	209	933	961
192	960	960	244	933	961
256	960	960	287	932	961
320	960	960	338	932	961
384	960	960	391	932	961
448	960	960	444	932	961
512	960	960	498	932	960
576	960	960	555	932	960
640	960	960	614	932	960
704	960	960	668	932	960
768	960	960	727	932	960
832	960	960	787	932	960
896	960	960	846	932	960
960	960	960	905	932	960
1023	960	960	963	932	959
0	1023	960	179	993	961
64	1023	960	186	993	961
128	1023	960	208	993	961
192	1023	960	243	993	961
256	1023	960	286	993	961
320	1023	960	336	993	961
384	1023	960	390	993	961
448	1023	960	443	993	960
512	1023	960	497	993	960
576	1023	960	554	992	960
640	1023	960	613	992	960
704	1023	960	667	993	960
768	1023	960	726	992	960
832	1023	960	787	993	960
896	1023	960	845	993	960
960	1023	960	904	992	959
1023	1023	960	962	992	960
0	0	1023	192	104	1023
64	0	1023	198	104	1023
128	0	1023	220	104	1023
192	0	1023	253	104	1023
256	0	1023	296	104	1023
320	0	1023	346	106	1023
384	0	1023	398	106	1023
448	0	1023	451	106	1023
512	0	1023	504	108	1023
576	0	1023	561	108	1023
640	0	1023	619	109	1023
704	0	1023	673	111	1023
768	0	1023	731	111	1023
832	0	1023	791	113	1022
896	0	1023	849	114	1023
960	0	1023	907	114	1022
1023	0	1023	965	117	1022
0	64	1023	192	119	1023
64	64	1023	198	119	1023
128	64	1023	219	119	1023
192	64	1023	253	119	1023
256	64	1023	296	119	1023
320	64	1023	346	119	1023
384	64	1023	398	119	1023
448	64	1023	451	119	1023
512	64	1023	504	122	1023
576	64	1023	561	122	1023
640	64	1023	619	122	1023
704	64	1023	673	122	1023
768	64	1023	731	125	1023
832	64	1023	791	125	1023
896	64	1023	849	128	1023
960	64	1023	907	128	1022
1023	64	1023	965	129	1022
0	128	1023	192	158	1023
64	128	1023	198	158	1023
128	128	1023	219	158	1023
192	128	1023	253	158	1023
256	128	1023	295	158	1023
320	128	1023	345	158	1023
384	128	1023	398	158	1023
448	128	1023	450	158	1023
512	128	1023	504	158	1023
576	128	1023	561	159	1023
640	128	1023	619	159	1023
704	128	1023	673	160	1023
768	128	1023	730	160	1023
832	128	1023	791	161	1023
896	128	1023	849	162	1023
960	128	1023	907	163	1022
1023	128	1023	965	163	1022
0	192	1023	191	208	1023
64	192	1023	198	208	1023
128	192	1023	219	208	1023
192	192	1023	253	207	1023
256	192	1023	295	207	1023
320	192	1023	345	207	1023
384	192	1023	397	207	1023
448	192	1023	450	207	1023
512	192	1023	503	208	1023
576	192	1023	560	208	1023
640	192	1023	618	208	1023
704	192	1023	672	209	1023
768	192	1023	730	209	1023
832	192	1023	790	209	1023
896	192	1023	849	210	1023
960	192	1023	907	210	1022
1023	192	1023	965	211	1022
0	256	1023	191	264	1023
64	256	1023	198	263	1023
128	256	1023	218	263	1023
192	256	1023	252	263	1023
256	256	1023	294	262	1023
320	256	1023	344	262	1023
384	256	1023	397	262	1023
448	256	1023	449	262	1023
512	256	1023	502	262	1023
576	256	1023	559	263	1023
640	256	1023	618	263	1023
704	256	1023	672	263	1023
768	256	1023	729	263	1023
832	256	1023	790	263	1023
896	256	1023	848	263	1022
960	256	1023	907	263	1022
1023	256	1023	964	263	1022
0	320	1023	191	322	1022
64	320	1023	198	322	1022
128	320	1023	218	322	1022
192	320	1023	252	322	1022
256	320	1023	294	321	1023
320	320	1023	344	321	1023
384	320	1023	396	321	1023
448	320	1023	449	320	1023
512	320	1023	502	321	1023
576	320	1023	559	321	1023
640	320	1023	617	321	1022
704	320	1023	672	321	1022
768	320	1023	729	321	1022
832	320	1023	790	321	1022
896	320	1023	848	321	1022
960	320	1023	907	321	1022
1023	320	1023	964	321	1022
0	384	1023	191	383	1023
64	384	1023	198	382	1023
128	384	1023	218	382	1023
192	384	1023	253	382	1023
256	384	1023	295	381	1022
320	384	1023	344	381	1022
384	384	1023	396	381	1022
448	384	1023	448	381	1023
512	384	1023	502	381	1023
576	384	1023	559	381	1023
640	384	1023	617	381	1022
704	384	1023	671	381	1022
768	384	1023	729	381	1022
832	384	1023	790	381	1022
896	384	1023	848	381	1022
960	384	1023	907	381	1022
1023	384	1023	964	381	1022
0	448	1023	191	442	1023
64	448	1023	198	442	1023
128	448	1023	218	442	1023
192	448	1023	253	441	1023
256	448	1023	295	440	1023
320	448	1023	344	440	1023
384	448	1023	396	440	1023
448	448	1023	448	440	1022
512	448	1023	502	440	1022
576	448	1023	559	440	1023
640	448	1023	617	440	1023
704	448	1023	671	439	1022
768	448	1023	729	440	1022
832	448	1023	790	439	1022
896	448	1023	848	439	1022
960	448	1023	907	439	1022
1023	448	1023	964	439	1022
0	512	1023	191	501	1023
64	512	1023	198	501	1023
128	512	1023	218	500	1023
192	512	1023	252	500	1023
256	512	1023	295	499	1023
320	512	1023	344	499	1023
384	512	1023	397	499	1023
448	512	1023	448	499	1023
512	512	1023	502	499	1023
576	512	1023	558	499	1023
640	512	1023	617	498	1023
704	512	1023	671	498	1022
768	512	1023	729	498	1023
832	512	1023	789	498	1022
896	512	1023	848	498	1022
960	512	1023	907	498	1022
1023	512	1023	964	497	1022
0	576	1023	192	562	1023
64	576	1023	198	562	1023
128	576	1023	219	561	1023
192	576	1023	252	561	1023
256	576	1023	295	561	1023
320	576	1023	344	561	1023
384	576	1023	397	560	1023
448	576	1023	448	560	1023
512	576	1023	502	560	1023
576	576	1023	558	560	1023
640	576	1023	617	560	1023
704	576	1023	671	560	1022
768	576	1023	729	560	1022
832	576	1023	789	560	1022
896	576	1023	848	560	1022
960	576	1023	907	560	1022
1023	576	1023	964	559	1022
0	640	1023	192	624	1023
64	640	1023	198	624	1023
128	640	1023	219	624	1023
192	640	1023	252	623	1023
256	640	1023	295	623	1023
320	640	1023	344	623	1023
384	640	1023	396	622	1023
448	640	1023	448	623	1023
512	640	1023	502	623	1023
576	640	1023	558	623	1023
640	640	1023	617	622	1022
704	640	1023	671	622	1022
768	640	1023	729	622	1022
832	640	1023	789	622	1022
896	640	1023	848	622	1022
960	640	1023	906	622	1022
1023	640	1023	964	621	1022
0	704	1023	191	683	1023
64	704	1023	198	683	1023
128	704	1023	218	683	1023
192	704	1023	252	682	1023
256	704	1023	294	682	1023
320	704	1023	343	682	1023
384	704	1023	395	682	1023
448	704	1023	448	682	1022
512	704	1023	501	682	1023
576	704	1023	558	682	1023
640	704	1023	616	681	1022
704	704	1023	670	681	1022
768	704	1023	728	681	1022
832	704	1023	789	681	1023
896	704	1023	848	681	1022
960	704	1023	906	681	1022
1023	704	1023	964	680	1022
0	768	1023	191	745	1023
64	768	1023	198	745	1023
128	768	1023	218	744	1023
192	768	1023	252	744	1023
256	768	1023	294	744	1023
320	768	1023	343	744	1023
384	768	1023	395	744	1023
448	768	1023	447	743	1023
512	768	1023	501	744	1023
576	768	1023	558	744	1023
640	768	1023	616	743	1023
704	768	1023	670	743	1023
768	768	1023	728	743	1023
832	768	1023	789	743	1023
896	768	1023	847	743	1022
960	768	1023	906	743	1022
1023	768	1023	964	743	1022
0	832	1023	191	809	1023
64	832	1023	197	808	1023
128	832	1023	218	808	1023
192	832	1023	252	808	1023
256	832	1023	293	808	1023
320	832	1023	343	808	1023
384	832	1023	395	808	1023
448	832	1023	447	808	1023
512	832	1023	500	808	1023
576	832	1023	557	807	1023
640	832	1023	616	807	1023
704	832	1023	670	808	1023
768	832	1023	728	808	1023
832	832	1023	788	807	1023
896	832	1023	847	807	1023
960	832	1023	906	807	1022
1023	832	1023	964	807	1023
0	896	1023	190	870	1023
64	896	1023	196	870	1023
128	896	1023	217	870	1023
192	896	1023	250	870	1023
256	896	1023	292	870	1023
320	896	1023	341	870	1023
384	896	1023	394	870	1023
448	896	1023	446	869	1023
512	896	1023	500	870	1023
576	896	1023	557	870	1023
640	896	1023	615	870	1023
704	896	1023	669	870	1023
768	896	1023	728	870	1023
832	896	1023	788	870	1023
896	896	1023	847	870	1023
960	896	1023	906	869	1023
1023	896	1023	964	869	1022
0	960	1023	191	932	1023
64	960	1023	197	932	1023
128	960	1023	218	932	1023
192	960	1023	250	932	1023
256	960	1023	293	932	1023
320	960	1023	342	932	1023
384	960	1023	394	931	1023
448	960	1023	446	932	1023
512	960	1023	500	932	1022
576	960	1023	556	931	1023
640	960	1023	615	932	1023
704	960	1023	669	932	1023
768	960	1023	727	932	1022
832	960	1023	788	932	1023
896	960	1023	847	932	1022
960	960	1023	906	932	1022
1023	960	1023	964	931	1022
0	1023	1023	189	993	1023
64	1023	1023	196	993	1023
128	1023	1023	216	993	1023
192	1023	1023	249	993	1023
256	1023	1023	291	992	1023
320	1023	1023	340	992	1023
384	1023	1023	392	992	1023
448	1023	1023	444	992	1023
512	1023	1023	498	992	1023
576	1023	1023	555	992	1023
640	1023	1023	614	992	1023
704	1023	1023	668	992	1022
768	1023	1023	726	992	1023
832	1023	1023	787	992	1023
896	1023	1023	846	992	1022
960	1023	1023	905	992	1022
1023	1023	1023	963	992	1022
