0	0	0	0	0	0
64	0	0	61	7	0
128	0	0	123	14	0
192	0	0	184	21	0
256	0	0	245	29	0
320	0	0	307	36	0
384	0	0	368	43	0
448	0	0	429	50	0
512	0	0	491	57	0
576	0	0	552	64	0
640	0	0	613	71	0
704	0	0	675	78	0
768	0	0	736	86	0
832	0	0	797	93	0
896	0	0	859	100	0
960	0	0	920	107	0
1023	0	0	981	114	0
0	64	0	17	63	6
64	64	0	63	64	5
128	64	0	123	64	0
192	64	0	184	66	0
256	64	0	246	68	0
320	64	0	307	71	0
384	64	0	368	74	0
448	64	0	430	78	0
512	64	0	491	83	0
576	64	0	552	87	0
640	64	0	614	92	0
704	64	0	675	98	0
768	64	0	736	103	0
832	64	0	798	109	0
896	64	0	859	115	0
960	64	0	920	121	0
1023	64	0	981	127	0
0	128	0	33	127	13
64	128	0	68	127	12
128	128	0	126	127	10
192	128	0	186	128	5
256	128	0	247	129	0
320	128	0	308	130	0
384	128	0	369	132	0
448	128	0	430	134	0
512	128	0	491	136	0
576	128	0	553	139	0
640	128	0	614	142	0
704	128	0	675	145	0
768	128	0	736	149	0
832	128	0	798	152	0
896	128	0	859	156	0
960	128	0	920	161	0
1023	128	0	981	165	0
0	192	0	50	190	19
64	192	0	77	190	19
128	192	0	130	190	18
192	192	0	189	191	16
256	192	0	249	191	11
320	192	0	309	192	0
384	192	0	370	193	0
448	192	0	431	194	0
512	192	0	492	196	0
576	192	0	553	198	0
640	192	0	615	200	0
704	192	0	676	202	0
768	192	0	737	204	0
832	192	0	798	207	0
896	192	0	860	210	0
960	192	0	921	213	0
1023	192	0	981	216	0
0	256	0	66	253	26
64	256	0	88	253	26
128	256	0	136	253	25
192	256	0	193	254	23
256	256	0	252	254	21
320	256	0	311	255	17
384	256	0	372	256	9
448	256	0	433	256	0
512	256	0	493	258	0
576	256	0	554	259	0
640	256	0	616	260	0
704	256	0	677	262	0
768	256	0	738	264	0
832	256	0	799	265	0
896	256	0	860	268	0
960	256	0	921	270	0
1023	256	0	982	272	0
0	320	0	83	317	32
64	320	0	100	317	32
128	320	0	144	317	31
192	320	0	198	317	30
256	320	0	255	317	29
320	320	0	314	318	26
384	320	0	374	318	22
448	320	0	435	319	17
512	320	0	495	320	0
576	320	0	556	321	0
640	320	0	617	322	0
704	320	0	678	323	0
768	320	0	739	324	0
832	320	0	800	326	0
896	320	0	861	328	0
960	320	0	922	329	0
1023	320	0	982	331	0
0	384	0	100	380	39
64	384	0	114	380	38
128	384	0	153	380	38
192	384	0	204	380	37
256	384	0	260	380	36
320	384	0	318	381	34
384	384	0	377	381	31
448	384	0	437	382	28
512	384	0	497	382	23
576	384	0	558	383	14
640	384	0	619	384	0
704	384	0	679	385	0
768	384	0	740	386	0
832	384	0	801	387	0
896	384	0	862	389	0
960	384	0	923	390	0
1023	384	0	983	392	0
0	448	0	116	443	45
64	448	0	128	443	45
128	448	0	164	443	45
192	448	0	212	443	44
256	448	0	266	444	43
320	448	0	323	444	41
384	448	0	381	444	39
448	448	0	440	445	37
512	448	0	500	445	33
576	448	0	560	446	28
640	448	0	621	447	22
704	448	0	681	448	6
768	448	0	742	448	0
832	448	0	803	450	0
896	448	0	864	451	0
960	448	0	925	452	0
1023	448	0	985	453	0
0	512	0	133	506	51
64	512	0	143	506	51
128	512	0	175	507	51
192	512	0	220	507	50
256	512	0	272	507	50
320	512	0	328	507	48
384	512	0	385	507	47
448	512	0	444	508	44
512	512	0	503	508	42
576	512	0	563	509	38
640	512	0	623	509	34
704	512	0	683	510	28
768	512	0	744	511	19
832	512	0	804	512	0
896	512	0	865	513	0
960	512	0	926	514	0
1023	512	0	986	515	0
0	576	0	149	570	58
64	576	0	159	570	58
128	576	0	188	570	57
192	576	0	230	570	57
256	576	0	280	570	56
320	576	0	334	570	55
384	576	0	390	571	54
448	576	0	448	571	52
512	576	0	507	571	50
576	576	0	566	572	47
640	576	0	626	572	44
704	576	0	686	573	39
768	576	0	746	574	34
832	576	0	807	574	26
896	576	0	867	575	12
960	576	0	928	576	0
1023	576	0	988	577	0
0	640	0	166	633	64
64	640	0	174	633	64
128	640	0	201	633	64
192	640	0	240	633	64
256	640	0	288	633	63
320	640	0	341	634	62
384	640	0	396	634	61
448	640	0	453	634	59
512	640	0	511	634	57
576	640	0	570	635	55
640	640	0	629	635	52
704	640	0	689	636	49
768	640	0	749	637	45
832	640	0	809	637	40
896	640	0	869	638	33
960	640	0	930	639	23
1023	640	0	989	640	0
0	704	0	183	696	71
64	704	0	190	696	71
128	704	0	214	696	70
192	704	0	251	696	70
256	704	0	297	697	69
320	704	0	348	697	69
384	704	0	402	697	68
448	704	0	458	697	66
512	704	0	515	698	65
576	704	0	574	698	63
640	704	0	632	698	60
704	704	0	692	699	57
768	704	0	752	699	54
832	704	0	811	700	50
896	704	0	872	701	45
960	704	0	932	701	39
1023	704	0	992	702	31
0	768	0	199	760	77
64	768	0	206	760	77
128	768	0	228	760	77
192	768	0	263	760	77
256	768	0	307	760	76
320	768	0	356	760	75
384	768	0	409	760	74
448	768	0	464	761	73
512	768	0	520	761	72
576	768	0	578	761	70
640	768	0	636	762	68
704	768	0	695	762	65
768	768	0	755	762	63
832	768	0	814	763	59
896	768	0	874	764	56
960	768	0	934	764	51
1023	768	0	994	765	45
0	832	0	216	823	84
64	832	0	222	823	83
128	832	0	242	823	83
192	832	0	275	823	83
256	832	0	317	823	82
320	832	0	364	823	82
384	832	0	416	824	81
448	832	0	470	824	80
512	832	0	526	824	79
576	832	0	583	824	77
640	832	0	641	825	75
704	832	0	699	825	73
768	832	0	758	826	71
832	832	0	818	826	68
896	832	0	877	827	65
960	832	0	937	827	61
1023	832	0	996	828	57
0	896	0	232	886	90
64	896	0	238	886	90
128	896	0	257	886	90
192	896	0	288	886	89
256	896	0	328	886	89
320	896	0	374	887	88
384	896	0	424	887	88
448	896	0	477	887	87
512	896	0	532	887	85
576	896	0	588	887	84
640	896	0	645	888	82
704	896	0	703	888	81
768	896	0	762	889	78
832	896	0	821	889	76
896	896	0	881	890	73
960	896	0	940	890	70
1023	896	0	999	891	66
0	960	0	249	950	96
64	960	0	254	950	96
128	960	0	272	950	96
192	960	0	301	950	96
256	960	0	339	950	96
320	960	0	383	950	95
384	960	0	432	950	94
448	960	0	484	950	93
512	960	0	538	950	92
576	960	0	594	951	91
640	960	0	650	951	90
704	960	0	708	951	88
768	960	0	766	952	86
832	960	0	825	952	84
896	960	0	884	953	81
960	960	0	943	953	78
1023	960	0	1002	954	75
0	1023	0	265	1012	103
64	1023	0	270	1012	103
128	1023	0	287	1012	103
192	1023	0	314	1012	102
256	1023	0	350	1012	102
320	1023	0	393	1012	101
384	1023	0	441	1012	101
448	1023	0	492	1012	100
512	1023	0	545	1013	99
576	1023	0	600	1013	98
640	1023	0	656	1013	96
704	1023	0	713	1014	95
768	1023	0	771	1014	93
832	1023	0	829	1014	91
896	1023	0	888	1015	89
960	1023	0	947	1015	86
1023	1023	0	1005	1016	84
0	0	64	14	9	64
64	0	64	62	11	64
128	0	64	123	16	64
192	0	64	184	23	63
256	0	64	246	30	62
320	0	64	307	36	61
384	0	64	368	43	60
448	0	64	430	50	59
512	0	64	491	57	57
576	0	64	552	65	54
640	0	64	614	72	52
704	0	64	675	79	48
768	0	64	736	86	44
832	0	64	798	93	39
896	0	64	859	100	32
960	0	64	920	107	22
1023	0	64	981	114	0
0	64	64	21	64	64
64	64	64	64	64	64
128	64	64	124	65	64
192	64	64	185	66	63
256	64	64	246	68	63
320	64	64	307	71	62
384	64	64	368	75	60
448	64	64	430	79	59
512	64	64	491	83	57
576	64	64	552	88	55
640	64	64	614	93	52
704	64	64	675	98	49
768	64	64	736	104	44
832	64	64	798	109	39
896	64	64	859	115	33
960	64	64	920	121	22
1023	64	64	981	127	0
0	128	64	35	127	65
64	128	64	69	127	65
128	128	64	126	127	64
192	128	64	186	128	64
256	128	64	247	129	63
320	128	64	308	130	62
384	128	64	369	132	61
448	128	64	430	134	60
512	128	64	491	136	58
576	128	64	553	139	55
640	128	64	614	142	53
704	128	64	675	145	49
768	128	64	737	149	45
832	128	64	798	153	40
896	128	64	859	157	34
960	128	64	920	161	25
1023	128	64	981	165	0
0	192	64	51	190	66
64	192	64	77	190	66
128	192	64	131	190	66
192	192	64	189	191	65
256	192	64	249	191	64
320	192	64	309	192	64
384	192	64	370	193	62
448	192	64	431	195	61
512	192	64	492	196	59
576	192	64	553	198	57
640	192	64	615	200	54
704	192	64	676	202	51
768	192	64	737	204	47
832	192	64	798	207	43
896	192	64	860	210	36
960	192	64	921	213	28
1023	192	64	981	216	13
0	256	64	67	253	68
64	256	64	88	253	68
128	256	64	137	253	67
192	256	64	193	254	67
256	256	64	252	254	66
320	256	64	312	255	65
384	256	64	372	256	64
448	256	64	433	256	63
512	256	64	494	258	61
576	256	64	555	259	59
640	256	64	616	260	56
704	256	64	677	262	53
768	256	64	738	264	50
832	256	64	799	266	45
896	256	64	860	268	40
960	256	64	921	270	33
1023	256	64	982	272	22
0	320	64	84	317	70
64	320	64	101	317	70
128	320	64	144	317	70
192	320	64	198	317	69
256	320	64	256	317	69
320	320	64	315	318	68
384	320	64	374	318	67
448	320	64	435	319	65
512	320	64	495	320	64
576	320	64	556	321	62
640	320	64	617	322	59
704	320	64	678	323	56
768	320	64	739	325	53
832	320	64	800	326	49
896	320	64	861	328	44
960	320	64	922	329	38
1023	320	64	983	331	29
0	384	64	100	380	73
64	384	64	114	380	73
128	384	64	154	380	72
192	384	64	205	380	72
256	384	64	260	380	71
320	384	64	318	381	71
384	384	64	377	381	70
448	384	64	437	382	68
512	384	64	497	383	67
576	384	64	558	383	65
640	384	64	619	384	63
704	384	64	679	385	60
768	384	64	740	386	57
832	384	64	801	388	53
896	384	64	862	389	49
960	384	64	923	390	43
1023	384	64	983	392	36
0	448	64	117	443	76
64	448	64	129	443	76
128	448	64	164	443	76
192	448	64	212	443	75
256	448	64	266	444	75
320	448	64	323	444	74
384	448	64	381	444	73
448	448	64	440	445	72
512	448	64	500	445	70
576	448	64	560	446	68
640	448	64	621	447	66
704	448	64	681	448	64
768	448	64	742	449	61
832	448	64	803	450	58
896	448	64	864	451	54
960	448	64	925	452	49
1023	448	64	985	453	43
0	512	64	133	506	79
64	512	64	144	506	79
128	512	64	176	507	79
192	512	64	221	507	79
256	512	64	273	507	78
320	512	64	328	507	78
384	512	64	385	507	77
448	512	64	444	508	76
512	512	64	503	508	74
576	512	64	563	509	73
640	512	64	623	510	71
704	512	64	683	510	68
768	512	64	744	511	66
832	512	64	805	512	63
896	512	64	865	513	59
960	512	64	926	514	55
1023	512	64	986	515	50
0	576	64	150	570	83
64	576	64	159	570	83
128	576	64	188	570	83
192	576	64	230	570	83
256	576	64	280	570	82
320	576	64	334	570	82
384	576	64	390	571	81
448	576	64	448	571	80
512	576	64	507	571	79
576	576	64	566	572	77
640	576	64	626	572	75
704	576	64	686	573	73
768	576	64	746	574	71
832	576	64	807	575	68
896	576	64	867	575	65
960	576	64	928	576	61
1023	576	64	988	577	56
0	640	64	166	633	88
64	640	64	175	633	88
128	640	64	201	633	88
192	640	64	240	633	87
256	640	64	288	633	87
320	640	64	341	634	86
384	640	64	396	634	85
448	640	64	453	634	84
512	640	64	511	635	83
576	640	64	570	635	82
640	640	64	629	635	80
704	640	64	689	636	78
768	640	64	749	637	76
832	640	64	809	637	73
896	640	64	869	638	70
960	640	64	930	639	67
1023	640	64	989	640	63
0	704	64	183	696	92
64	704	64	190	696	92
128	704	64	214	696	92
192	704	64	251	697	92
256	704	64	297	697	91
320	704	64	348	697	91
384	704	64	402	697	90
448	704	64	458	697	89
512	704	64	515	698	88
576	704	64	574	698	87
640	704	64	633	698	85
704	704	64	692	699	83
768	704	64	752	699	81
832	704	64	812	700	79
896	704	64	872	701	76
960	704	64	932	701	73
1023	704	64	992	702	70
0	768	64	200	760	97
64	768	64	206	760	97
128	768	64	228	760	97
192	768	64	263	760	97
256	768	64	307	760	96
320	768	64	356	760	96
384	768	64	409	760	95
448	768	64	464	761	94
512	768	64	520	761	93
576	768	64	578	761	92
640	768	64	636	762	90
704	768	64	695	762	89
768	768	64	755	762	87
832	768	64	814	763	84
896	768	64	874	764	82
960	768	64	935	764	79
1023	768	64	994	765	76
0	832	64	216	823	102
64	832	64	222	823	102
128	832	64	242	823	102
192	832	64	275	823	102
256	832	64	317	823	101
320	832	64	365	823	101
384	832	64	416	824	100
448	832	64	470	824	99
512	832	64	526	824	98
576	832	64	583	824	97
640	832	64	641	825	96
704	832	64	699	825	94
768	832	64	758	826	92
832	832	64	818	826	90
896	832	64	877	827	88
960	832	64	937	827	85
1023	832	64	996	828	83
0	896	64	233	886	107
64	896	64	238	886	107
128	896	64	257	886	107
192	896	64	288	886	107
256	896	64	328	886	106
320	896	64	374	887	106
384	896	64	424	887	105
448	896	64	477	887	105
512	896	64	532	887	104
576	896	64	588	888	102
640	896	64	645	888	101
704	896	64	704	888	100
768	896	64	762	889	98
832	896	64	821	889	96
896	896	64	881	890	94
960	896	64	940	890	92
1023	896	64	999	891	89
0	960	64	249	950	112
64	960	64	254	950	112
128	960	64	272	950	112
192	960	64	301	950	112
256	960	64	339	950	112
320	960	64	383	950	111
384	960	64	432	950	111
448	960	64	484	950	110
512	960	64	538	950	109
576	960	64	594	951	108
640	960	64	651	951	107
704	960	64	708	951	105
768	960	64	766	952	104
832	960	64	825	952	102
896	960	64	884	953	100
960	960	64	943	953	98
1023	960	64	1002	954	96
0	1023	64	266	1012	118
64	1023	64	270	1012	118
128	1023	64	287	1012	118
192	1023	64	314	1012	117
256	1023	64	350	1012	117
320	1023	64	393	1012	117
384	1023	64	441	1012	116
448	1023	64	492	1012	115
512	1023	64	545	1013	115
576	1023	64	600	1013	114
640	1023	64	656	1013	112
704	1023	64	713	1014	111
768	1023	64	771	1014	110
832	1023	64	829	1014	108
896	1023	64	888	1015	106
960	1023	64	947	1015	104
1023	1023	64	1005	1016	102
0	0	128	28	18	128
64	0	128	66	19	128
128	0	128	125	22	127
192	0	128	185	27	127
256	0	128	246	33	127
320	0	128	307	39	127
384	0	128	369	46	126
448	0	128	430	52	125
512	0	128	491	59	125
576	0	128	552	66	124
640	0	128	614	73	123
704	0	128	675	80	122
768	0	128	736	87	120
832	0	128	798	94	119
896	0	128	859	101	117
960	0	128	920	108	115
1023	0	128	981	115	114
0	64	128	32	65	128
64	64	128	68	65	128
128	64	128	125	66	128
192	64	128	186	68	127
256	64	128	247	70	127
320	64	128	308	72	127
384	64	128	369	76	126
448	64	128	430	80	126
512	64	128	491	84	125
576	64	128	553	89	124
640	64	128	614	94	123
704	64	128	675	99	122
768	64	128	736	104	120
832	64	128	798	110	119
896	64	128	859	116	117
960	64	128	920	122	116
1023	64	128	981	128	114
0	128	128	42	127	128
64	128	128	72	127	128
128	128	128	128	128	128
192	128	128	187	129	128
256	128	128	248	130	127
320	128	128	308	131	127
384	128	128	369	133	126
448	128	128	431	135	126
512	128	128	492	137	125
576	128	128	553	140	124
640	128	128	614	142	123
704	128	128	675	146	122
768	128	128	737	149	121
832	128	128	798	153	119
896	128	128	859	157	118
960	128	128	921	161	116
1023	128	128	981	166	114
0	192	128	56	190	129
64	192	128	80	190	129
128	192	128	132	191	128
192	192	128	190	191	128
256	192	128	250	192	128
320	192	128	310	193	128
384	192	128	371	194	127
448	192	128	432	195	126
512	192	128	493	196	126
576	192	128	554	198	125
640	192	128	615	200	124
704	192	128	676	202	123
768	192	128	737	205	121
832	192	128	799	207	120
896	192	128	860	210	118
960	192	128	921	213	117
1023	192	128	981	216	115
0	256	128	71	254	129
64	256	128	91	254	129
128	256	128	138	254	129
192	256	128	194	254	129
256	256	128	252	254	129
320	256	128	312	255	128
384	256	128	372	256	128
448	256	128	433	257	127
512	256	128	494	258	126
576	256	128	555	259	126
640	256	128	616	261	125
704	256	128	677	262	123
768	256	128	738	264	122
832	256	128	799	266	121
896	256	128	860	268	119
960	256	128	922	270	117
1023	256	128	982	273	115
0	320	128	86	317	130
64	320	128	103	317	130
128	320	128	146	317	130
192	320	128	199	317	130
256	320	128	256	318	130
320	320	128	315	318	129
384	320	128	375	319	129
448	320	128	435	319	128
512	320	128	496	320	128
576	320	128	556	321	127
640	320	128	617	322	126
704	320	128	678	323	125
768	320	128	739	325	123
832	320	128	800	326	122
896	320	128	861	328	120
960	320	128	922	330	119
1023	320	128	983	332	117
0	384	128	102	380	132
64	384	128	116	380	132
128	384	128	155	380	132
192	384	128	206	380	131
256	384	128	261	381	131
320	384	128	319	381	131
384	384	128	378	381	130
448	384	128	438	382	130
512	384	128	498	383	129
576	384	128	558	383	128
640	384	128	619	384	127
704	384	128	680	385	126
768	384	128	740	386	125
832	384	128	801	388	123
896	384	128	862	389	122
960	384	128	923	390	120
1023	384	128	984	392	118
0	448	128	119	443	133
64	448	128	130	443	133
128	448	128	165	443	133
192	448	128	213	444	133
256	448	128	267	444	133
320	448	128	323	444	132
384	448	128	382	444	132
448	448	128	441	445	131
512	448	128	500	446	131
576	448	128	561	446	130
640	448	128	621	447	129
704	448	128	681	448	128
768	448	128	742	449	126
832	448	128	803	450	125
896	448	128	864	451	124
960	448	128	925	452	122
1023	448	128	985	453	120
0	512	128	135	507	135
64	512	128	145	507	135
128	512	128	177	507	135
192	512	128	222	507	135
256	512	128	273	507	135
320	512	128	329	507	134
384	512	128	386	508	134
448	512	128	444	508	133
512	512	128	504	508	132
576	512	128	563	509	132
640	512	128	623	510	131
704	512	128	684	510	130
768	512	128	744	511	128
832	512	128	805	512	127
896	512	128	865	513	126
960	512	128	926	514	124
1023	512	128	986	515	122
0	576	128	151	570	137
64	576	128	160	570	137
128	576	128	189	570	137
192	576	128	231	570	137
256	576	128	281	570	137
320	576	128	335	570	136
384	576	128	391	571	136
448	576	128	449	571	135
512	576	128	507	571	135
576	576	128	566	572	134
640	576	128	626	573	133
704	576	128	686	573	132
768	576	128	746	574	131
832	576	128	807	575	129
896	576	128	867	575	128
960	576	128	928	576	126
1023	576	128	988	577	125
0	640	128	168	633	140
64	640	128	176	633	140
128	640	128	202	633	140
192	640	128	241	633	139
256	640	128	289	633	139
320	640	128	341	634	139
384	640	128	396	634	138
448	640	128	453	634	138
512	640	128	511	635	137
576	640	128	570	635	136
640	640	128	629	636	135
704	640	128	689	636	134
768	640	128	749	637	133
832	640	128	809	637	132
896	640	128	869	638	131
960	640	128	930	639	129
1023	640	128	990	640	127
0	704	128	184	696	142
64	704	128	191	696	142
128	704	128	215	697	142
192	704	128	252	697	142
256	704	128	298	697	142
320	704	128	349	697	142
384	704	128	403	697	141
448	704	128	458	697	141
512	704	128	516	698	140
576	704	128	574	698	139
640	704	128	633	699	138
704	704	128	692	699	137
768	704	128	752	700	136
832	704	128	812	700	135
896	704	128	872	701	133
960	704	128	932	702	132
1023	704	128	992	702	130
0	768	128	200	760	145
64	768	128	207	760	145
128	768	128	229	760	145
192	768	128	264	760	145
256	768	128	307	760	145
320	768	128	357	760	144
384	768	128	409	760	144
448	768	128	464	761	143
512	768	128	521	761	143
576	768	128	578	761	142
640	768	128	637	762	141
704	768	128	696	762	140
768	768	128	755	763	139
832	768	128	815	763	138
896	768	128	875	764	137
960	768	128	935	764	135
1023	768	128	994	765	133
0	832	128	217	823	148
64	832	128	223	823	148
128	832	128	243	823	148
192	832	128	276	823	148
256	832	128	318	823	148
320	832	128	365	823	148
384	832	128	417	824	147
448	832	128	471	824	147
512	832	128	526	824	146
576	832	128	583	824	145
640	832	128	641	825	144
704	832	128	700	825	143
768	832	128	758	826	142
832	832	128	818	826	141
896	832	128	877	827	140
960	832	128	937	827	138
1023	832	128	997	828	137
0	896	128	233	886	152
64	896	128	239	886	152
128	896	128	258	886	152
192	896	128	288	886	151
256	896	128	328	887	151
320	896	128	374	887	151
384	896	128	424	887	150
448	896	128	477	887	150
512	896	128	532	887	149
576	896	128	588	888	149
640	896	128	646	888	148
704	896	128	704	888	147
768	896	128	762	889	146
832	896	128	821	889	145
896	896	128	881	890	143
960	896	128	940	890	142
1023	896	128	999	891	141
0	960	128	250	950	155
64	960	128	255	950	155
128	960	128	273	950	155
192	960	128	301	950	155
256	960	128	339	950	155
320	960	128	384	950	154
384	960	128	433	950	154
448	960	128	485	950	154
512	960	128	539	951	153
576	960	128	594	951	152
640	960	128	651	951	152
704	960	128	708	951	151
768	960	128	766	952	150
832	960	128	825	952	148
896	960	128	884	953	147
960	960	128	944	953	146
1023	960	128	1002	954	144
0	1023	128	266	1012	159
64	1023	128	271	1012	159
128	1023	128	287	1012	159
192	1023	128	315	1012	159
256	1023	128	351	1012	158
320	1023	128	394	1012	158
384	1023	128	441	1012	158
448	1023	128	492	1013	157
512	1023	128	545	1013	157
576	1023	128	600	1013	156
640	1023	128	656	1013	155
704	1023	128	713	1014	154
768	1023	128	771	1014	153
832	1023	128	829	1014	152
896	1023	128	888	1015	151
960	1023	128	947	1015	150
1023	1023	128	1005	1016	148
0	0	192	42	27	191
64	0	192	72	28	191
128	0	192	128	30	191
192	0	192	187	33	191
256	0	192	248	38	191
320	0	192	308	43	191
384	0	192	369	49	191
448	0	192	431	55	190
512	0	192	492	62	190
576	0	192	553	68	189
640	0	192	614	75	189
704	0	192	675	82	188
768	0	192	737	89	187
832	0	192	798	95	186
896	0	192	859	102	185
960	0	192	921	109	184
1023	0	192	981	116	183
0	64	192	44	68	191
64	64	192	74	68	191
128	64	192	128	69	191
192	64	192	188	70	191
256	64	192	248	72	191
320	64	192	309	75	191
384	64	192	370	78	191
448	64	192	431	82	190
512	64	192	492	86	190
576	64	192	553	90	189
640	64	192	614	95	189
704	64	192	676	100	188
768	64	192	737	106	187
832	64	192	798	111	186
896	64	192	859	117	185
960	64	192	921	123	184
1023	64	192	981	129	183
0	128	192	52	129	192
64	128	192	78	129	192
128	128	192	131	129	192
192	128	192	189	130	191
256	128	192	249	131	191
320	128	192	310	132	191
384	128	192	370	134	191
448	128	192	431	136	190
512	128	192	492	138	190
576	128	192	553	141	189
640	128	192	615	143	189
704	128	192	676	147	188
768	128	192	737	150	187
832	128	192	798	154	186
896	128	192	860	158	186
960	128	192	921	162	184
1023	128	192	981	167	183
0	192	192	63	191	192
64	192	192	85	191	192
128	192	192	135	191	192
192	192	192	192	192	192
256	192	192	251	192	192
320	192	192	311	193	191
384	192	192	372	194	191
448	192	192	432	196	191
512	192	192	493	197	190
576	192	192	554	199	190
640	192	192	615	201	189
704	192	192	676	203	188
768	192	192	738	205	188
832	192	192	799	208	187
896	192	192	860	211	186
960	192	192	921	214	185
1023	192	192	982	217	184
0	256	192	77	254	192
64	256	192	95	254	192
128	256	192	141	254	192
192	256	192	196	255	192
256	256	192	254	255	192
320	256	192	313	256	192
384	256	192	373	256	192
448	256	192	434	257	191
512	256	192	494	258	191
576	256	192	555	260	190
640	256	192	616	261	190
704	256	192	677	263	189
768	256	192	738	264	188
832	256	192	800	266	187
896	256	192	861	268	186
960	256	192	922	271	185
1023	256	192	982	273	184
0	320	192	91	317	193
64	320	192	107	317	193
128	320	192	148	317	193
192	320	192	201	318	193
256	320	192	258	318	193
320	320	192	316	318	193
384	320	192	376	319	192
448	320	192	436	320	192
512	320	192	496	320	191
576	320	192	557	321	191
640	320	192	618	323	190
704	320	192	679	324	190
768	320	192	739	325	189
832	320	192	801	327	188
896	320	192	862	328	187
960	320	192	923	330	186
1023	320	192	983	332	185
0	384	192	106	380	194
64	384	192	120	380	194
128	384	192	157	380	194
192	384	192	207	381	194
256	384	192	262	381	194
320	384	192	320	381	193
384	384	192	379	382	193
448	384	192	438	382	193
512	384	192	498	383	192
576	384	192	559	384	192
640	384	192	619	385	191
704	384	192	680	386	190
768	384	192	741	387	190
832	384	192	802	388	189
896	384	192	863	389	188
960	384	192	924	391	187
1023	384	192	984	392	186
0	448	192	122	444	195
64	448	192	133	444	195
128	448	192	167	444	195
192	448	192	215	444	195
256	448	192	268	444	195
320	448	192	324	444	194
384	448	192	382	445	194
448	448	192	441	445	194
512	448	192	501	446	193
576	448	192	561	446	193
640	448	192	621	447	192
704	448	192	682	448	191
768	448	192	742	449	191
832	448	192	803	450	190
896	448	192	864	451	189
960	448	192	925	452	188
1023	448	192	985	454	187
0	512	192	138	507	196
64	512	192	148	507	196
128	512	192	179	507	196
192	512	192	223	507	196
256	512	192	274	507	196
320	512	192	330	507	196
384	512	192	387	508	195
448	512	192	445	508	195
512	512	192	504	509	194
576	512	192	564	509	194
640	512	192	624	510	193
704	512	192	684	511	193
768	512	192	744	511	192
832	512	192	805	512	191
896	512	192	866	513	190
960	512	192	927	514	189
1023	512	192	986	515	188
0	576	192	154	570	198
64	576	192	163	570	198
128	576	192	191	570	197
192	576	192	232	570	197
256	576	192	282	570	197
320	576	192	336	571	197
384	576	192	392	571	197
448	576	192	449	571	196
512	576	192	508	572	196
576	576	192	567	572	195
640	576	192	627	573	195
704	576	192	686	573	194
768	576	192	747	574	193
832	576	192	807	575	193
896	576	192	868	576	192
960	576	192	928	577	191
1023	576	192	988	577	190
0	640	192	170	633	199
64	640	192	178	633	199
128	640	192	203	633	199
192	640	192	243	633	199
256	640	192	290	634	199
320	640	192	342	634	199
384	640	192	397	634	198
448	640	192	454	634	198
512	640	192	512	635	197
576	640	192	570	635	197
640	640	192	630	636	196
704	640	192	689	636	196
768	640	192	749	637	195
832	640	192	809	637	194
896	640	192	870	638	193
960	640	192	930	639	192
1023	640	192	990	640	191
0	704	192	186	697	201
64	704	192	193	697	201
128	704	192	217	697	201
192	704	192	253	697	201
256	704	192	299	697	201
320	704	192	349	697	200
384	704	192	403	697	200
448	704	192	459	698	200
512	704	192	516	698	199
576	704	192	574	698	199
640	704	192	633	699	198
704	704	192	692	699	197
768	704	192	752	700	197
832	704	192	812	700	196
896	704	192	872	701	195
960	704	192	932	702	194
1023	704	192	992	702	193
0	768	192	202	760	203
64	768	192	209	760	203
128	768	192	230	760	203
192	768	192	265	760	203
256	768	192	308	760	202
320	768	192	357	760	202
384	768	192	410	760	202
448	768	192	465	761	202
512	768	192	521	761	201
576	768	192	579	761	201
640	768	192	637	762	200
704	768	192	696	762	199
768	768	192	755	763	199
832	768	192	815	763	198
896	768	192	875	764	197
960	768	192	935	764	196
1023	768	192	994	765	195
0	832	192	219	823	205
64	832	192	225	823	205
128	832	192	245	823	205
192	832	192	277	823	205
256	832	192	319	823	205
320	832	192	366	824	204
384	832	192	417	824	204
448	832	192	471	824	204
512	832	192	527	824	203
576	832	192	584	825	203
640	832	192	641	825	202
704	832	192	700	825	202
768	832	192	759	826	201
832	832	192	818	826	200
896	832	192	878	827	199
960	832	192	938	827	198
1023	832	192	997	828	197
0	896	192	235	886	207
64	896	192	240	886	207
128	896	192	259	886	207
192	896	192	290	887	207
256	896	192	329	887	207
320	896	192	375	887	207
384	896	192	425	887	206
448	896	192	478	887	206
512	896	192	533	887	206
576	896	192	589	888	205
640	896	192	646	888	205
704	896	192	704	888	204
768	896	192	763	889	203
832	896	192	822	889	202
896	896	192	881	890	202
960	896	192	941	890	201
1023	896	192	1000	891	200
0	960	192	251	950	210
64	960	192	256	950	210
128	960	192	274	950	210
192	960	192	303	950	209
256	960	192	340	950	209
320	960	192	385	950	209
384	960	192	433	950	209
448	960	192	485	950	208
512	960	192	539	951	208
576	960	192	595	951	208
640	960	192	651	951	207
704	960	192	709	952	206
768	960	192	767	952	206
832	960	192	825	952	205
896	960	192	884	953	204
960	960	192	944	953	203
1023	960	192	1003	954	202
0	1023	192	268	1012	212
64	1023	192	272	1012	212
128	1023	192	288	1012	212
192	1023	192	316	1012	212
256	1023	192	352	1012	212
320	1023	192	395	1012	212
384	1023	192	442	1012	211
448	1023	192	493	1013	211
512	1023	192	546	1013	211
576	1023	192	601	1013	210
640	1023	192	657	1013	210
704	1023	192	714	1014	209
768	1023	192	771	1014	208
832	1023	192	829	1014	208
896	1023	192	888	1015	207
960	1023	192	947	1015	206
1023	1023	192	1006	1016	205
0	0	256	56	36	255
64	0	256	81	37	255
128	0	256	132	38	255
192	0	256	190	41	255
256	0	256	250	45	255
320	0	256	310	49	255
384	0	256	371	54	255
448	0	256	432	60	254
512	0	256	493	66	254
576	0	256	554	72	254
640	0	256	615	78	253
704	0	256	676	85	253
768	0	256	737	91	252
832	0	256	799	98	252
896	0	256	860	105	251
960	0	256	921	111	250
1023	0	256	981	118	249
0	64	256	58	71	255
64	64	256	82	71	255
128	64	256	133	72	255
192	64	256	190	73	255
256	64	256	250	75	255
320	64	256	310	78	255
384	64	256	371	81	255
448	64	256	432	84	254
512	64	256	493	88	254
576	64	256	554	93	254
640	64	256	615	98	253
704	64	256	676	103	253
768	64	256	737	108	252
832	64	256	799	113	252
896	64	256	860	119	251
960	64	256	921	125	250
1023	64	256	981	131	249
0	128	256	63	130	255
64	128	256	86	130	255
128	128	256	135	131	255
192	128	256	192	131	255
256	128	256	251	132	255
320	128	256	311	134	255
384	128	256	372	135	255
448	128	256	432	137	254
512	128	256	493	139	254
576	128	256	554	142	254
640	128	256	615	145	253
704	128	256	676	148	253
768	128	256	738	152	252
832	128	256	799	155	252
896	128	256	860	159	251
960	128	256	921	163	250
1023	128	256	982	168	250
0	192	256	73	192	256
64	192	256	92	192	256
128	192	256	139	192	256
192	192	256	194	193	256
256	192	256	253	193	255
320	192	256	313	194	255
384	192	256	373	195	255
448	192	256	433	197	255
512	192	256	494	198	254
576	192	256	555	200	254
640	192	256	616	202	254
704	192	256	677	204	253
768	192	256	738	206	253
832	192	256	799	209	252
896	192	256	861	212	251
960	192	256	922	215	251
1023	192	256	982	218	250
0	256	256	84	255	256
64	256	256	101	255	256
128	256	256	145	255	256
192	256	256	198	255	256
256	256	256	256	256	256
320	256	256	315	256	256
384	256	256	375	257	255
448	256	256	435	258	255
512	256	256	495	259	255
576	256	256	556	260	254
640	256	256	617	262	254
704	256	256	678	263	253
768	256	256	739	265	253
832	256	256	800	267	252
896	256	256	861	269	252
960	256	256	922	271	251
1023	256	256	983	274	250
0	320	256	97	318	256
64	320	256	112	318	256
128	320	256	152	318	256
192	320	256	203	318	256
256	320	256	259	318	256
320	320	256	318	319	256
384	320	256	377	319	256
448	320	256	437	320	256
512	320	256	497	321	255
576	320	256	558	322	255
640	320	256	618	323	254
704	320	256	679	324	254
768	320	256	740	326	253
832	320	256	801	327	253
896	320	256	862	329	252
960	320	256	923	331	251
1023	320	256	983	332	251
0	384	256	112	381	257
64	384	256	124	381	257
128	384	256	161	381	257
192	384	256	210	381	257
256	384	256	264	381	257
320	384	256	321	382	257
384	384	256	380	382	256
448	384	256	439	383	256
512	384	256	499	383	256
576	384	256	559	384	255
640	384	256	620	385	255
704	384	256	681	386	255
768	384	256	741	387	254
832	384	256	802	388	253
896	384	256	863	390	253
960	384	256	924	391	252
1023	384	256	984	393	251
0	448	256	126	444	258
64	448	256	137	444	258
128	448	256	171	444	258
192	448	256	217	444	258
256	448	256	270	444	258
320	448	256	326	445	257
384	448	256	384	445	257
448	448	256	442	446	257
512	448	256	502	446	257
576	448	256	562	447	256
640	448	256	622	448	256
704	448	256	682	448	255
768	448	256	743	449	255
832	448	256	804	450	254
896	448	256	865	451	254
960	448	256	925	453	253
1023	448	256	985	454	252
0	512	256	142	507	259
64	512	256	151	507	259
128	512	256	182	507	259
192	512	256	225	507	259
256	512	256	276	508	258
320	512	256	331	508	258
384	512	256	388	508	258
448	512	256	446	509	258
512	512	256	505	509	257
576	512	256	564	510	257
640	512	256	624	510	257
704	512	256	685	511	256
768	512	256	745	512	256
832	512	256	805	513	255
896	512	256	866	514	254
960	512	256	927	515	254
1023	512	256	987	516	253
0	576	256	157	570	260
64	576	256	166	570	260
128	576	256	193	570	260
192	576	256	235	571	259
256	576	256	284	571	259
320	576	256	337	571	259
384	576	256	393	571	259
448	576	256	450	572	259
512	576	256	509	572	258
576	576	256	568	572	258
640	576	256	627	573	258
704	576	256	687	574	257
768	576	256	747	574	257
832	576	256	808	575	256
896	576	256	868	576	255
960	576	256	929	577	255
1023	576	256	988	578	254
0	640	256	173	634	261
64	640	256	181	634	261
128	640	256	206	634	261
192	640	256	245	634	261
256	640	256	292	634	261
320	640	256	344	634	260
384	640	256	398	634	260
448	640	256	455	635	260
512	640	256	513	635	260
576	640	256	571	635	259
640	640	256	630	636	259
704	640	256	690	636	258
768	640	256	750	637	258
832	640	256	810	638	257
896	640	256	870	638	257
960	640	256	931	639	256
1023	640	256	990	640	255
0	704	256	189	697	262
64	704	256	196	697	262
128	704	256	219	697	262
192	704	256	255	697	262
256	704	256	300	697	262
320	704	256	351	697	262
384	704	256	404	697	261
448	704	256	460	698	261
512	704	256	517	698	261
576	704	256	575	698	260
640	704	256	634	699	260
704	704	256	693	699	260
768	704	256	753	700	259
832	704	256	813	701	258
896	704	256	873	701	258
960	704	256	933	702	257
1023	704	256	992	703	256
0	768	256	205	760	263
64	768	256	211	760	263
128	768	256	233	760	263
192	768	256	267	760	263
256	768	256	310	760	263
320	768	256	359	760	263
384	768	256	411	761	263
448	768	256	466	761	263
512	768	256	522	761	262
576	768	256	580	762	262
640	768	256	638	762	261
704	768	256	697	762	261
768	768	256	756	763	260
832	768	256	815	763	260
896	768	256	875	764	259
960	768	256	935	765	259
1023	768	256	995	765	258
0	832	256	221	823	265
64	832	256	227	823	265
128	832	256	247	823	265
192	832	256	279	823	265
256	832	256	320	824	265
320	832	256	367	824	265
384	832	256	418	824	264
448	832	256	472	824	264
512	832	256	528	824	264
576	832	256	584	825	263
640	832	256	642	825	263
704	832	256	700	825	263
768	832	256	759	826	262
832	832	256	819	826	261
896	832	256	878	827	261
960	832	256	938	828	260
1023	832	256	997	828	259
0	896	256	237	887	267
64	896	256	242	887	267
128	896	256	261	887	267
192	896	256	291	887	267
256	896	256	331	887	266
320	896	256	376	887	266
384	896	256	426	887	266
448	896	256	479	887	266
512	896	256	533	888	265
576	896	256	590	888	265
640	896	256	647	888	265
704	896	256	705	889	264
768	896	256	763	889	264
832	896	256	822	889	263
896	896	256	881	890	263
960	896	256	941	890	262
1023	896	256	1000	891	261
0	960	256	253	950	268
64	960	256	258	950	268
128	960	256	275	950	268
192	960	256	304	950	268
256	960	256	342	950	268
320	960	256	386	950	268
384	960	256	434	950	268
448	960	256	486	951	268
512	960	256	540	951	267
576	960	256	595	951	267
640	960	256	652	951	267
704	960	256	709	952	266
768	960	256	767	952	266
832	960	256	826	952	265
896	960	256	885	953	264
960	960	256	944	953	264
1023	960	256	1003	954	263
0	1023	256	269	1012	270
64	1023	256	274	1012	270
128	1023	256	290	1012	270
192	1023	256	317	1012	270
256	1023	256	353	1012	270
320	1023	256	396	1012	270
384	1023	256	443	1013	270
448	1023	256	494	1013	270
512	1023	256	547	1013	269
576	1023	256	601	1013	269
640	1023	256	657	1014	268
704	1023	256	714	1014	268
768	1023	256	772	1014	268
832	1023	256	830	1015	267
896	1023	256	889	1015	266
960	1023	256	948	1015	266
1023	1023	256	1006	1016	265
0	0	320	70	45	319
64	0	320	90	46	319
128	0	320	138	47	319
192	0	320	194	49	319
256	0	320	252	52	319
320	0	320	312	56	319
384	0	320	372	60	319
448	0	320	433	65	318
512	0	320	494	71	318
576	0	320	555	76	318
640	0	320	616	82	318
704	0	320	677	88	317
768	0	320	738	95	317
832	0	320	799	101	316
896	0	320	860	107	316
960	0	320	922	114	315
1023	0	320	982	120	315
0	64	320	71	76	319
64	64	320	91	76	319
128	64	320	138	76	319
192	64	320	194	78	319
256	64	320	253	79	319
320	64	320	312	82	319
384	64	320	373	85	319
448	64	320	433	88	318
512	64	320	494	92	318
576	64	320	555	96	318
640	64	320	616	101	318
704	64	320	677	106	317
768	64	320	738	111	317
832	64	320	799	116	316
896	64	320	860	122	316
960	64	320	922	127	315
1023	64	320	982	133	315
0	128	320	76	132	319
64	128	320	95	132	319
128	128	320	140	133	319
192	128	320	196	133	319
256	128	320	254	134	319
320	128	320	313	136	319
384	128	320	373	137	319
448	128	320	434	139	318
512	128	320	494	141	318
576	128	320	555	144	318
640	128	320	616	147	318
704	128	320	677	150	317
768	128	320	738	153	317
832	128	320	800	157	316
896	128	320	861	161	316
960	128	320	922	165	315
1023	128	320	982	169	315
0	192	320	83	194	319
64	192	320	101	194	319
128	192	320	144	194	319
192	192	320	198	194	319
256	192	320	256	195	319
320	192	320	315	196	319
384	192	320	374	197	319
448	192	320	435	198	319
512	192	320	495	199	318
576	192	320	556	201	318
640	192	320	617	203	318
704	192	320	678	205	317
768	192	320	739	208	317
832	192	320	800	210	317
896	192	320	861	213	316
960	192	320	922	216	316
1023	192	320	983	219	315
0	256	320	94	256	320
64	256	320	109	256	320
128	256	320	150	256	320
192	256	320	202	256	320
256	256	320	258	257	319
320	256	320	317	257	319
384	256	320	376	258	319
448	256	320	436	259	319
512	256	320	497	260	319
576	256	320	557	261	318
640	256	320	618	263	318
704	256	320	679	264	318
768	256	320	740	266	317
832	256	320	801	268	317
896	256	320	862	270	316
960	256	320	923	272	316
1023	256	320	983	275	315
0	320	320	105	318	320
64	320	320	119	319	320
128	320	320	157	319	320
192	320	320	207	319	320
256	320	320	262	319	320
320	320	320	320	320	320
384	320	320	379	320	319
448	320	320	438	321	319
512	320	320	498	322	319
576	320	320	559	323	319
640	320	320	619	324	318
704	320	320	680	325	318
768	320	320	741	326	318
832	320	320	802	328	317
896	320	320	863	330	317
960	320	320	924	331	316
1023	320	320	984	333	316
0	384	320	118	381	320
64	384	320	130	381	320
128	384	320	165	382	320
192	384	320	213	382	320
256	384	320	267	382	320
320	384	320	323	382	320
384	384	320	382	383	320
448	384	320	441	383	320
512	384	320	500	384	320
576	384	320	560	385	319
640	384	320	621	386	319
704	384	320	681	387	319
768	384	320	742	388	318
832	384	320	803	389	318
896	384	320	864	390	317
960	384	320	925	392	317
1023	384	320	985	393	316
0	448	320	132	444	321
64	448	320	143	444	321
128	448	320	175	445	321
192	448	320	220	445	321
256	448	320	272	445	321
320	448	320	328	445	321
384	448	320	385	446	321
448	448	320	444	446	320
512	448	320	503	447	320
576	448	320	563	447	320
640	448	320	623	448	319
704	448	320	683	449	319
768	448	320	744	450	319
832	448	320	804	451	318
896	448	320	865	452	318
960	448	320	926	453	317
1023	448	320	986	454	317
0	512	320	147	508	322
64	512	320	156	508	322
128	512	320	185	508	322
192	512	320	228	508	322
256	512	320	279	508	321
320	512	320	333	508	321
384	512	320	389	509	321
448	512	320	447	509	321
512	512	320	506	509	321
576	512	320	565	510	320
640	512	320	625	511	320
704	512	320	685	511	320
768	512	320	746	512	319
832	512	320	806	513	319
896	512	320	867	514	318
960	512	320	927	515	318
1023	512	320	987	516	317
0	576	320	162	571	322
64	576	320	170	571	322
128	576	320	197	571	322
192	576	320	237	571	322
256	576	320	286	571	322
320	576	320	339	571	322
384	576	320	394	572	322
448	576	320	451	572	322
512	576	320	510	572	321
576	576	320	569	573	321
640	576	320	628	573	321
704	576	320	688	574	321
768	576	320	748	575	320
832	576	320	808	575	320
896	576	320	869	576	319
960	576	320	929	577	319
1023	576	320	989	578	318
0	640	320	177	634	323
64	640	320	185	634	323
128	640	320	209	634	323
192	640	320	247	634	323
256	640	320	294	634	323
320	640	320	345	634	323
384	640	320	400	635	323
448	640	320	456	635	323
512	640	320	514	635	322
576	640	320	572	636	322
640	640	320	631	636	322
704	640	320	691	637	321
768	640	320	750	637	321
832	640	320	811	638	321
896	640	320	871	639	320
960	640	320	931	640	320
1023	640	320	991	640	319
0	704	320	192	697	324
64	704	320	199	697	324
128	704	320	222	697	324
192	704	320	258	697	324
256	704	320	303	697	324
320	704	320	353	698	324
384	704	320	406	698	324
448	704	320	461	698	324
512	704	320	518	698	323
576	704	320	576	699	323
640	704	320	635	699	323
704	704	320	694	700	322
768	704	320	753	700	322
832	704	320	813	701	322
896	704	320	873	701	321
960	704	320	933	702	321
1023	704	320	993	703	320
0	768	320	208	760	325
64	768	320	214	760	325
128	768	320	236	760	325
192	768	320	269	760	325
256	768	320	312	761	325
320	768	320	360	761	325
384	768	320	413	761	325
448	768	320	467	761	325
512	768	320	523	761	324
576	768	320	581	762	324
640	768	320	639	762	324
704	768	320	697	763	323
768	768	320	757	763	323
832	768	320	816	764	323
896	768	320	876	764	322
960	768	320	936	765	322
1023	768	320	995	766	321
0	832	320	224	824	327
64	832	320	230	824	327
128	832	320	249	824	327
192	832	320	281	824	326
256	832	320	322	824	326
320	832	320	369	824	326
384	832	320	420	824	326
448	832	320	473	824	326
512	832	320	529	825	326
576	832	320	585	825	325
640	832	320	643	825	325
704	832	320	701	826	325
768	832	320	760	826	324
832	832	320	819	827	324
896	832	320	879	827	323
960	832	320	939	828	323
1023	832	320	998	828	322
0	896	320	240	887	328
64	896	320	245	887	328
128	896	320	263	887	328
192	896	320	293	887	328
256	896	320	333	887	328
320	896	320	378	887	328
384	896	320	427	887	327
448	896	320	480	888	327
512	896	320	535	888	327
576	896	320	591	888	327
640	896	320	648	888	326
704	896	320	705	889	326
768	896	320	764	889	326
832	896	320	823	890	325
896	896	320	882	890	325
960	896	320	942	891	324
1023	896	320	1000	891	324
0	960	320	256	950	329
64	960	320	261	950	329
128	960	320	278	950	329
192	960	320	306	950	329
256	960	320	344	950	329
320	960	320	387	950	329
384	960	320	436	951	329
448	960	320	487	951	329
512	960	320	541	951	328
576	960	320	596	951	328
640	960	320	653	952	328
704	960	320	710	952	327
768	960	320	768	952	327
832	960	320	827	953	327
896	960	320	886	953	326
960	960	320	945	954	326
1023	960	320	1003	954	325
0	1023	320	272	1012	331
64	1023	320	276	1012	331
128	1023	320	292	1012	331
192	1023	320	319	1012	331
256	1023	320	355	1013	331
320	1023	320	397	1013	330
384	1023	320	444	1013	330
448	1023	320	495	1013	330
512	1023	320	548	1013	330
576	1023	320	602	1013	330
640	1023	320	658	1014	329
704	1023	320	715	1014	329
768	1023	320	772	1014	329
832	1023	320	831	1015	328
896	1023	320	889	1015	328
960	1023	320	948	1016	327
1023	1023	320	1007	1016	327
0	0	384	84	54	383
64	0	384	101	54	383
128	0	384	145	55	383
192	0	384	198	57	383
256	0	384	256	60	383
320	0	384	315	63	383
384	0	384	374	67	382
448	0	384	435	71	382
512	0	384	495	76	382
576	0	384	556	81	382
640	0	384	617	87	382
704	0	384	678	93	381
768	0	384	739	99	381
832	0	384	800	105	381
896	0	384	861	111	380
960	0	384	922	117	380
1023	0	384	983	124	379
0	64	384	85	81	383
64	64	384	102	81	383
128	64	384	145	82	383
192	64	384	199	83	383
256	64	384	256	84	383
320	64	384	315	87	383
384	64	384	375	89	382
448	64	384	435	92	382
512	64	384	495	96	382
576	64	384	556	100	382
640	64	384	617	104	382
704	64	384	678	109	381
768	64	384	739	114	381
832	64	384	800	119	381
896	64	384	861	125	380
960	64	384	922	130	380
1023	64	384	983	136	379
0	128	384	89	135	383
64	128	384	105	135	383
128	128	384	147	136	383
192	128	384	200	136	383
256	128	384	257	137	383
320	128	384	316	138	383
384	128	384	375	140	383
448	128	384	435	142	382
512	128	384	496	144	382
576	128	384	557	147	382
640	128	384	617	149	382
704	128	384	678	152	381
768	128	384	739	156	381
832	128	384	800	159	381
896	128	384	861	163	380
960	128	384	923	167	380
1023	128	384	983	171	379
0	192	384	95	195	383
64	192	384	110	195	383
128	192	384	151	196	383
192	192	384	203	196	383
256	192	384	259	197	383
320	192	384	317	197	383
384	192	384	376	198	383
448	192	384	436	200	383
512	192	384	497	201	382
576	192	384	557	203	382
640	192	384	618	205	382
704	192	384	679	207	382
768	192	384	740	209	381
832	192	384	801	212	381
896	192	384	862	214	380
960	192	384	923	217	380
1023	192	384	983	220	380
0	256	384	104	257	383
64	256	384	118	257	383
128	256	384	156	257	383
192	256	384	206	258	383
256	256	384	262	258	383
320	256	384	319	259	383
384	256	384	378	259	383
448	256	384	438	260	383
512	256	384	498	261	383
576	256	384	558	262	382
640	256	384	619	264	382
704	256	384	680	265	382
768	256	384	741	267	381
832	256	384	802	269	381
896	256	384	863	271	381
960	256	384	924	273	380
1023	256	384	984	276	380
0	320	384	114	319	384
64	320	384	127	319	384
128	320	384	163	320	384
192	320	384	211	320	384
256	320	384	265	320	383
320	320	384	322	321	383
384	320	384	381	321	383
448	320	384	440	322	383
512	320	384	500	323	383
576	320	384	560	324	383
640	320	384	620	325	382
704	320	384	681	326	382
768	320	384	742	327	382
832	320	384	803	329	381
896	320	384	863	330	381
960	320	384	924	332	381
1023	320	384	984	334	380
0	384	384	126	382	384
64	384	384	137	382	384
128	384	384	171	382	384
192	384	384	217	382	384
256	384	384	270	383	384
320	384	384	326	383	384
384	384	384	384	384	384
448	384	384	442	384	383
512	384	384	502	385	383
576	384	384	562	386	383
640	384	384	622	386	383
704	384	384	682	387	382
768	384	384	743	389	382
832	384	384	804	390	382
896	384	384	865	391	381
960	384	384	925	393	381
1023	384	384	985	394	380
0	448	384	139	445	384
64	448	384	149	445	384
128	448	384	180	445	384
192	448	384	224	445	384
256	448	384	275	446	384
320	448	384	330	446	384
384	448	384	387	446	384
448	448	384	445	447	384
512	448	384	504	447	384
576	448	384	564	448	383
640	448	384	624	449	383
704	448	384	684	450	383
768	448	384	745	450	383
832	448	384	805	451	382
896	448	384	866	453	382
960	448	384	927	454	381
1023	448	384	987	455	381
0	512	384	153	508	385
64	512	384	162	508	385
128	512	384	190	508	385
192	512	384	232	508	385
256	512	384	282	509	385
320	512	384	335	509	385
384	512	384	391	509	385
448	512	384	449	510	384
512	512	384	508	510	384
576	512	384	567	511	384
640	512	384	626	511	384
704	512	384	686	512	383
768	512	384	747	513	383
832	512	384	807	514	383
896	512	384	868	514	382
960	512	384	928	516	382
1023	512	384	988	517	381
0	576	384	167	571	386
64	576	384	175	571	386
128	576	384	201	571	386
192	576	384	241	571	386
256	576	384	289	572	385
320	576	384	341	572	385
384	576	384	396	572	385
448	576	384	453	572	385
512	576	384	511	573	385
576	576	384	570	573	385
640	576	384	629	574	384
704	576	384	689	574	384
768	576	384	749	575	384
832	576	384	809	576	383
896	576	384	869	577	383
960	576	384	930	578	383
1023	576	384	990	579	382
0	640	384	182	634	386
64	640	384	189	634	386
128	640	384	213	634	386
192	640	384	251	634	386
256	640	384	297	635	386
320	640	384	348	635	386
384	640	384	402	635	386
448	640	384	458	635	386
512	640	384	515	636	386
576	640	384	573	636	385
640	640	384	632	637	385
704	640	384	692	637	385
768	640	384	751	638	384
832	640	384	811	638	384
896	640	384	872	639	384
960	640	384	932	640	383
1023	640	384	991	641	383
0	704	384	197	697	387
64	704	384	204	697	387
128	704	384	226	698	387
192	704	384	261	698	387
256	704	384	305	698	387
320	704	384	355	698	387
384	704	384	408	698	387
448	704	384	463	698	387
512	704	384	520	699	386
576	704	384	577	699	386
640	704	384	636	700	386
704	704	384	695	700	386
768	704	384	754	701	385
832	704	384	814	701	385
896	704	384	874	702	384
960	704	384	934	703	384
1023	704	384	993	703	384
0	768	384	212	761	388
64	768	384	218	761	388
128	768	384	239	761	388
192	768	384	272	761	388
256	768	384	315	761	388
320	768	384	363	761	388
384	768	384	414	761	388
448	768	384	469	762	387
512	768	384	525	762	387
576	768	384	582	762	387
640	768	384	640	763	387
704	768	384	698	763	386
768	768	384	757	763	386
832	768	384	817	764	386
896	768	384	877	765	385
960	768	384	937	765	385
1023	768	384	996	766	384
0	832	384	228	824	389
64	832	384	233	824	389
128	832	384	253	824	389
192	832	384	284	824	389
256	832	384	324	824	389
320	832	384	371	824	389
384	832	384	422	824	389
448	832	384	475	825	388
512	832	384	530	825	388
576	832	384	587	825	388
640	832	384	644	826	388
704	832	384	702	826	387
768	832	384	761	826	387
832	832	384	820	827	387
896	832	384	880	827	386
960	832	384	939	828	386
1023	832	384	998	829	385
0	896	384	243	887	390
64	896	384	249	887	390
128	896	384	267	887	390
192	896	384	296	887	390
256	896	384	335	887	390
320	896	384	380	887	390
384	896	384	429	888	390
448	896	384	482	888	389
512	896	384	536	888	389
576	896	384	592	888	389
640	896	384	649	889	389
704	896	384	706	889	388
768	896	384	765	889	388
832	896	384	824	890	388
896	896	384	883	890	387
960	896	384	942	891	387
1023	896	384	1001	892	387
0	960	384	259	950	391
64	960	384	264	950	391
128	960	384	281	950	391
192	960	384	309	950	391
256	960	384	346	951	391
320	960	384	389	951	391
384	960	384	437	951	391
448	960	384	489	951	391
512	960	384	542	951	390
576	960	384	597	951	390
640	960	384	654	952	390
704	960	384	711	952	390
768	960	384	769	953	389
832	960	384	827	953	389
896	960	384	886	953	389
960	960	384	945	954	388
1023	960	384	1004	954	388
0	1023	384	275	1013	392
64	1023	384	279	1013	392
128	1023	384	295	1013	392
192	1023	384	322	1013	392
256	1023	384	357	1013	392
320	1023	384	399	1013	392
384	1023	384	446	1013	392
448	1023	384	496	1013	392
512	1023	384	549	1013	392
576	1023	384	603	1014	391
640	1023	384	659	1014	391
704	1023	384	716	1014	391
768	1023	384	773	1015	391
832	1023	384	831	1015	390
896	1023	384	890	1015	390
960	1023	384	949	1016	389
1023	1023	384	1007	1016	389
0	0	448	98	63	447
64	0	448	113	63	447
128	0	448	152	64	447
192	0	448	204	66	447
256	0	448	260	68	447
320	0	448	318	71	446
384	0	448	377	74	446
448	0	448	437	78	446
512	0	448	497	83	446
576	0	448	558	87	446
640	0	448	618	92	446
704	0	448	679	98	445
768	0	448	740	103	445
832	0	448	801	109	445
896	0	448	862	115	445
960	0	448	923	121	444
1023	0	448	983	127	444
0	64	448	99	87	447
64	64	448	113	87	447
128	64	448	153	87	447
192	64	448	204	88	447
256	64	448	260	90	447
320	64	448	318	92	446
384	64	448	377	95	446
448	64	448	437	98	446
512	64	448	497	101	446
576	64	448	558	105	446
640	64	448	618	109	446
704	64	448	679	113	445
768	64	448	740	118	445
832	64	448	801	123	445
896	64	448	862	128	445
960	64	448	923	134	444
1023	64	448	983	139	444
0	128	448	102	138	447
64	128	448	116	139	447
128	128	448	155	139	447
192	128	448	205	139	447
256	128	448	261	140	447
320	128	448	319	142	447
384	128	448	378	143	446
448	128	448	438	145	446
512	128	448	498	147	446
576	128	448	558	149	446
640	128	448	619	152	446
704	128	448	680	155	445
768	128	448	740	158	445
832	128	448	801	162	445
896	128	448	862	166	445
960	128	448	923	170	444
1023	128	448	984	174	444
0	192	448	107	197	447
64	192	448	121	197	447
128	192	448	158	198	447
192	192	448	208	198	447
256	192	448	263	199	447
320	192	448	320	199	447
384	192	448	379	200	447
448	192	448	439	202	446
512	192	448	499	203	446
576	192	448	559	205	446
640	192	448	619	207	446
704	192	448	680	209	446
768	192	448	741	211	445
832	192	448	802	214	445
896	192	448	863	216	445
960	192	448	924	219	444
1023	192	448	984	222	444
0	256	448	115	259	447
64	256	448	127	259	447
128	256	448	163	259	447
192	256	448	211	259	447
256	256	448	265	259	447
320	256	448	322	260	447
384	256	448	381	261	447
448	256	448	440	262	447
512	256	448	500	263	446
576	256	448	560	264	446
640	256	448	620	265	446
704	256	448	681	267	446
768	256	448	742	269	446
832	256	448	803	271	445
896	256	448	863	273	445
960	256	448	924	275	445
1023	256	448	985	277	444
0	320	448	125	321	447
64	320	448	136	321	447
128	320	448	169	321	447
192	320	448	216	321	447
256	320	448	269	321	447
320	320	448	325	322	447
384	320	448	383	322	447
448	320	448	442	323	447
512	320	448	502	324	447
576	320	448	561	325	446
640	320	448	622	326	446
704	320	448	682	327	446
768	320	448	743	328	446
832	320	448	804	330	445
896	320	448	864	332	445
960	320	448	925	333	445
1023	320	448	985	335	444
0	384	448	135	383	448
64	384	448	146	383	448
128	384	448	177	383	448
192	384	448	222	383	448
256	384	448	274	384	447
320	384	448	329	384	447
384	384	448	386	385	447
448	384	448	444	385	447
512	384	448	504	386	447
576	384	448	563	387	447
640	384	448	623	387	447
704	384	448	684	388	446
768	384	448	744	390	446
832	384	448	805	391	446
896	384	448	865	392	445
960	384	448	926	393	445
1023	384	448	986	395	445
0	448	448	147	446	448
64	448	448	157	446	448
128	448	448	186	446	448
192	448	448	229	446	448
256	448	448	279	446	448
320	448	448	333	447	448
384	448	448	390	447	448
448	448	448	448	448	448
512	448	448	506	448	447
576	448	448	566	449	447
640	448	448	625	449	447
704	448	448	685	450	447
768	448	448	746	451	446
832	448	448	806	452	446
896	448	448	867	453	446
960	448	448	928	455	445
1023	448	448	987	456	445
0	512	448	160	509	448
64	512	448	169	509	448
128	512	448	196	509	448
192	512	448	237	509	448
256	512	448	285	509	448
320	512	448	338	509	448
384	512	448	394	510	448
448	512	448	451	510	448
512	512	448	509	511	448
576	512	448	568	511	448
640	512	448	628	512	447
704	512	448	688	513	447
768	512	448	748	513	447
832	512	448	808	514	447
896	512	448	868	515	446
960	512	448	929	516	446
1023	512	448	989	517	446
0	576	448	174	572	449
64	576	448	182	572	449
128	576	448	207	572	449
192	576	448	245	572	449
256	576	448	292	572	449
320	576	448	344	572	449
384	576	448	399	573	449
448	576	448	455	573	448
512	576	448	513	573	448
576	576	448	571	574	448
640	576	448	631	574	448
704	576	448	690	575	448
768	576	448	750	576	447
832	576	448	810	577	447
896	576	448	870	577	447
960	576	448	931	578	446
1023	576	448	990	579	446
0	640	448	188	635	450
64	640	448	195	635	450
128	640	448	218	635	450
192	640	448	255	635	449
256	640	448	300	635	449
320	640	448	350	635	449
384	640	448	404	636	449
448	640	448	460	636	449
512	640	448	517	636	449
576	640	448	575	637	449
640	640	448	634	637	449
704	640	448	693	638	448
768	640	448	753	638	448
832	640	448	812	639	448
896	640	448	872	640	447
960	640	448	933	641	447
1023	640	448	992	641	447
0	704	448	202	698	450
64	704	448	209	698	450
128	704	448	231	698	450
192	704	448	265	698	450
256	704	448	309	698	450
320	704	448	358	698	450
384	704	448	410	699	450
448	704	448	465	699	450
512	704	448	521	699	450
576	704	448	579	700	449
640	704	448	637	700	449
704	704	448	696	701	449
768	704	448	755	701	449
832	704	448	815	702	448
896	704	448	875	702	448
960	704	448	935	703	448
1023	704	448	994	704	447
0	768	448	217	761	451
64	768	448	223	761	451
128	768	448	243	761	451
192	768	448	276	761	451
256	768	448	318	761	451
320	768	448	365	762	451
384	768	448	417	762	451
448	768	448	471	762	450
512	768	448	526	762	450
576	768	448	583	763	450
640	768	448	641	763	450
704	768	448	700	763	450
768	768	448	759	764	449
832	768	448	818	764	449
896	768	448	878	765	449
960	768	448	937	766	448
1023	768	448	997	766	448
0	832	448	232	824	452
64	832	448	238	824	452
128	832	448	257	824	452
192	832	448	288	824	452
256	832	448	327	824	452
320	832	448	374	825	452
384	832	448	424	825	451
448	832	448	477	825	451
512	832	448	532	825	451
576	832	448	588	826	451
640	832	448	645	826	451
704	832	448	703	826	450
768	832	448	762	827	450
832	832	448	821	827	450
896	832	448	880	828	450
960	832	448	940	828	449
1023	832	448	999	829	449
0	896	448	248	887	453
64	896	448	253	887	453
128	896	448	270	888	453
192	896	448	300	888	453
256	896	448	338	888	452
320	896	448	382	888	452
384	896	448	431	888	452
448	896	448	483	888	452
512	896	448	538	888	452
576	896	448	593	889	452
640	896	448	650	889	452
704	896	448	708	889	451
768	896	448	766	890	451
832	896	448	825	890	451
896	896	448	884	891	450
960	896	448	943	891	450
1023	896	448	1002	892	450
0	960	448	263	951	454
64	960	448	268	951	454
128	960	448	284	951	454
192	960	448	312	951	454
256	960	448	349	951	453
320	960	448	392	951	453
384	960	448	440	951	453
448	960	448	491	951	453
512	960	448	544	952	453
576	960	448	599	952	453
640	960	448	655	952	453
704	960	448	712	952	452
768	960	448	770	953	452
832	960	448	828	953	452
896	960	448	887	954	451
960	960	448	946	954	451
1023	960	448	1005	955	451
0	1023	448	279	1013	455
64	1023	448	283	1013	455
128	1023	448	299	1013	455
192	1023	448	325	1013	455
256	1023	448	360	1013	454
320	1023	448	402	1013	454
384	1023	448	448	1013	454
448	1023	448	498	1014	454
512	1023	448	551	1014	454
576	1023	448	605	1014	454
640	1023	448	660	1014	454
704	1023	448	717	1015	453
768	1023	448	774	1015	453
832	1023	448	832	1015	453
896	1023	448	891	1016	452
960	1023	448	950	1016	452
1023	1023	448	1008	1017	452
0	0	512	112	72	511
64	0	512	125	72	511
128	0	512	161	73	510
192	0	512	210	74	510
256	0	512	264	76	510
320	0	512	321	79	510
384	0	512	380	82	510
448	0	512	439	85	510
512	0	512	499	89	510
576	0	512	560	94	510
640	0	512	620	98	510
704	0	512	681	103	509
768	0	512	741	109	509
832	0	512	802	114	509
896	0	512	863	120	509
960	0	512	924	125	508
1023	0	512	984	131	508
0	64	512	113	93	511
64	64	512	125	93	511
128	64	512	161	94	511
192	64	512	210	95	510
256	64	512	265	96	510
320	64	512	322	98	510
384	64	512	380	100	510
448	64	512	440	103	510
512	64	512	499	106	510
576	64	512	560	110	510
640	64	512	620	114	510
704	64	512	681	118	509
768	64	512	741	123	509
832	64	512	802	127	509
896	64	512	863	132	509
960	64	512	924	137	508
1023	64	512	984	143	508
0	128	512	115	142	511
64	128	512	128	142	511
128	128	512	163	143	511
192	128	512	212	143	511
256	128	512	266	144	510
320	128	512	322	145	510
384	128	512	381	147	510
448	128	512	440	148	510
512	128	512	500	151	510
576	128	512	560	153	510
640	128	512	620	156	510
704	128	512	681	159	509
768	128	512	742	162	509
832	128	512	803	165	509
896	128	512	864	169	509
960	128	512	924	173	508
1023	128	512	985	177	508
0	192	512	120	200	511
64	192	512	132	200	511
128	192	512	166	200	511
192	192	512	214	201	511
256	192	512	267	201	511
320	192	512	324	202	510
384	192	512	382	203	510
448	192	512	441	204	510
512	192	512	501	206	510
576	192	512	561	207	510
640	192	512	621	209	510
704	192	512	682	211	510
768	192	512	742	213	509
832	192	512	803	216	509
896	192	512	864	219	509
960	192	512	925	221	509
1023	192	512	985	224	508
0	256	512	127	260	511
64	256	512	138	260	511
128	256	512	171	261	511
192	256	512	217	261	511
256	256	512	270	261	511
320	256	512	326	262	511
384	256	512	384	263	511
448	256	512	443	263	510
512	256	512	502	265	510
576	256	512	562	266	510
640	256	512	622	267	510
704	256	512	682	269	510
768	256	512	743	270	510
832	256	512	804	272	509
896	256	512	865	274	509
960	256	512	925	276	509
1023	256	512	985	279	508
0	320	512	135	322	511
64	320	512	146	322	511
128	320	512	177	322	511
192	320	512	222	322	511
256	320	512	274	323	511
320	320	512	329	323	511
384	320	512	386	324	511
448	320	512	444	324	511
512	320	512	504	325	510
576	320	512	563	326	510
640	320	512	623	327	510
704	320	512	684	329	510
768	320	512	744	330	510
832	320	512	805	331	509
896	320	512	865	333	509
960	320	512	926	335	509
1023	320	512	986	337	509
0	384	512	145	384	511
64	384	512	155	384	511
128	384	512	184	384	511
192	384	512	228	385	511
256	384	512	278	385	511
320	384	512	332	385	511
384	384	512	389	386	511
448	384	512	447	386	511
512	384	512	506	387	511
576	384	512	565	388	511
640	384	512	625	389	510
704	384	512	685	390	510
768	384	512	745	391	510
832	384	512	806	392	510
896	384	512	867	393	509
960	384	512	927	395	509
1023	384	512	987	396	509
0	448	512	156	447	512
64	448	512	165	447	512
128	448	512	193	447	512
192	448	512	234	447	512
256	448	512	283	447	512
320	448	512	337	448	511
384	448	512	393	448	511
448	448	512	450	448	511
512	448	512	508	449	511
576	448	512	567	450	511
640	448	512	627	450	511
704	448	512	687	451	511
768	448	512	747	452	510
832	448	512	807	453	510
896	448	512	868	454	510
960	448	512	929	455	509
1023	448	512	988	457	509
0	512	512	168	510	512
64	512	512	177	510	512
128	512	512	202	510	512
192	512	512	242	510	512
256	512	512	289	510	512
320	512	512	342	510	512
384	512	512	397	511	512
448	512	512	454	511	512
512	512	512	511	511	511
576	512	512	570	512	511
640	512	512	629	513	511
704	512	512	689	513	511
768	512	512	749	514	511
832	512	512	809	515	510
896	512	512	870	516	510
960	512	512	930	517	510
1023	512	512	990	518	510
0	576	512	181	572	512
64	576	512	189	572	512
128	576	512	213	573	512
192	576	512	250	573	512
256	576	512	296	573	512
320	576	512	347	573	512
384	576	512	401	573	512
448	576	512	458	574	512
512	576	512	515	574	512
576	576	512	573	575	512
640	576	512	632	575	512
704	576	512	692	576	511
768	576	512	751	576	511
832	576	512	811	577	511
896	576	512	871	578	511
960	576	512	932	579	510
1023	576	512	991	580	510
0	640	512	195	635	513
64	640	512	202	635	513
128	640	512	224	636	513
192	640	512	260	636	513
256	640	512	304	636	513
320	640	512	354	636	513
384	640	512	407	636	513
448	640	512	462	637	513
512	640	512	519	637	512
576	640	512	577	637	512
640	640	512	635	638	512
704	640	512	694	638	512
768	640	512	754	639	512
832	640	512	814	640	511
896	640	512	874	640	511
960	640	512	934	641	511
1023	640	512	993	642	510
0	704	512	209	698	514
64	704	512	215	699	513
128	704	512	236	699	513
192	704	512	270	699	513
256	704	512	312	699	513
320	704	512	361	699	513
384	704	512	413	699	513
448	704	512	467	699	513
512	704	512	523	700	513
576	704	512	581	700	513
640	704	512	639	701	513
704	704	512	698	701	512
768	704	512	757	702	512
832	704	512	816	702	512
896	704	512	876	703	512
960	704	512	936	704	511
1023	704	512	995	704	511
0	768	512	223	762	514
64	768	512	229	762	514
128	768	512	249	762	514
192	768	512	280	762	514
256	768	512	321	762	514
320	768	512	368	762	514
384	768	512	419	762	514
448	768	512	473	762	514
512	768	512	528	763	514
576	768	512	585	763	513
640	768	512	643	763	513
704	768	512	701	764	513
768	768	512	760	764	513
832	768	512	819	765	513
896	768	512	879	766	512
960	768	512	938	766	512
1023	768	512	998	767	512
0	832	512	238	825	515
64	832	512	243	825	515
128	832	512	261	825	515
192	832	512	292	825	515
256	832	512	331	825	515
320	832	512	377	825	515
384	832	512	426	825	515
448	832	512	479	825	514
512	832	512	534	826	514
576	832	512	590	826	514
640	832	512	647	826	514
704	832	512	705	827	514
768	832	512	763	827	514
832	832	512	822	828	513
896	832	512	882	828	513
960	832	512	941	829	513
1023	832	512	1000	830	512
0	896	512	253	888	516
64	896	512	258	888	516
128	896	512	275	888	516
192	896	512	304	888	516
256	896	512	341	888	515
320	896	512	385	888	515
384	896	512	434	888	515
448	896	512	486	889	515
512	896	512	540	889	515
576	896	512	595	889	515
640	896	512	652	889	515
704	896	512	709	890	514
768	896	512	767	890	514
832	896	512	826	891	514
896	896	512	885	891	514
960	896	512	944	892	513
1023	896	512	1003	892	513
0	960	512	268	951	516
64	960	512	272	951	516
128	960	512	289	951	516
192	960	512	316	951	516
256	960	512	352	951	516
320	960	512	395	951	516
384	960	512	442	952	516
448	960	512	493	952	516
512	960	512	546	952	516
576	960	512	601	952	516
640	960	512	657	952	516
704	960	512	714	953	515
768	960	512	771	953	515
832	960	512	830	954	515
896	960	512	888	954	515
960	960	512	947	955	514
1023	960	512	1006	955	514
0	1023	512	283	1013	517
64	1023	512	287	1013	517
128	1023	512	302	1013	517
192	1023	512	328	1013	517
256	1023	512	363	1013	517
320	1023	512	404	1014	517
384	1023	512	451	1014	517
448	1023	512	500	1014	517
512	1023	512	552	1014	517
576	1023	512	606	1014	517
640	1023	512	662	1015	516
704	1023	512	718	1015	516
768	1023	512	776	1015	516
832	1023	512	834	1016	516
896	1023	512	892	1016	515
960	1023	512	951	1017	515
1023	1023	512	1009	1017	515
0	0	576	126	81	574
64	0	576	137	81	574
128	0	576	170	82	574
192	0	576	217	83	574
256	0	576	270	85	574
320	0	576	326	87	574
384	0	576	383	90	574
448	0	576	442	93	574
512	0	576	502	96	574
576	0	576	562	100	574
640	0	576	622	105	574
704	0	576	682	109	573
768	0	576	743	114	573
832	0	576	804	119	573
896	0	576	865	125	573
960	0	576	925	130	572
1023	0	576	985	136	572
0	64	576	127	100	574
64	64	576	138	100	574
128	64	576	171	101	574
192	64	576	217	101	574
256	64	576	270	103	574
320	64	576	326	105	574
384	64	576	384	107	574
448	64	576	442	109	574
512	64	576	502	112	574
576	64	576	562	116	574
640	64	576	622	119	574
704	64	576	682	123	573
768	64	576	743	128	573
832	64	576	804	132	573
896	64	576	865	137	573
960	64	576	925	142	572
1023	64	576	985	147	572
0	128	576	129	146	574
64	128	576	140	147	574
128	128	576	173	147	574
192	128	576	218	147	574
256	128	576	271	148	574
320	128	576	327	149	574
384	128	576	384	151	574
448	128	576	443	153	574
512	128	576	502	155	574
576	128	576	562	157	574
640	128	576	622	159	574
704	128	576	683	162	573
768	128	576	743	165	573
832	128	576	804	169	573
896	128	576	865	172	573
960	128	576	926	176	573
1023	128	576	986	180	572
0	192	576	133	203	574
64	192	576	144	203	574
128	192	576	175	203	574
192	192	576	221	203	574
256	192	576	273	204	574
320	192	576	328	205	574
384	192	576	385	206	574
448	192	576	444	207	574
512	192	576	503	208	574
576	192	576	563	210	574
640	192	576	623	212	574
704	192	576	683	214	574
768	192	576	744	216	573
832	192	576	804	218	573
896	192	576	865	221	573
960	192	576	926	224	573
1023	192	576	986	227	572
0	256	576	139	262	575
64	256	576	149	263	575
128	256	576	180	263	575
192	256	576	224	263	575
256	256	576	275	263	575
320	256	576	330	264	574
384	256	576	387	265	574
448	256	576	445	266	574
512	256	576	504	267	574
576	256	576	564	268	574
640	256	576	624	269	574
704	256	576	684	271	574
768	256	576	745	272	573
832	256	576	805	274	573
896	256	576	866	276	573
960	256	576	927	278	573
1023	256	576	987	281	572
0	320	576	147	324	575
64	320	576	156	324	575
128	320	576	186	324	575
192	320	576	228	324	575
256	320	576	279	324	575
320	320	576	333	325	575
384	320	576	389	325	575
448	320	576	447	326	574
512	320	576	506	327	574
576	320	576	566	328	574
640	320	576	625	329	574
704	320	576	685	330	574
768	320	576	746	331	574
832	320	576	806	333	573
896	320	576	867	334	573
960	320	576	927	336	573
1023	320	576	987	338	573
0	384	576	156	386	575
64	384	576	165	386	575
128	384	576	192	386	575
192	384	576	234	386	575
256	384	576	283	386	575
320	384	576	336	387	575
384	384	576	392	387	575
448	384	576	450	388	575
512	384	576	508	388	575
576	384	576	567	389	574
640	384	576	627	390	574
704	384	576	687	391	574
768	384	576	747	392	574
832	384	576	807	393	574
896	384	576	868	394	573
960	384	576	929	396	573
1023	384	576	988	397	573
0	448	576	166	448	575
64	448	576	174	448	575
128	448	576	201	448	575
192	448	576	240	448	575
256	448	576	288	448	575
320	448	576	341	449	575
384	448	576	396	449	575
448	448	576	453	450	575
512	448	576	511	450	575
576	448	576	570	451	575
640	448	576	629	451	575
704	448	576	689	452	574
768	448	576	749	453	574
832	448	576	809	454	574
896	448	576	869	455	574
960	448	576	930	457	573
1023	448	576	989	458	573
0	512	576	177	511	576
64	512	576	185	511	576
128	512	576	210	511	576
192	512	576	248	511	576
256	512	576	294	511	576
320	512	576	346	511	575
384	512	576	400	512	575
448	512	576	456	512	575
512	512	576	514	512	575
576	512	576	572	513	575
640	512	576	631	514	575
704	512	576	691	514	575
768	512	576	751	515	574
832	512	576	811	516	574
896	512	576	871	517	574
960	512	576	931	518	574
1023	512	576	991	519	573
0	576	576	190	573	576
64	576	576	197	573	576
128	576	576	220	573	576
192	576	576	256	573	576
256	576	576	301	574	576
320	576	576	351	574	576
384	576	576	405	574	576
448	576	576	460	574	576
512	576	576	517	575	576
576	576	576	575	575	575
640	576	576	634	576	575
704	576	576	693	577	575
768	576	576	753	577	575
832	576	576	813	578	575
896	576	576	873	579	574
960	576	576	933	580	574
1023	576	576	992	581	574
0	640	576	202	636	576
64	640	576	209	636	576
128	640	576	231	636	576
192	640	576	265	636	576
256	640	576	308	636	576
320	640	576	357	637	576
384	640	576	410	637	576
448	640	576	465	637	576
512	640	576	521	638	576
576	640	576	579	638	576
640	640	576	637	639	576
704	640	576	696	639	575
768	640	576	755	640	575
832	640	576	815	640	575
896	640	576	875	641	575
960	640	576	935	642	575
1023	640	576	994	643	574
0	704	576	216	699	577
64	704	576	222	699	577
128	704	576	242	699	577
192	704	576	275	699	577
256	704	576	317	699	577
320	704	576	364	700	577
384	704	576	416	700	577
448	704	576	470	700	577
512	704	576	526	700	576
576	704	576	583	701	576
640	704	576	641	701	576
704	704	576	699	702	576
768	704	576	758	702	576
832	704	576	818	703	576
896	704	576	877	704	575
960	704	576	937	704	575
1023	704	576	996	705	575
0	768	576	230	762	577
64	768	576	235	762	577
128	768	576	254	762	577
192	768	576	285	762	577
256	768	576	326	762	577
320	768	576	372	763	577
384	768	576	422	763	577
448	768	576	476	763	577
512	768	576	531	763	577
576	768	576	587	764	577
640	768	576	645	764	577
704	768	576	703	764	577
768	768	576	761	765	576
832	768	576	820	766	576
896	768	576	880	766	576
960	768	576	940	767	576
1023	768	576	999	767	575
0	832	576	244	825	578
64	832	576	249	825	578
128	832	576	267	825	578
192	832	576	296	825	578
256	832	576	335	825	578
320	832	576	380	826	578
384	832	576	429	826	578
448	832	576	482	826	578
512	832	576	536	826	578
576	832	576	592	827	577
640	832	576	649	827	577
704	832	576	707	827	577
768	832	576	765	828	577
832	832	576	824	828	577
896	832	576	883	829	576
960	832	576	942	829	576
1023	832	576	1001	830	576
0	896	576	258	888	579
64	896	576	263	888	579
128	896	576	280	888	579
192	896	576	308	888	579
256	896	576	345	889	579
320	896	576	389	889	579
384	896	576	437	889	578
448	896	576	488	889	578
512	896	576	542	889	578
576	896	576	597	890	578
640	896	576	653	890	578
704	896	576	711	890	578
768	896	576	769	891	578
832	896	576	827	891	577
896	896	576	886	892	577
960	896	576	945	892	577
1023	896	576	1004	893	577
0	960	576	273	951	579
64	960	576	278	951	579
128	960	576	293	952	579
192	960	576	320	952	579
256	960	576	356	952	579
320	960	576	398	952	579
384	960	576	445	952	579
448	960	576	495	952	579
512	960	576	548	952	579
576	960	576	603	953	579
640	960	576	658	953	579
704	960	576	715	953	579
768	960	576	773	954	578
832	960	576	831	954	578
896	960	576	890	955	578
960	960	576	949	955	578
1023	960	576	1007	956	577
0	1023	576	288	1014	580
64	1023	576	292	1014	580
128	1023	576	307	1014	580
192	1023	576	332	1014	580
256	1023	576	367	1014	580
320	1023	576	408	1014	580
384	1023	576	453	1014	580
448	1023	576	503	1014	580
512	1023	576	555	1014	580
576	1023	576	608	1015	580
640	1023	576	664	1015	579
704	1023	576	720	1015	579
768	1023	576	777	1016	579
832	1023	576	835	1016	579
896	1023	576	893	1016	579
960	1023	576	952	1017	578
1023	1023	576	1010	1017	578
0	0	640	140	90	638
64	0	640	150	90	638
128	0	640	180	91	638
192	0	640	224	92	638
256	0	640	276	93	638
320	0	640	330	95	638
384	0	640	387	98	638
448	0	640	446	101	638
512	0	640	505	104	638
576	0	640	564	108	638
640	0	640	624	112	637
704	0	640	684	116	637
768	0	640	745	121	637
832	0	640	805	125	637
896	0	640	866	130	637
960	0	640	927	136	636
1023	0	640	987	141	636
0	64	640	141	107	638
64	64	640	150	107	638
128	64	640	181	108	638
192	64	640	225	109	638
256	64	640	276	110	638
320	64	640	331	111	638
384	64	640	388	113	638
448	64	640	446	116	638
512	64	640	505	119	638
576	64	640	564	122	638
640	64	640	624	125	637
704	64	640	684	129	637
768	64	640	745	133	637
832	64	640	805	137	637
896	64	640	866	142	637
960	64	640	927	147	636
1023	64	640	987	152	636
0	128	640	143	151	638
64	128	640	152	151	638
128	128	640	182	151	638
192	128	640	226	152	638
256	128	640	277	153	638
320	128	640	331	154	638
384	128	640	388	155	638
448	128	640	446	157	638
512	128	640	505	159	638
576	128	640	565	161	638
640	128	640	625	164	638
704	128	640	685	166	637
768	128	640	745	169	637
832	128	640	806	173	637
896	128	640	866	176	637
960	128	640	927	180	637
1023	128	640	987	184	636
0	192	640	146	206	638
64	192	640	156	206	638
128	192	640	185	206	638
192	192	640	228	207	638
256	192	640	278	207	638
320	192	640	333	208	638
384	192	640	389	209	638
448	192	640	447	210	638
512	192	640	506	211	638
576	192	640	565	213	638
640	192	640	625	215	638
704	192	640	685	217	637
768	192	640	746	219	637
832	192	640	806	221	637
896	192	640	867	224	637
960	192	640	927	227	637
1023	192	640	987	230	636
0	256	640	152	265	638
64	256	640	161	265	638
128	256	640	189	265	638
192	256	640	231	265	638
256	256	640	281	266	638
320	256	640	335	266	638
384	256	640	391	267	638
448	256	640	449	268	638
512	256	640	507	269	638
576	256	640	567	270	638
640	256	640	626	271	638
704	256	640	686	273	638
768	256	640	746	275	637
832	256	640	807	276	637
896	256	640	867	278	637
960	256	640	928	281	637
1023	256	640	988	283	636
0	320	640	159	325	639
64	320	640	167	326	639
128	320	640	195	326	639
192	320	640	236	326	639
256	320	640	284	326	638
320	320	640	338	327	638
384	320	640	393	327	638
448	320	640	451	328	638
512	320	640	509	329	638
576	320	640	568	330	638
640	320	640	627	331	638
704	320	640	687	332	638
768	320	640	747	333	638
832	320	640	808	335	637
896	320	640	868	336	637
960	320	640	929	338	637
1023	320	640	989	340	637
0	384	640	167	387	639
64	384	640	175	387	639
128	384	640	201	387	639
192	384	640	241	387	639
256	384	640	289	388	639
320	384	640	341	388	639
384	384	640	396	388	639
448	384	640	453	389	638
512	384	640	511	390	638
576	384	640	570	390	638
640	384	640	629	391	638
704	384	640	689	392	638
768	384	640	749	393	638
832	384	640	809	395	638
896	384	640	869	396	637
960	384	640	930	397	637
1023	384	640	990	399	637
0	448	640	176	449	639
64	448	640	184	449	639
128	448	640	209	449	639
192	448	640	247	449	639
256	448	640	294	450	639
320	448	640	345	450	639
384	448	640	400	450	639
448	448	640	456	451	639
512	448	640	514	451	639
576	448	640	572	452	638
640	448	640	631	453	638
704	448	640	691	454	638
768	448	640	750	454	638
832	448	640	810	455	638
896	448	640	871	457	638
960	448	640	931	458	637
1023	448	640	991	459	637
0	512	640	187	512	639
64	512	640	194	512	639
128	512	640	218	512	639
192	512	640	254	512	639
256	512	640	299	512	639
320	512	640	350	512	639
384	512	640	404	513	639
448	512	640	459	513	639
512	512	640	517	513	639
576	512	640	575	514	639
640	512	640	633	515	639
704	512	640	693	515	638
768	512	640	752	516	638
832	512	640	812	517	638
896	512	640	872	518	638
960	512	640	933	519	638
1023	512	640	992	520	637
0	576	640	198	574	640
64	576	640	205	574	640
128	576	640	227	574	640
192	576	640	262	574	640
256	576	640	306	575	640
320	576	640	356	575	639
384	576	640	408	575	639
448	576	640	463	575	639
512	576	640	520	576	639
576	576	640	578	576	639
640	576	640	636	577	639
704	576	640	695	577	639
768	576	640	755	578	639
832	576	640	814	579	638
896	576	640	874	580	638
960	576	640	934	581	638
1023	576	640	994	582	638
0	640	640	211	637	640
64	640	640	217	637	640
128	640	640	238	637	640
192	640	640	271	637	640
256	640	640	314	637	640
320	640	640	362	637	640
384	640	640	414	638	640
448	640	640	468	638	640
512	640	640	524	638	640
576	640	640	581	639	639
640	640	640	639	639	639
704	640	640	698	640	639
768	640	640	757	640	639
832	640	640	817	641	639
896	640	640	876	642	639
960	640	640	936	643	638
1023	640	640	996	644	638
0	704	640	223	700	640
64	704	640	229	700	640
128	704	640	249	700	640
192	704	640	281	700	640
256	704	640	322	700	640
320	704	640	369	700	640
384	704	640	419	701	640
448	704	640	473	701	640
512	704	640	528	701	640
576	704	640	585	702	640
640	704	640	643	702	640
704	704	640	701	702	640
768	704	640	760	703	639
832	704	640	819	704	639
896	704	640	879	704	639
960	704	640	939	705	639
1023	704	640	998	706	639
0	768	640	237	763	641
64	768	640	242	763	641
128	768	640	261	763	641
192	768	640	291	763	641
256	768	640	330	763	641
320	768	640	376	763	641
384	768	640	426	763	641
448	768	640	479	764	641
512	768	640	533	764	640
576	768	640	589	764	640
640	768	640	647	765	640
704	768	640	705	765	640
768	768	640	763	766	640
832	768	640	822	766	640
896	768	640	881	767	639
960	768	640	941	767	639
1023	768	640	1000	768	639
0	832	640	250	826	641
64	832	640	255	826	641
128	832	640	273	826	641
192	832	640	302	826	641
256	832	640	340	826	641
320	832	640	384	826	641
384	832	640	433	826	641
448	832	640	485	827	641
512	832	640	539	827	641
576	832	640	594	827	641
640	832	640	651	828	641
704	832	640	708	828	641
768	832	640	767	828	640
832	832	640	825	829	640
896	832	640	884	829	640
960	832	640	944	830	640
1023	832	640	1002	831	640
0	896	640	264	889	642
64	896	640	269	889	642
128	896	640	286	889	642
192	896	640	313	889	642
256	896	640	350	889	642
320	896	640	393	889	642
384	896	640	440	889	642
448	896	640	491	890	642
512	896	640	544	890	642
576	896	640	599	890	641
640	896	640	655	890	641
704	896	640	713	891	641
768	896	640	770	891	641
832	896	640	829	892	641
896	896	640	887	892	641
960	896	640	947	893	640
1023	896	640	1005	893	640
0	960	640	279	952	643
64	960	640	283	952	643
128	960	640	299	952	643
192	960	640	325	952	643
256	960	640	360	952	643
320	960	640	402	952	643
384	960	640	448	952	642
448	960	640	498	953	642
512	960	640	551	953	642
576	960	640	605	953	642
640	960	640	660	953	642
704	960	640	717	954	642
768	960	640	774	954	642
832	960	640	832	955	641
896	960	640	891	955	641
960	960	640	950	956	641
1023	960	640	1008	956	641
0	1023	640	293	1014	643
64	1023	640	297	1014	643
128	1023	640	312	1014	643
192	1023	640	337	1014	643
256	1023	640	371	1014	643
320	1023	640	411	1014	643
384	1023	640	457	1015	643
448	1023	640	506	1015	643
512	1023	640	557	1015	643
576	1023	640	611	1015	643
640	1023	640	666	1015	643
704	1023	640	722	1016	643
768	1023	640	779	1016	642
832	1023	640	836	1017	642
896	1023	640	895	1017	642
960	1023	640	953	1017	642
1023	1023	640	1011	1018	641
0	0	704	154	99	702
64	0	704	163	99	702
128	0	704	191	100	702
192	0	704	233	101	702
256	0	704	282	102	702
320	0	704	336	104	702
384	0	704	392	106	702
448	0	704	449	109	702
512	0	704	508	112	702
576	0	704	567	115	701
640	0	704	627	119	701
704	0	704	687	123	701
768	0	704	747	127	701
832	0	704	807	132	701
896	0	704	868	136	701
960	0	704	928	141	700
1023	0	704	988	147	700
0	64	704	155	115	702
64	64	704	163	115	702
128	64	704	191	115	702
192	64	704	233	116	702
256	64	704	282	117	702
320	64	704	336	119	702
384	64	704	392	120	702
448	64	704	449	123	702
512	64	704	508	125	702
576	64	704	567	128	701
640	64	704	627	131	701
704	64	704	687	135	701
768	64	704	747	139	701
832	64	704	807	143	701
896	64	704	868	147	701
960	64	704	928	152	700
1023	64	704	988	157	700
0	128	704	156	156	702
64	128	704	165	156	702
128	128	704	193	157	702
192	128	704	234	157	702
256	128	704	283	158	702
320	128	704	337	159	702
384	128	704	393	160	702
448	128	704	450	162	702
512	128	704	508	164	702
576	128	704	567	166	702
640	128	704	627	168	701
704	128	704	687	171	701
768	128	704	747	174	701
832	128	704	807	177	701
896	128	704	868	180	701
960	128	704	929	184	701
1023	128	704	988	188	700
0	192	704	160	209	702
64	192	704	168	209	702
128	192	704	195	210	702
192	192	704	236	210	702
256	192	704	285	211	702
320	192	704	338	211	702
384	192	704	394	212	702
448	192	704	451	213	702
512	192	704	509	215	702
576	192	704	568	216	702
640	192	704	628	218	701
704	192	704	688	220	701
768	192	704	748	222	701
832	192	704	808	225	701
896	192	704	868	227	701
960	192	704	929	230	701
1023	192	704	989	233	700
0	256	704	165	267	702
64	256	704	173	267	702
128	256	704	199	268	702
192	256	704	239	268	702
256	256	704	287	268	702
320	256	704	340	269	702
384	256	704	395	270	702
448	256	704	452	270	702
512	256	704	510	271	702
576	256	704	569	273	702
640	256	704	629	274	702
704	256	704	688	275	701
768	256	704	748	277	701
832	256	704	809	279	701
896	256	704	869	281	701
960	256	704	930	283	701
1023	256	704	989	285	700
0	320	704	171	328	702
64	320	704	179	328	702
128	320	704	204	328	702
192	320	704	243	328	702
256	320	704	291	328	702
320	320	704	343	329	702
384	320	704	398	329	702
448	320	704	454	330	702
512	320	704	512	331	702
576	320	704	571	332	702
640	320	704	630	333	702
704	320	704	690	334	702
768	320	704	749	335	701
832	320	704	810	337	701
896	320	704	870	338	701
960	320	704	930	340	701
1023	320	704	990	342	701
0	384	704	178	389	702
64	384	704	186	389	702
128	384	704	211	389	702
192	384	704	248	389	702
256	384	704	295	389	702
320	384	704	346	390	702
384	384	704	400	390	702
448	384	704	457	391	702
512	384	704	514	391	702
576	384	704	573	392	702
640	384	704	632	393	702
704	384	704	691	394	702
768	384	704	751	395	702
832	384	704	811	396	701
896	384	704	871	397	701
960	384	704	931	399	701
1023	384	704	991	400	701
0	448	704	187	451	703
64	448	704	194	451	703
128	448	704	218	451	703
192	448	704	254	451	703
256	448	704	300	451	703
320	448	704	350	451	703
384	448	704	404	452	703
448	448	704	460	452	702
512	448	704	517	453	702
576	448	704	575	453	702
640	448	704	634	454	702
704	448	704	693	455	702
768	448	704	752	456	702
832	448	704	812	457	702
896	448	704	872	458	701
960	448	704	933	459	701
1023	448	704	992	460	701
0	512	704	197	513	703
64	512	704	204	513	703
128	512	704	226	513	703
192	512	704	261	513	703
256	512	704	305	513	703
320	512	704	355	513	703
384	512	704	408	514	703
448	512	704	463	514	703
512	512	704	520	515	703
576	512	704	577	515	702
640	512	704	636	516	702
704	512	704	695	517	702
768	512	704	754	517	702
832	512	704	814	518	702
896	512	704	874	519	702
960	512	704	934	520	701
1023	512	704	994	521	701
0	576	704	208	575	703
64	576	704	214	575	703
128	576	704	235	575	703
192	576	704	269	575	703
256	576	704	312	576	703
320	576	704	360	576	703
384	576	704	412	576	703
448	576	704	467	576	703
512	576	704	523	577	703
576	576	704	580	577	703
640	576	704	639	578	703
704	576	704	697	579	703
768	576	704	757	579	702
832	576	704	816	580	702
896	576	704	876	581	702
960	576	704	936	582	702
1023	576	704	995	583	702
0	640	704	219	638	704
64	640	704	225	638	704
128	640	704	245	638	704
192	640	704	278	638	704
256	640	704	319	638	704
320	640	704	366	638	703
384	640	704	418	639	703
448	640	704	472	639	703
512	640	704	527	639	703
576	640	704	584	640	703
640	640	704	642	640	703
704	640	704	700	641	703
768	640	704	759	641	703
832	640	704	818	642	703
896	640	704	878	643	702
960	640	704	938	644	702
1023	640	704	997	644	702
0	704	704	232	701	704
64	704	704	237	701	704
128	704	704	256	701	704
192	704	704	287	701	704
256	704	704	327	701	704
320	704	704	373	701	704
384	704	704	423	701	704
448	704	704	477	702	704
512	704	704	531	702	704
576	704	704	588	702	704
640	704	704	645	703	703
704	704	704	703	703	703
768	704	704	762	704	703
832	704	704	821	704	703
896	704	704	880	705	703
960	704	704	940	706	703
1023	704	704	999	707	702
0	768	704	244	764	704
64	768	704	250	764	704
128	768	704	268	764	704
192	768	704	297	764	704
256	768	704	336	764	704
320	768	704	381	764	704
384	768	704	430	764	704
448	768	704	482	764	704
512	768	704	536	765	704
576	768	704	592	765	704
640	768	704	649	765	704
704	768	704	707	766	704
768	768	704	765	766	704
832	768	704	824	767	703
896	768	704	883	767	703
960	768	704	942	768	703
1023	768	704	1001	769	703
0	832	704	258	827	705
64	832	704	263	827	705
128	832	704	279	827	705
192	832	704	308	827	705
256	832	704	345	827	705
320	832	704	388	827	705
384	832	704	437	827	705
448	832	704	488	827	705
512	832	704	542	828	705
576	832	704	597	828	704
640	832	704	653	828	704
704	832	704	711	829	704
768	832	704	768	829	704
832	832	704	827	830	704
896	832	704	886	830	704
960	832	704	945	831	703
1023	832	704	1004	831	703
0	896	704	271	890	705
64	896	704	276	890	705
128	896	704	292	890	705
192	896	704	319	890	705
256	896	704	355	890	705
320	896	704	397	890	705
384	896	704	444	890	705
448	896	704	494	890	705
512	896	704	547	890	705
576	896	704	602	891	705
640	896	704	658	891	705
704	896	704	715	891	705
768	896	704	772	892	705
832	896	704	830	892	704
896	896	704	889	893	704
960	896	704	948	893	704
1023	896	704	1007	894	704
0	960	704	285	953	706
64	960	704	290	953	706
128	960	704	305	953	706
192	960	704	330	953	706
256	960	704	365	953	706
320	960	704	406	953	706
384	960	704	452	953	706
448	960	704	501	953	706
512	960	704	553	953	706
576	960	704	607	954	706
640	960	704	663	954	705
704	960	704	719	954	705
768	960	704	776	955	705
832	960	704	834	955	705
896	960	704	893	956	705
960	960	704	951	956	705
1023	960	704	1009	957	704
0	1023	704	299	1015	707
64	1023	704	303	1015	707
128	1023	704	318	1015	707
192	1023	704	342	1015	707
256	1023	704	375	1015	707
320	1023	704	415	1015	706
384	1023	704	460	1015	706
448	1023	704	509	1015	706
512	1023	704	560	1015	706
576	1023	704	613	1016	706
640	1023	704	668	1016	706
704	1023	704	724	1016	706
768	1023	704	781	1017	706
832	1023	704	838	1017	706
896	1023	704	896	1017	705
960	1023	704	955	1018	705
1023	1023	704	1013	1018	705
0	0	768	168	108	766
64	0	768	176	108	766
128	0	768	202	109	766
192	0	768	242	110	766
256	0	768	289	111	766
320	0	768	341	113	766
384	0	768	397	115	766
448	0	768	453	117	766
512	0	768	511	120	765
576	0	768	570	123	765
640	0	768	629	126	765
704	0	768	689	130	765
768	0	768	749	134	765
832	0	768	809	138	765
896	0	768	870	143	765
960	0	768	930	148	764
1023	0	768	990	152	764
0	64	768	168	122	766
64	64	768	177	122	766
128	64	768	202	123	766
192	64	768	242	124	766
256	64	768	289	125	766
320	64	768	342	126	766
384	64	768	397	128	766
448	64	768	454	130	766
512	64	768	511	132	765
576	64	768	570	135	765
640	64	768	629	138	765
704	64	768	689	141	765
768	64	768	749	145	765
832	64	768	809	149	765
896	64	768	870	153	765
960	64	768	930	158	764
1023	64	768	990	162	764
0	128	768	170	162	766
64	128	768	178	162	766
128	128	768	204	162	766
192	128	768	243	162	766
256	128	768	290	163	766
320	128	768	342	164	766
384	128	768	397	165	766
448	128	768	454	167	766
512	128	768	512	169	765
576	128	768	571	171	765
640	128	768	630	173	765
704	128	768	689	176	765
768	128	768	749	179	765
832	128	768	809	182	765
896	128	768	870	185	765
960	128	768	930	188	764
1023	128	768	990	192	764
0	192	768	173	213	766
64	192	768	181	213	766
128	192	768	206	214	766
192	192	768	245	214	766
256	192	768	292	214	766
320	192	768	344	215	766
384	192	768	398	216	766
448	192	768	455	217	766
512	192	768	513	219	766
576	192	768	571	220	765
640	192	768	630	222	765
704	192	768	690	224	765
768	192	768	750	226	765
832	192	768	810	228	765
896	192	768	870	231	765
960	192	768	931	233	765
1023	192	768	990	236	764
0	256	768	178	270	766
64	256	768	185	270	766
128	256	768	210	270	766
192	256	768	248	271	766
256	256	768	294	271	766
320	256	768	346	272	766
384	256	768	400	272	766
448	256	768	456	273	766
512	256	768	514	274	766
576	256	768	572	275	766
640	256	768	631	277	765
704	256	768	691	278	765
768	256	768	751	280	765
832	256	768	811	282	765
896	256	768	871	284	765
960	256	768	931	286	765
1023	256	768	991	288	764
0	320	768	183	330	766
64	320	768	191	330	766
128	320	768	215	330	766
192	320	768	252	330	766
256	320	768	297	330	766
320	320	768	348	331	766
384	320	768	402	331	766
448	320	768	458	332	766
512	320	768	516	333	766
576	320	768	574	334	766
640	320	768	633	335	766
704	320	768	692	336	765
768	320	768	752	337	765
832	320	768	812	339	765
896	320	768	872	340	765
960	320	768	932	342	765
1023	320	768	992	344	765
0	384	768	190	391	766
64	384	768	197	391	766
128	384	768	220	391	766
192	384	768	257	391	766
256	384	768	301	391	766
320	384	768	352	391	766
384	384	768	405	392	766
448	384	768	461	392	766
512	384	768	518	393	766
576	384	768	576	394	766
640	384	768	634	395	766
704	384	768	693	396	766
768	384	768	753	397	765
832	384	768	813	398	765
896	384	768	873	399	765
960	384	768	933	401	765
1023	384	768	993	402	765
0	448	768	199	452	766
64	448	768	205	452	766
128	448	768	227	452	766
192	448	768	262	452	766
256	448	768	306	453	766
320	448	768	356	453	766
384	448	768	408	453	766
448	448	768	464	454	766
512	448	768	520	454	766
576	448	768	578	455	766
640	448	768	636	456	766
704	448	768	695	456	766
768	448	768	755	457	766
832	448	768	814	458	765
896	448	768	874	459	765
960	448	768	934	461	765
1023	448	768	994	462	765
0	512	768	208	514	767
64	512	768	214	514	767
128	512	768	235	514	767
192	512	768	269	514	767
256	512	768	312	515	767
320	512	768	360	515	767
384	512	768	412	515	767
448	512	768	467	515	766
512	512	768	523	516	766
576	512	768	580	516	766
640	512	768	639	517	766
704	512	768	697	518	766
768	512	768	756	519	766
832	512	768	816	519	766
896	512	768	876	520	766
960	512	768	936	521	765
1023	512	768	995	523	765
0	576	768	218	576	767
64	576	768	224	576	767
128	576	768	244	576	767
192	576	768	277	577	767
256	576	768	318	577	767
320	576	768	366	577	767
384	576	768	417	577	767
448	576	768	471	578	767
512	576	768	527	578	767
576	576	768	583	578	767
640	576	768	641	579	766
704	576	768	700	580	766
768	576	768	759	580	766
832	576	768	818	581	766
896	576	768	878	582	766
960	576	768	938	583	766
1023	576	768	997	584	765
0	640	768	229	639	767
64	640	768	235	639	767
128	640	768	254	639	767
192	640	768	285	639	767
256	640	768	325	639	767
320	640	768	372	639	767
384	640	768	422	640	767
448	640	768	475	640	767
512	640	768	530	640	767
576	640	768	587	641	767
640	640	768	644	641	767
704	640	768	703	642	767
768	640	768	761	642	766
832	640	768	820	643	766
896	640	768	880	644	766
960	640	768	940	645	766
1023	640	768	998	645	766
0	704	768	241	702	768
64	704	768	246	702	768
128	704	768	264	702	768
192	704	768	294	702	768
256	704	768	333	702	768
320	704	768	378	702	767
384	704	768	428	702	767
448	704	768	480	703	767
512	704	768	535	703	767
576	704	768	591	703	767
640	704	768	648	704	767
704	704	768	706	704	767
768	704	768	764	705	767
832	704	768	823	705	767
896	704	768	882	706	766
960	704	768	942	707	766
1023	704	768	1001	707	766
0	768	768	253	764	768
64	768	768	258	764	768
128	768	768	275	764	768
192	768	768	304	765	768
256	768	768	341	765	768
320	768	768	385	765	768
384	768	768	434	765	768
448	768	768	486	765	768
512	768	768	540	766	768
576	768	768	595	766	768
640	768	768	652	766	767
704	768	768	709	767	767
768	768	768	767	767	767
832	768	768	826	768	767
896	768	768	885	768	767
960	768	768	944	769	767
1023	768	768	1003	770	766
0	832	768	265	827	768
64	832	768	270	827	768
128	832	768	287	827	768
192	832	768	314	827	768
256	832	768	350	827	768
320	832	768	393	828	768
384	832	768	441	828	768
448	832	768	492	828	768
512	832	768	545	828	768
576	832	768	600	829	768
640	832	768	656	829	768
704	832	768	713	829	768
768	832	768	771	830	768
832	832	768	829	830	767
896	832	768	888	831	767
960	832	768	947	831	767
1023	832	768	1005	832	767
0	896	768	279	890	769
64	896	768	283	890	769
128	896	768	299	890	769
192	896	768	325	890	769
256	896	768	360	890	769
320	896	768	402	891	769
384	896	768	448	891	769
448	896	768	498	891	769
512	896	768	551	891	769
576	896	768	605	891	768
640	896	768	660	892	768
704	896	768	717	892	768
768	896	768	774	893	768
832	896	768	832	893	768
896	896	768	891	893	768
960	896	768	950	894	768
1023	896	768	1008	895	767
0	960	768	292	953	769
64	960	768	296	953	769
128	960	768	311	953	769
192	960	768	336	953	769
256	960	768	370	953	769
320	960	768	410	953	769
384	960	768	456	954	769
448	960	768	505	954	769
512	960	768	557	954	769
576	960	768	610	954	769
640	960	768	665	955	769
704	960	768	721	955	769
768	960	768	778	955	769
832	960	768	836	956	768
896	960	768	894	956	768
960	960	768	953	957	768
1023	960	768	1011	957	768
0	1023	768	306	1015	770
64	1023	768	310	1015	770
128	1023	768	324	1015	770
192	1023	768	348	1015	770
256	1023	768	380	1015	770
320	1023	768	420	1016	770
384	1023	768	464	1016	770
448	1023	768	512	1016	770
512	1023	768	563	1016	770
576	1023	768	616	1016	770
640	1023	768	671	1017	769
704	1023	768	726	1017	769
768	1023	768	783	1017	769
832	1023	768	840	1018	769
896	1023	768	898	1018	769
960	1023	768	956	1018	769
1023	1023	768	1014	1019	768
0	0	832	182	117	830
64	0	832	189	118	830
128	0	832	213	118	830
192	0	832	251	119	830
256	0	832	297	120	830
320	0	832	348	121	829
384	0	832	402	123	829
448	0	832	458	125	829
512	0	832	515	128	829
576	0	832	573	131	829
640	0	832	632	134	829
704	0	832	692	137	829
768	0	832	751	141	829
832	0	832	811	145	829
896	0	832	872	149	829
960	0	832	932	154	828
1023	0	832	991	159	828
0	64	832	182	130	830
64	64	832	190	130	830
128	64	832	214	131	830
192	64	832	251	131	830
256	64	832	297	132	830
320	64	832	348	134	829
384	64	832	402	135	829
448	64	832	458	137	829
512	64	832	515	139	829
576	64	832	574	142	829
640	64	832	632	145	829
704	64	832	692	148	829
768	64	832	751	152	829
832	64	832	811	155	829
896	64	832	872	159	829
960	64	832	932	163	828
1023	64	832	991	168	828
0	128	832	184	167	830
64	128	832	191	167	830
128	128	832	215	168	830
192	128	832	252	168	830
256	128	832	298	169	830
320	128	832	349	170	830
384	128	832	402	171	829
448	128	832	458	173	829
512	128	832	516	174	829
576	128	832	574	176	829
640	128	832	633	179	829
704	128	832	692	181	829
768	128	832	752	184	829
832	128	832	812	187	829
896	128	832	872	190	829
960	128	832	932	193	828
1023	128	832	992	197	828
0	192	832	187	217	830
64	192	832	194	218	830
128	192	832	217	218	830
192	192	832	254	218	830
256	192	832	299	219	830
320	192	832	350	219	830
384	192	832	404	220	830
448	192	832	459	221	829
512	192	832	517	223	829
576	192	832	575	224	829
640	192	832	633	226	829
704	192	832	693	228	829
768	192	832	752	230	829
832	192	832	812	232	829
896	192	832	872	234	829
960	192	832	933	237	828
1023	192	832	992	240	828
0	256	832	191	273	830
64	256	832	198	273	830
128	256	832	221	274	830
192	256	832	257	274	830
256	256	832	302	274	830
320	256	832	352	275	830
384	256	832	405	276	830
448	256	832	461	276	830
512	256	832	518	277	829
576	256	832	576	279	829
640	256	832	634	280	829
704	256	832	694	281	829
768	256	832	753	283	829
832	256	832	813	285	829
896	256	832	873	287	829
960	256	832	933	289	829
1023	256	832	993	291	828
0	320	832	196	332	830
64	320	832	203	332	830
128	320	832	225	332	830
192	320	832	261	333	830
256	320	832	305	333	830
320	320	832	354	333	830
384	320	832	407	334	830
448	320	832	463	335	830
512	320	832	519	335	830
576	320	832	577	336	829
640	320	832	636	337	829
704	320	832	695	339	829
768	320	832	754	340	829
832	320	832	814	341	829
896	320	832	874	343	829
960	320	832	934	344	829
1023	320	832	993	346	828
0	384	832	203	393	830
64	384	832	209	393	830
128	384	832	231	393	830
192	384	832	265	393	830
256	384	832	309	393	830
320	384	832	358	394	830
384	384	832	410	394	830
448	384	832	465	395	830
512	384	832	521	395	830
576	384	832	579	396	830
640	384	832	637	397	830
704	384	832	696	398	829
768	384	832	755	399	829
832	384	832	815	400	829
896	384	832	875	401	829
960	384	832	935	403	829
1023	384	832	994	404	829
0	448	832	210	454	830
64	448	832	216	454	830
128	448	832	237	454	830
192	448	832	271	454	830
256	448	832	313	454	830
320	448	832	361	455	830
384	448	832	413	455	830
448	448	832	468	455	830
512	448	832	524	456	830
576	448	832	581	457	830
640	448	832	639	457	830
704	448	832	698	458	830
768	448	832	757	459	829
832	448	832	816	460	829
896	448	832	876	461	829
960	448	832	936	462	829
1023	448	832	995	464	829
0	512	832	219	516	830
64	512	832	225	516	830
128	512	832	245	516	830
192	512	832	277	516	830
256	512	832	319	516	830
320	512	832	366	516	830
384	512	832	417	517	830
448	512	832	471	517	830
512	512	832	527	517	830
576	512	832	584	518	830
640	512	832	642	519	830
704	512	832	700	519	830
768	512	832	759	520	830
832	512	832	818	521	830
896	512	832	878	522	829
960	512	832	938	523	829
1023	512	832	997	524	829
0	576	832	228	578	831
64	576	832	234	578	831
128	576	832	253	578	831
192	576	832	285	578	831
256	576	832	325	578	831
320	576	832	371	578	831
384	576	832	422	579	831
448	576	832	475	579	830
512	576	832	530	579	830
576	576	832	587	580	830
640	576	832	644	580	830
704	576	832	702	581	830
768	576	832	761	582	830
832	576	832	820	582	830
896	576	832	880	583	830
960	576	832	939	584	829
1023	576	832	998	585	829
0	640	832	239	640	831
64	640	832	244	640	831
128	640	832	262	640	831
192	640	832	293	640	831
256	640	832	332	640	831
320	640	832	377	641	831
384	640	832	427	641	831
448	640	832	480	641	831
512	640	832	534	641	831
576	640	832	590	642	831
640	640	832	647	642	830
704	640	832	705	643	830
768	640	832	764	644	830
832	640	832	823	644	830
896	640	832	882	645	830
960	640	832	941	646	830
1023	640	832	1000	647	830
0	704	832	250	703	831
64	704	832	255	703	831
128	704	832	272	703	831
192	704	832	301	703	831
256	704	832	339	703	831
320	704	832	384	703	831
384	704	832	433	703	831
448	704	832	484	704	831
512	704	832	538	704	831
576	704	832	594	704	831
640	704	832	651	705	831
704	704	832	708	705	831
768	704	832	766	706	831
832	704	832	825	706	830
896	704	832	884	707	830
960	704	832	944	708	830
1023	704	832	1002	708	830
0	768	832	262	765	832
64	768	832	266	765	832
128	768	832	283	765	832
192	768	832	311	765	832
256	768	832	348	766	832
320	768	832	391	766	832
384	768	832	439	766	831
448	768	832	490	766	831
512	768	832	543	766	831
576	768	832	598	767	831
640	768	832	655	767	831
704	768	832	712	768	831
768	768	832	770	768	831
832	768	832	828	769	831
896	768	832	887	769	831
960	768	832	946	770	830
1023	768	832	1005	771	830
0	832	832	274	828	832
64	832	832	278	828	832
128	832	832	294	828	832
192	832	832	321	828	832
256	832	832	356	828	832
320	832	832	399	828	832
384	832	832	445	829	832
448	832	832	496	829	832
512	832	832	548	829	832
576	832	832	603	829	832
640	832	832	659	830	832
704	832	832	715	830	831
768	832	832	773	831	831
832	832	832	831	831	831
896	832	832	890	832	831
960	832	832	949	832	831
1023	832	832	1007	833	831
0	896	832	287	891	832
64	896	832	291	891	832
128	896	832	306	891	832
192	896	832	331	891	832
256	896	832	366	891	832
320	896	832	407	891	832
384	896	832	453	891	832
448	896	832	502	892	832
512	896	832	554	892	832
576	896	832	608	892	832
640	896	832	663	893	832
704	896	832	720	893	832
768	896	832	777	893	832
832	896	832	835	894	832
896	896	832	893	894	831
960	896	832	952	895	831
1023	896	832	1010	895	831
0	960	832	300	954	833
64	960	832	304	954	833
128	960	832	318	954	833
192	960	832	343	954	833
256	960	832	376	954	833
320	960	832	415	954	833
384	960	832	460	954	833
448	960	832	509	955	833
512	960	832	560	955	833
576	960	832	613	955	832
640	960	832	668	955	832
704	960	832	724	956	832
768	960	832	781	956	832
832	960	832	838	956	832
896	960	832	896	957	832
960	960	832	955	957	832
1023	960	832	1013	958	832
0	1023	832	313	1016	833
64	1023	832	317	1016	833
128	1023	832	330	1016	833
192	1023	832	354	1016	833
256	1023	832	386	1016	833
320	1023	832	425	1016	833
384	1023	832	468	1016	833
448	1023	832	516	1016	833
512	1023	832	567	1017	833
576	1023	832	619	1017	833
640	1023	832	673	1017	833
704	1023	832	729	1018	833
768	1023	832	785	1018	833
832	1023	832	842	1018	833
896	1023	832	900	1019	832
960	1023	832	958	1019	832
1023	1023	832	1016	1020	832
0	0	896	196	126	893
64	0	896	203	127	893
128	0	896	225	127	893
192	0	896	261	128	893
256	0	896	305	129	893
320	0	896	354	130	893
384	0	896	407	132	893
448	0	896	463	134	893
512	0	896	519	136	893
576	0	896	577	139	893
640	0	896	636	142	893
704	0	896	695	145	893
768	0	896	754	148	893
832	0	896	814	152	893
896	0	896	874	156	892
960	0	896	934	161	892
1023	0	896	993	165	892
0	64	896	196	138	893
64	64	896	203	138	893
128	64	896	225	139	893
192	64	896	261	139	893
256	64	896	305	140	893
320	64	896	354	141	893
384	64	896	408	143	893
448	64	896	463	145	893
512	64	896	519	147	893
576	64	896	577	149	893
640	64	896	636	152	893
704	64	896	695	155	893
768	64	896	754	158	893
832	64	896	814	162	893
896	64	896	874	166	892
960	64	896	934	170	892
1023	64	896	993	174	892
0	128	896	198	173	893
64	128	896	204	173	893
128	128	896	227	174	893
192	128	896	262	174	893
256	128	896	306	175	893
320	128	896	355	176	893
384	128	896	408	177	893
448	128	896	463	178	893
512	128	896	520	180	893
576	128	896	578	182	893
640	128	896	636	184	893
704	128	896	695	187	893
768	128	896	754	189	893
832	128	896	814	192	893
896	128	896	874	195	892
960	128	896	934	198	892
1023	128	896	994	202	892
0	192	896	200	222	893
64	192	896	207	222	893
128	192	896	229	222	893
192	192	896	264	222	893
256	192	896	307	223	893
320	192	896	356	224	893
384	192	896	409	225	893
448	192	896	464	226	893
512	192	896	521	227	893
576	192	896	578	228	893
640	192	896	637	230	893
704	192	896	696	232	893
768	192	896	755	234	893
832	192	896	815	236	893
896	192	896	875	239	893
960	192	896	935	241	892
1023	192	896	994	244	892
0	256	896	204	277	894
64	256	896	211	277	894
128	256	896	232	277	894
192	256	896	266	277	894
256	256	896	309	278	894
320	256	896	358	278	893
384	256	896	411	279	893
448	256	896	466	280	893
512	256	896	522	281	893
576	256	896	579	282	893
640	256	896	638	283	893
704	256	896	696	285	893
768	256	896	756	286	893
832	256	896	815	288	893
896	256	896	875	290	893
960	256	896	935	292	892
1023	256	896	995	294	892
0	320	896	209	335	894
64	320	896	215	335	894
128	320	896	236	335	894
192	320	896	270	335	894
256	320	896	312	336	894
320	320	896	361	336	894
384	320	896	413	337	894
448	320	896	467	337	893
512	320	896	524	338	893
576	320	896	581	339	893
640	320	896	639	340	893
704	320	896	698	341	893
768	320	896	757	342	893
832	320	896	816	344	893
896	320	896	876	345	893
960	320	896	936	347	893
1023	320	896	995	349	892
0	384	896	215	395	894
64	384	896	221	395	894
128	384	896	241	395	894
192	384	896	274	395	894
256	384	896	316	395	894
320	384	896	364	396	894
384	384	896	416	396	894
448	384	896	470	397	894
512	384	896	526	397	894
576	384	896	583	398	893
640	384	896	640	399	893
704	384	896	699	400	893
768	384	896	758	401	893
832	384	896	817	402	893
896	384	896	877	403	893
960	384	896	937	405	893
1023	384	896	996	406	893
0	448	896	222	456	894
64	448	896	228	456	894
128	448	896	248	456	894
192	448	896	280	456	894
256	448	896	321	456	894
320	448	896	368	456	894
384	448	896	419	457	894
448	448	896	473	457	894
512	448	896	528	458	894
576	448	896	585	458	894
640	448	896	642	459	894
704	448	896	701	460	893
768	448	896	760	461	893
832	448	896	819	462	893
896	448	896	878	463	893
960	448	896	938	464	893
1023	448	896	997	465	893
0	512	896	230	517	894
64	512	896	236	517	894
128	512	896	255	517	894
192	512	896	286	517	894
256	512	896	326	518	894
320	512	896	372	518	894
384	512	896	423	518	894
448	512	896	476	519	894
512	512	896	531	519	894
576	512	896	587	520	894
640	512	896	645	520	894
704	512	896	703	521	894
768	512	896	762	522	893
832	512	896	821	522	893
896	512	896	880	523	893
960	512	896	940	524	893
1023	512	896	999	526	893
0	576	896	239	579	894
64	576	896	245	579	894
128	576	896	263	579	894
192	576	896	293	579	894
256	576	896	332	579	894
320	576	896	377	580	894
384	576	896	427	580	894
448	576	896	480	580	894
512	576	896	534	581	894
576	576	896	590	581	894
640	576	896	647	582	894
704	576	896	705	582	894
768	576	896	764	583	894
832	576	896	823	584	894
896	576	896	882	585	893
960	576	896	941	585	893
1023	576	896	1000	586	893
0	640	896	249	641	895
64	640	896	254	641	895
128	640	896	272	641	895
192	640	896	301	641	895
256	640	896	339	642	895
320	640	896	383	642	895
384	640	896	432	642	894
448	640	896	484	642	894
512	640	896	538	643	894
576	640	896	594	643	894
640	640	896	650	644	894
704	640	896	708	644	894
768	640	896	766	645	894
832	640	896	825	645	894
896	640	896	884	646	894
960	640	896	943	647	894
1023	640	896	1002	648	893
0	704	896	260	704	895
64	704	896	265	704	895
128	704	896	281	704	895
192	704	896	309	704	895
256	704	896	346	704	895
320	704	896	390	704	895
384	704	896	438	704	895
448	704	896	489	705	895
512	704	896	542	705	895
576	704	896	598	705	895
640	704	896	654	706	894
704	704	896	711	706	894
768	704	896	769	707	894
832	704	896	827	707	894
896	704	896	886	708	894
960	704	896	946	709	894
1023	704	896	1004	710	894
0	768	896	271	766	895
64	768	896	275	766	895
128	768	896	291	766	895
192	768	896	318	766	895
256	768	896	354	767	895
320	768	896	397	767	895
384	768	896	444	767	895
448	768	896	494	767	895
512	768	896	547	767	895
576	768	896	602	768	895
640	768	896	658	768	895
704	768	896	715	769	895
768	768	896	772	769	895
832	768	896	830	770	894
896	768	896	889	770	894
960	768	896	948	771	894
1023	768	896	1006	772	894
0	832	896	283	829	896
64	832	896	287	829	896
128	832	896	302	829	896
192	832	896	328	829	896
256	832	896	363	829	896
320	832	896	404	829	896
384	832	896	450	830	895
448	832	896	500	830	895
512	832	896	552	830	895
576	832	896	606	830	895
640	832	896	662	831	895
704	832	896	718	831	895
768	832	896	776	832	895
832	832	896	833	832	895
896	832	896	892	833	895
960	832	896	951	833	895
1023	832	896	1009	834	894
0	896	896	295	892	896
64	896	896	299	892	896
128	896	896	314	892	896
192	896	896	338	892	896
256	896	896	372	892	896
320	896	896	412	892	896
384	896	896	458	892	896
448	896	896	506	892	896
512	896	896	558	893	896
576	896	896	611	893	896
640	896	896	666	893	896
704	896	896	722	894	895
768	896	896	779	894	895
832	896	896	837	895	895
896	896	896	895	895	895
960	896	896	954	896	895
1023	896	896	1012	896	895
0	960	896	308	955	896
64	960	896	312	955	896
128	960	896	325	955	896
192	960	896	349	955	896
256	960	896	382	955	896
320	960	896	421	955	896
384	960	896	465	955	896
448	960	896	513	955	896
512	960	896	564	956	896
576	960	896	617	956	896
640	960	896	671	956	896
704	960	896	727	956	896
768	960	896	783	957	896
832	960	896	841	957	896
896	960	896	898	958	895
960	960	896	957	958	895
1023	960	896	1015	959	895
0	1023	896	320	1017	897
64	1023	896	324	1017	897
128	1023	896	338	1017	897
192	1023	896	360	1017	897
256	1023	896	392	1017	897
320	1023	896	430	1017	897
384	1023	896	473	1017	897
448	1023	896	520	1017	897
512	1023	896	570	1017	897
576	1023	896	622	1018	897
640	1023	896	676	1018	896
704	1023	896	731	1018	896
768	1023	896	788	1019	896
832	1023	896	845	1019	896
896	1023	896	902	1019	896
960	1023	896	960	1020	896
1023	1023	896	1018	1020	896
0	0	960	210	135	957
64	0	960	216	136	957
128	0	960	237	136	957
192	0	960	271	137	957
256	0	960	313	137	957
320	0	960	361	139	957
384	0	960	413	140	957
448	0	960	468	142	957
512	0	960	524	144	957
576	0	960	581	147	957
640	0	960	639	150	957
704	0	960	698	153	957
768	0	960	757	156	957
832	0	960	816	160	956
896	0	960	876	163	956
960	0	960	936	167	956
1023	0	960	995	172	956
0	64	960	210	146	957
64	64	960	217	147	957
128	64	960	237	147	957
192	64	960	271	147	957
256	64	960	313	148	957
320	64	960	362	149	957
384	64	960	414	151	957
448	64	960	468	153	957
512	64	960	524	155	957
576	64	960	581	157	957
640	64	960	639	159	957
704	64	960	698	162	957
768	64	960	757	165	957
832	64	960	817	169	956
896	64	960	876	172	956
960	64	960	936	176	956
1023	64	960	995	180	956
0	128	960	212	180	957
64	128	960	218	180	957
128	128	960	239	180	957
192	128	960	272	180	957
256	128	960	314	181	957
320	128	960	362	182	957
384	128	960	414	183	957
448	128	960	468	184	957
512	128	960	524	186	957
576	128	960	582	188	957
640	128	960	640	190	957
704	128	960	698	192	957
768	128	960	757	195	957
832	128	960	817	198	957
896	128	960	877	201	956
960	128	960	936	204	956
1023	128	960	996	207	956
0	192	960	214	227	957
64	192	960	220	227	957
128	192	960	241	227	957
192	192	960	274	227	957
256	192	960	316	228	957
320	192	960	363	228	957
384	192	960	415	229	957
448	192	960	469	230	957
512	192	960	525	232	957
576	192	960	582	233	957
640	192	960	640	235	957
704	192	960	699	236	957
768	192	960	758	238	957
832	192	960	817	241	957
896	192	960	877	243	956
960	192	960	937	245	956
1023	192	960	996	248	956
0	256	960	217	281	957
64	256	960	223	281	957
128	256	960	244	281	957
192	256	960	276	281	957
256	256	960	318	281	957
320	256	960	365	282	957
384	256	960	417	283	957
448	256	960	471	283	957
512	256	960	526	284	957
576	256	960	583	285	957
640	256	960	641	287	957
704	256	960	700	288	957
768	256	960	759	290	957
832	256	960	818	291	957
896	256	960	878	293	956
960	256	960	937	295	956
1023	256	960	997	297	956
0	320	960	222	338	957
64	320	960	228	338	957
128	320	960	248	338	957
192	320	960	280	338	957
256	320	960	321	339	957
320	320	960	368	339	957
384	320	960	419	340	957
448	320	960	473	340	957
512	320	960	528	341	957
576	320	960	585	342	957
640	320	960	642	343	957
704	320	960	701	344	957
768	320	960	760	345	957
832	320	960	819	347	957
896	320	960	878	348	957
960	320	960	938	350	956
1023	320	960	997	352	956
0	384	960	228	397	958
64	384	960	233	397	958
128	384	960	253	397	958
192	384	960	284	397	958
256	384	960	324	398	958
320	384	960	371	398	957
384	384	960	421	399	957
448	384	960	475	399	957
512	384	960	530	400	957
576	384	960	587	400	957
640	384	960	644	401	957
704	384	960	702	402	957
768	384	960	761	403	957
832	384	960	820	404	957
896	384	960	880	406	957
960	384	960	939	407	957
1023	384	960	998	409	956
0	448	960	234	458	958
64	448	960	240	458	958
128	448	960	258	458	958
192	448	960	289	458	958
256	448	960	329	458	958
320	448	960	375	458	958
384	448	960	425	459	958
448	448	960	478	459	958
512	448	960	532	460	957
576	448	960	589	460	957
640	448	960	646	461	957
704	448	960	704	462	957
768	448	960	763	463	957
832	448	960	822	464	957
896	448	960	881	465	957
960	448	960	941	466	957
1023	448	960	999	467	957
0	512	960	242	519	958
64	512	960	247	519	958
128	512	960	265	519	958
192	512	960	295	519	958
256	512	960	334	519	958
320	512	960	379	520	958
384	512	960	429	520	958
448	512	960	481	520	958
512	512	960	535	521	958
576	512	960	591	521	958
640	512	960	648	522	957
704	512	960	706	523	957
768	512	960	764	523	957
832	512	960	823	524	957
896	512	960	882	525	957
960	512	960	942	526	957
1023	512	960	1001	527	957
0	576	960	250	581	958
64	576	960	256	581	958
128	576	960	273	581	958
192	576	960	302	581	958
256	576	960	340	581	958
320	576	960	384	581	958
384	576	960	433	581	958
448	576	960	485	582	958
512	576	960	539	582	958
576	576	960	594	583	958
640	576	960	651	583	958
704	576	960	708	584	958
768	576	960	767	584	957
832	576	960	825	585	957
896	576	960	884	586	957
960	576	960	944	587	957
1023	576	960	1002	588	957
0	640	960	260	643	958
64	640	960	265	643	958
128	640	960	281	643	958
192	640	960	309	643	958
256	640	960	346	643	958
320	640	960	390	643	958
384	640	960	438	643	958
448	640	960	489	644	958
512	640	960	542	644	958
576	640	960	598	644	958
640	640	960	654	645	958
704	640	960	711	645	958
768	640	960	769	646	958
832	640	960	828	647	958
896	640	960	886	647	957
960	640	960	946	648	957
1023	640	960	1004	649	957
0	704	960	270	705	959
64	704	960	274	705	959
128	704	960	291	705	959
192	704	960	318	705	959
256	704	960	353	705	959
320	704	960	396	705	959
384	704	960	443	706	958
448	704	960	494	706	958
512	704	960	547	706	958
576	704	960	601	707	958
640	704	960	657	707	958
704	704	960	714	707	958
768	704	960	772	708	958
832	704	960	830	709	958
896	704	960	889	709	958
960	704	960	948	710	958
1023	704	960	1006	711	957
0	768	960	281	767	959
64	768	960	285	767	959
128	768	960	300	767	959
192	768	960	326	768	959
256	768	960	361	768	959
320	768	960	403	768	959
384	768	960	449	768	959
448	768	960	499	768	959
512	768	960	551	769	959
576	768	960	606	769	959
640	768	960	661	769	959
704	768	960	718	770	958
768	768	960	775	770	958
832	768	960	833	771	958
896	768	960	891	771	958
960	768	960	950	772	958
1023	768	960	1008	773	958
0	832	960	292	830	959
64	832	960	296	830	959
128	832	960	311	830	959
192	832	960	336	830	959
256	832	960	370	830	959
320	832	960	410	830	959
384	832	960	456	831	959
448	832	960	505	831	959
512	832	960	557	831	959
576	832	960	610	831	959
640	832	960	665	832	959
704	832	960	721	832	959
768	832	960	778	833	959
832	832	960	836	833	959
896	832	960	894	834	958
960	832	960	953	834	958
1023	832	960	1011	835	958
0	896	960	304	893	960
64	896	960	308	893	960
128	896	960	322	893	960
192	896	960	346	893	960
256	896	960	379	893	960
320	896	960	418	893	960
384	896	960	463	893	959
448	896	960	511	893	959
512	896	960	562	894	959
576	896	960	615	894	959
640	896	960	670	894	959
704	896	960	725	895	959
768	896	960	782	895	959
832	896	960	839	895	959
896	896	960	897	896	959
960	896	960	956	896	959
1023	896	960	1014	897	958
0	960	960	316	955	960
64	960	960	320	955	960
128	960	960	333	956	960
192	960	960	357	956	960
256	960	960	388	956	960
320	960	960	427	956	960
384	960	960	470	956	960
448	960	960	518	956	960
512	960	960	568	956	960
576	960	960	620	957	960
640	960	960	675	957	960
704	960	960	730	957	959
768	960	960	786	958	959
832	960	960	843	958	959
896	960	960	901	958	959
960	960	960	959	959	959
1023	960	960	1017	960	959
0	1023	960	328	1017	960
64	1023	960	332	1017	960
128	1023	960	345	1017	960
192	1023	960	367	1017	960
256	1023	960	398	1018	960
320	1023	960	435	1018	960
384	1023	960	478	1018	960
448	1023	960	525	1018	960
512	1023	960	574	1018	960
576	1023	960	626	1018	960
640	1023	960	680	1019	960
704	1023	960	734	1019	960
768	1023	960	790	1019	960
832	1023	960	847	1020	960
896	1023	960	904	1020	960
960	1023	960	962	1021	959
1023	1023	960	1020	1021	959
0	0	1023	224	144	1020
64	0	1023	230	144	1020
128	0	1023	249	145	1020
192	0	1023	281	145	1020
256	0	1023	322	146	1020
320	0	1023	369	147	1020
384	0	1023	420	149	1020
448	0	1023	473	151	1020
512	0	1023	529	153	1020
576	0	1023	585	155	1020
640	0	1023	643	158	1020
704	0	1023	701	160	1020
768	0	1023	760	164	1019
832	0	1023	819	167	1019
896	0	1023	879	171	1019
960	0	1023	939	174	1019
1023	0	1023	998	178	1019
0	64	1023	224	155	1020
64	64	1023	230	155	1020
128	64	1023	249	155	1020
192	64	1023	281	156	1020
256	64	1023	322	156	1020
320	64	1023	369	157	1020
384	64	1023	420	159	1020
448	64	1023	473	160	1020
512	64	1023	529	162	1020
576	64	1023	585	164	1020
640	64	1023	643	167	1020
704	64	1023	701	170	1020
768	64	1023	760	172	1019
832	64	1023	819	176	1019
896	64	1023	879	179	1019
960	64	1023	939	183	1019
1023	64	1023	998	187	1019
0	128	1023	225	186	1020
64	128	1023	231	186	1020
128	128	1023	250	186	1020
192	128	1023	282	187	1020
256	128	1023	323	187	1020
320	128	1023	370	188	1020
384	128	1023	420	189	1020
448	128	1023	474	191	1020
512	128	1023	529	192	1020
576	128	1023	586	194	1020
640	128	1023	643	196	1020
704	128	1023	702	198	1020
768	128	1023	760	201	1019
832	128	1023	820	203	1019
896	128	1023	879	206	1019
960	128	1023	939	209	1019
1023	128	1023	998	213	1019
0	192	1023	227	232	1020
64	192	1023	233	232	1020
128	192	1023	252	232	1020
192	192	1023	284	232	1020
256	192	1023	324	233	1020
320	192	1023	371	233	1020
384	192	1023	421	234	1020
448	192	1023	475	235	1020
512	192	1023	530	236	1020
576	192	1023	586	238	1020
640	192	1023	644	239	1020
704	192	1023	702	241	1020
768	192	1023	761	243	1020
832	192	1023	820	245	1019
896	192	1023	880	247	1019
960	192	1023	939	250	1019
1023	192	1023	998	253	1019
0	256	1023	231	284	1020
64	256	1023	236	284	1020
128	256	1023	255	285	1020
192	256	1023	286	285	1020
256	256	1023	326	285	1020
320	256	1023	373	286	1020
384	256	1023	423	286	1020
448	256	1023	476	287	1020
512	256	1023	531	288	1020
576	256	1023	588	289	1020
640	256	1023	645	290	1020
704	256	1023	703	292	1020
768	256	1023	762	293	1020
832	256	1023	821	295	1019
896	256	1023	880	297	1019
960	256	1023	940	299	1019
1023	256	1023	999	301	1019
0	320	1023	235	341	1020
64	320	1023	240	341	1020
128	320	1023	259	341	1020
192	320	1023	290	341	1020
256	320	1023	329	342	1020
320	320	1023	375	342	1020
384	320	1023	425	343	1020
448	320	1023	478	343	1020
512	320	1023	533	344	1020
576	320	1023	589	345	1020
640	320	1023	646	346	1020
704	320	1023	704	347	1020
768	320	1023	763	348	1020
832	320	1023	822	350	1020
896	320	1023	881	351	1019
960	320	1023	941	353	1019
1023	320	1023	1000	355	1019
0	384	1023	240	400	1020
64	384	1023	246	400	1020
128	384	1023	264	400	1020
192	384	1023	294	400	1020
256	384	1023	333	400	1020
320	384	1023	378	401	1020
384	384	1023	428	401	1020
448	384	1023	480	402	1020
512	384	1023	535	402	1020
576	384	1023	591	403	1020
640	384	1023	648	404	1020
704	384	1023	706	405	1020
768	384	1023	764	406	1020
832	384	1023	823	407	1020
896	384	1023	882	408	1020
960	384	1023	942	410	1019
1023	384	1023	1000	411	1019
0	448	1023	246	460	1021
64	448	1023	252	460	1021
128	448	1023	269	460	1021
192	448	1023	299	460	1020
256	448	1023	337	460	1020
320	448	1023	382	461	1020
384	448	1023	431	461	1020
448	448	1023	483	461	1020
512	448	1023	537	462	1020
576	448	1023	593	463	1020
640	448	1023	650	463	1020
704	448	1023	707	464	1020
768	448	1023	766	465	1020
832	448	1023	824	466	1020
896	448	1023	883	467	1020
960	448	1023	943	468	1020
1023	448	1023	1002	469	1019
0	512	1023	254	521	1021
64	512	1023	259	521	1021
128	512	1023	276	521	1021
192	512	1023	304	521	1021
256	512	1023	342	521	1021
320	512	1023	386	521	1021
384	512	1023	435	522	1021
448	512	1023	486	522	1021
512	512	1023	540	523	1020
576	512	1023	595	523	1020
640	512	1023	652	524	1020
704	512	1023	709	524	1020
768	512	1023	767	525	1020
832	512	1023	826	526	1020
896	512	1023	885	527	1020
960	512	1023	944	528	1020
1023	512	1023	1003	529	1020
0	576	1023	262	582	1021
64	576	1023	267	582	1021
128	576	1023	283	582	1021
192	576	1023	311	582	1021
256	576	1023	348	583	1021
320	576	1023	391	583	1021
384	576	1023	439	583	1021
448	576	1023	490	583	1021
512	576	1023	543	584	1021
576	576	1023	598	584	1021
640	576	1023	655	585	1020
704	576	1023	712	585	1020
768	576	1023	770	586	1020
832	576	1023	828	587	1020
896	576	1023	887	588	1020
960	576	1023	946	589	1020
1023	576	1023	1005	589	1020
0	640	1023	271	644	1021
64	640	1023	275	644	1021
128	640	1023	291	644	1021
192	640	1023	318	644	1021
256	640	1023	354	644	1021
320	640	1023	396	645	1021
384	640	1023	444	645	1021
448	640	1023	494	645	1021
512	640	1023	547	645	1021
576	640	1023	602	646	1021
640	640	1023	658	646	1021
704	640	1023	714	647	1021
768	640	1023	772	647	1021
832	640	1023	830	648	1020
896	640	1023	889	649	1020
960	640	1023	948	650	1020
1023	640	1023	1006	650	1020
0	704	1023	280	706	1021
64	704	1023	285	706	1021
128	704	1023	300	706	1021
192	704	1023	326	706	1021
256	704	1023	361	706	1021
320	704	1023	403	707	1021
384	704	1023	449	707	1021
448	704	1023	499	707	1021
512	704	1023	551	707	1021
576	704	1023	605	708	1021
640	704	1023	661	708	1021
704	704	1023	718	709	1021
768	704	1023	775	709	1021
832	704	1023	833	710	1021
896	704	1023	891	711	1021
960	704	1023	950	711	1020
1023	704	1023	1008	712	1020
0	768	1023	290	769	1022
64	768	1023	295	769	1022
128	768	1023	310	769	1022
192	768	1023	335	769	1022
256	768	1023	369	769	1022
320	768	1023	409	769	1022
384	768	1023	455	769	1021
448	768	1023	504	769	1021
512	768	1023	556	770	1021
576	768	1023	610	770	1021
640	768	1023	665	770	1021
704	768	1023	721	771	1021
768	768	1023	778	771	1021
832	768	1023	836	772	1021
896	768	1023	894	772	1021
960	768	1023	953	773	1021
1023	768	1023	1011	774	1021
0	832	1023	301	831	1022
64	832	1023	305	831	1022
128	832	1023	320	831	1022
192	832	1023	344	831	1022
256	832	1023	377	831	1022
320	832	1023	417	831	1022
384	832	1023	461	832	1022
448	832	1023	510	832	1022
512	832	1023	561	832	1022
576	832	1023	614	832	1022
640	832	1023	669	833	1022
704	832	1023	725	833	1021
768	832	1023	781	834	1021
832	832	1023	839	834	1021
896	832	1023	897	835	1021
960	832	1023	955	835	1021
1023	832	1023	1013	836	1021
0	896	1023	313	894	1022
64	896	1023	317	894	1022
128	896	1023	330	894	1022
192	896	1023	354	894	1022
256	896	1023	386	894	1022
320	896	1023	424	894	1022
384	896	1023	468	894	1022
448	896	1023	516	894	1022
512	896	1023	566	895	1022
576	896	1023	619	895	1022
640	896	1023	673	895	1022
704	896	1023	729	896	1022
768	896	1023	785	896	1022
832	896	1023	842	896	1022
896	896	1023	900	897	1021
960	896	1023	958	897	1021
1023	896	1023	1016	898	1021
0	960	1023	325	956	1023
64	960	1023	328	956	1023
128	960	1023	341	956	1023
192	960	1023	364	956	1023
256	960	1023	395	957	1023
320	960	1023	433	957	1023
384	960	1023	476	957	1022
448	960	1023	523	957	1022
512	960	1023	572	957	1022
576	960	1023	624	958	1022
640	960	1023	678	958	1022
704	960	1023	733	958	1022
768	960	1023	789	959	1022
832	960	1023	846	959	1022
896	960	1023	903	959	1022
960	960	1023	961	960	1022
1023	960	1023	1019	960	1022
0	1023	1023	337	1018	1023
64	1023	1023	340	1018	1023
128	1023	1023	353	1018	1023
192	1023	1023	375	1018	1023
256	1023	1023	405	1018	1023
320	1023	1023	441	1018	1023
384	1023	1023	483	1019	1023
448	1023	1023	529	1019	1023
512	1023	1023	579	1019	1023
576	1023	1023	630	1019	1023
640	1023	1023	683	1020	1023
704	1023	1023	738	1020	1023
768	1023	1023	793	1020	1022
832	1023	1023	850	1021	1022
896	1023	1023	907	1021	1022
960	1023	1023	965	1021	1022
1023	1023	1023	1022	1022	1022
