0	0	0	0	0	0
64	0	0	56	14	8
128	0	0	112	28	15
192	0	0	169	43	23
256	0	0	225	57	30
320	0	0	281	71	38
384	0	0	337	85	45
448	0	0	393	100	53
512	0	0	450	114	61
576	0	0	506	128	68
640	0	0	562	142	76
704	0	0	618	156	83
768	0	0	674	171	91
832	0	0	731	185	98
896	0	0	787	199	106
960	0	0	843	213	114
1023	0	0	898	227	121
0	64	0	32	62	18
64	64	0	63	64	19
128	64	0	116	67	23
192	64	0	171	74	28
256	64	0	226	82	34
320	64	0	282	92	41
384	64	0	338	103	48
448	64	0	394	114	55
512	64	0	450	127	63
576	64	0	506	139	70
640	64	0	563	152	77
704	64	0	619	166	85
768	64	0	675	179	92
832	64	0	731	192	100
896	64	0	787	206	107
960	64	0	843	220	114
1023	64	0	899	233	122
0	128	0	64	125	37
64	128	0	82	125	37
128	128	0	126	127	39
192	128	0	177	130	42
256	128	0	231	135	46
320	128	0	286	140	51
384	128	0	341	147	57
448	128	0	397	155	63
512	128	0	452	164	69
576	128	0	508	173	76
640	128	0	564	184	82
704	128	0	620	194	89
768	128	0	676	205	96
832	128	0	732	217	103
896	128	0	788	229	111
960	128	0	844	241	118
1023	128	0	900	253	125
0	192	0	96	187	55
64	192	0	108	188	55
128	192	0	143	189	56
192	192	0	189	191	58
256	192	0	240	194	61
320	192	0	293	197	65
384	192	0	347	202	69
448	192	0	401	207	74
512	192	0	456	214	79
576	192	0	512	221	85
640	192	0	567	228	91
704	192	0	623	237	97
768	192	0	679	246	103
832	192	0	734	255	110
896	192	0	790	265	117
960	192	0	846	275	123
1023	192	0	901	286	130
0	256	0	128	250	73
64	256	0	137	250	73
128	256	0	165	251	74
192	256	0	205	252	76
256	256	0	252	254	78
320	256	0	303	257	80
384	256	0	355	260	84
448	256	0	408	264	88
512	256	0	462	269	92
576	256	0	517	275	97
640	256	0	572	281	102
704	256	0	627	287	107
768	256	0	682	294	113
832	256	0	738	302	119
896	256	0	793	310	125
960	256	0	849	319	131
1023	256	0	904	327	138
0	320	0	159	312	91
64	320	0	167	313	91
128	320	0	190	313	92
192	320	0	225	314	93
256	320	0	268	316	95
320	320	0	315	318	97
384	320	0	365	320	100
448	320	0	417	324	103
512	320	0	470	327	107
576	320	0	524	332	111
640	320	0	578	336	115
704	320	0	632	342	120
768	320	0	687	348	125
832	320	0	742	354	130
896	320	0	797	361	136
960	320	0	853	368	141
1023	320	0	907	375	147
0	384	0	191	375	110
64	384	0	197	375	110
128	384	0	216	375	110
192	384	0	247	376	111
256	384	0	286	378	112
320	384	0	331	379	114
384	384	0	378	381	116
448	384	0	428	384	119
512	384	0	480	387	122
576	384	0	532	391	126
640	384	0	585	394	129
704	384	0	639	399	134
768	384	0	693	404	138
832	384	0	748	409	143
896	384	0	803	415	148
960	384	0	858	421	153
1023	384	0	912	427	158
0	448	0	223	437	128
64	448	0	228	437	128
128	448	0	245	438	128
192	448	0	272	439	129
256	448	0	307	440	130
320	448	0	348	441	132
384	448	0	393	443	134
448	448	0	441	445	136
512	448	0	491	448	139
576	448	0	542	450	142
640	448	0	594	454	145
704	448	0	647	458	148
768	448	0	701	462	152
832	448	0	755	466	157
896	448	0	809	471	161
960	448	0	863	476	166
1023	448	0	917	482	171
0	512	0	255	500	146
64	512	0	259	500	146
128	512	0	274	500	147
192	512	0	298	501	147
256	512	0	330	502	148
320	512	0	368	503	149
384	512	0	411	504	151
448	512	0	456	506	153
512	512	0	504	509	155
576	512	0	554	511	158
640	512	0	605	514	161
704	512	0	657	517	164
768	512	0	709	521	168
832	512	0	763	525	171
896	512	0	816	529	175
960	512	0	870	533	180
1023	512	0	924	538	184
0	576	0	287	562	164
64	576	0	291	562	164
128	576	0	303	563	165
192	576	0	325	563	165
256	576	0	354	564	166
320	576	0	389	565	167
384	576	0	429	566	169
448	576	0	473	568	170
512	576	0	519	570	172
576	576	0	567	572	175
640	576	0	617	575	177
704	576	0	668	577	180
768	576	0	719	581	183
832	576	0	772	584	187
896	576	0	825	588	190
960	576	0	878	592	194
1023	576	0	931	596	198
0	640	0	319	625	183
64	640	0	322	625	183
128	640	0	333	625	183
192	640	0	353	626	183
256	640	0	379	626	184
320	640	0	412	627	185
384	640	0	450	628	186
448	640	0	491	630	188
512	640	0	536	631	190
576	640	0	582	633	192
640	640	0	630	636	194
704	640	0	680	638	197
768	640	0	731	641	200
832	640	0	782	644	203
896	640	0	834	647	206
960	640	0	887	651	209
1023	640	0	939	655	213
0	704	0	351	687	201
64	704	0	354	687	201
128	704	0	364	688	201
192	704	0	381	688	202
256	704	0	406	689	202
320	704	0	436	689	203
384	704	0	472	690	204
448	704	0	511	692	206
512	704	0	553	693	207
576	704	0	598	695	209
640	704	0	645	697	211
704	704	0	694	699	214
768	704	0	743	702	216
832	704	0	794	704	219
896	704	0	845	707	222
960	704	0	897	711	225
1023	704	0	948	714	229
0	768	0	383	750	219
64	768	0	385	750	219
128	768	0	394	750	219
192	768	0	410	750	220
256	768	0	433	751	220
320	768	0	461	752	221
384	768	0	495	753	222
448	768	0	532	754	224
512	768	0	573	755	225
576	768	0	616	757	227
640	768	0	661	759	229
704	768	0	708	761	231
768	768	0	757	763	233
832	768	0	806	765	236
896	768	0	856	768	238
960	768	0	908	771	241
1023	768	0	958	774	244
0	832	0	415	812	237
64	832	0	417	812	237
128	832	0	425	813	238
192	832	0	440	813	238
256	832	0	461	813	239
320	832	0	487	814	239
384	832	0	518	815	240
448	832	0	554	816	241
512	832	0	593	817	243
576	832	0	634	819	244
640	832	0	678	820	246
704	832	0	724	822	248
768	832	0	771	824	250
832	832	0	820	826	252
896	832	0	869	829	255
960	832	0	919	831	258
1023	832	0	970	834	261
0	896	0	447	875	256
64	896	0	449	875	256
128	896	0	456	875	256
192	896	0	470	875	256
256	896	0	489	876	257
320	896	0	514	876	257
384	896	0	543	877	258
448	896	0	577	878	259
512	896	0	614	879	261
576	896	0	654	881	262
640	896	0	697	882	264
704	896	0	741	884	265
768	896	0	787	886	267
832	896	0	834	888	269
896	896	0	883	890	272
960	896	0	932	892	274
1023	896	0	982	895	277
0	960	0	478	937	274
64	960	0	480	937	274
128	960	0	487	937	274
192	960	0	500	938	274
256	960	0	518	938	275
320	960	0	541	939	276
384	960	0	569	939	276
448	960	0	601	940	277
512	960	0	636	941	278
576	960	0	675	943	280
640	960	0	716	944	281
704	960	0	759	945	283
768	960	0	804	947	285
832	960	0	850	949	287
896	960	0	897	951	289
960	960	0	946	953	291
1023	960	0	994	956	294
0	1023	0	510	999	292
64	1023	0	512	999	292
128	1023	0	518	999	292
192	1023	0	530	999	292
256	1023	0	547	1000	293
320	1023	0	568	1000	293
384	1023	0	595	1001	294
448	1023	0	625	1002	295
512	1023	0	659	1003	296
576	1023	0	696	1004	297
640	1023	0	736	1005	299
704	1023	0	777	1006	300
768	1023	0	821	1008	302
832	1023	0	866	1010	304
896	1023	0	912	1012	306
960	1023	0	960	1014	308
1023	1023	0	1008	1016	310
0	0	64	13	9	62
64	0	64	57	17	62
128	0	64	113	30	63
192	0	64	169	43	65
256	0	64	225	57	67
320	0	64	281	71	71
384	0	64	337	86	75
448	0	64	394	100	79
512	0	64	450	114	84
576	0	64	506	128	89
640	0	64	562	142	95
704	0	64	618	157	101
768	0	64	675	171	107
832	0	64	731	185	113
896	0	64	787	199	120
960	0	64	843	213	126
1023	0	64	898	227	133
0	64	64	34	63	64
64	64	64	64	64	64
128	64	64	116	68	65
192	64	64	171	74	67
256	64	64	226	82	69
320	64	64	282	92	72
384	64	64	338	103	76
448	64	64	394	115	80
512	64	64	450	127	85
576	64	64	506	140	90
640	64	64	563	153	96
704	64	64	619	166	102
768	64	64	675	179	108
832	64	64	731	193	114
896	64	64	787	206	121
960	64	64	843	220	127
1023	64	64	899	233	134
0	128	64	65	125	70
64	128	64	83	126	70
128	128	64	127	127	71
192	128	64	178	130	73
256	128	64	231	135	75
320	128	64	286	140	78
384	128	64	341	147	81
448	128	64	397	155	85
512	128	64	453	164	90
576	128	64	508	173	95
640	128	64	564	184	100
704	128	64	620	194	106
768	128	64	676	206	111
832	128	64	732	217	117
896	128	64	788	229	124
960	128	64	844	241	130
1023	128	64	900	253	136
0	192	64	96	188	80
64	192	64	109	188	80
128	192	64	143	189	81
192	192	64	189	191	82
256	192	64	240	194	84
320	192	64	293	197	87
384	192	64	347	202	90
448	192	64	401	207	93
512	192	64	456	214	97
576	192	64	512	221	102
640	192	64	567	228	107
704	192	64	623	237	112
768	192	64	679	246	117
832	192	64	734	255	123
896	192	64	790	265	129
960	192	64	846	275	135
1023	192	64	901	286	141
0	256	64	128	250	93
64	256	64	137	250	93
128	256	64	165	251	94
192	256	64	206	252	95
256	256	64	252	254	96
320	256	64	303	257	98
384	256	64	355	260	101
448	256	64	408	264	104
512	256	64	462	269	108
576	256	64	517	275	112
640	256	64	572	281	116
704	256	64	627	287	121
768	256	64	682	294	126
832	256	64	738	302	131
896	256	64	793	310	137
960	256	64	849	319	142
1023	256	64	904	327	148
0	320	64	160	312	107
64	320	64	167	313	107
128	320	64	190	313	108
192	320	64	225	314	109
256	320	64	268	316	110
320	320	64	315	318	112
384	320	64	365	321	114
448	320	64	417	324	117
512	320	64	470	327	120
576	320	64	524	332	124
640	320	64	578	336	128
704	320	64	632	342	132
768	320	64	687	348	136
832	320	64	742	354	141
896	320	64	798	361	146
960	320	64	853	368	151
1023	320	64	907	375	157
0	384	64	192	375	123
64	384	64	197	375	123
128	384	64	217	376	123
192	384	64	247	376	124
256	384	64	286	378	125
320	384	64	331	379	127
384	384	64	378	381	129
448	384	64	428	384	131
512	384	64	480	387	134
576	384	64	532	391	137
640	384	64	585	395	140
704	384	64	639	399	144
768	384	64	693	404	148
832	384	64	748	409	153
896	384	64	803	415	157
960	384	64	858	421	162
1023	384	64	912	427	167
0	448	64	224	437	139
64	448	64	228	438	139
128	448	64	245	438	140
192	448	64	272	439	140
256	448	64	307	440	141
320	448	64	348	441	143
384	448	64	394	443	144
448	448	64	441	445	146
512	448	64	491	448	149
576	448	64	542	451	152
640	448	64	595	454	155
704	448	64	647	458	158
768	448	64	701	462	162
832	448	64	755	466	166
896	448	64	809	471	170
960	448	64	863	476	174
1023	448	64	917	482	179
0	512	64	255	500	156
64	512	64	259	500	156
128	512	64	274	500	156
192	512	64	298	501	157
256	512	64	330	502	158
320	512	64	368	503	159
384	512	64	411	505	160
448	512	64	456	506	162
512	512	64	504	509	164
576	512	64	554	511	167
640	512	64	605	514	169
704	512	64	657	517	173
768	512	64	710	521	176
832	512	64	763	525	179
896	512	64	816	529	183
960	512	64	870	533	187
1023	512	64	924	538	191
0	576	64	287	562	173
64	576	64	291	562	173
128	576	64	303	563	173
192	576	64	325	563	174
256	576	64	354	564	175
320	576	64	389	565	176
384	576	64	430	566	177
448	576	64	473	568	179
512	576	64	519	570	180
576	576	64	568	572	183
640	576	64	617	575	185
704	576	64	668	577	188
768	576	64	720	581	191
832	576	64	772	584	194
896	576	64	825	588	197
960	576	64	878	592	201
1023	576	64	931	596	205
0	640	64	319	625	190
64	640	64	322	625	190
128	640	64	333	625	190
192	640	64	353	626	191
256	640	64	379	626	192
320	640	64	412	627	193
384	640	64	450	628	194
448	640	64	491	630	195
512	640	64	536	632	197
576	640	64	582	633	199
640	640	64	631	636	201
704	640	64	680	638	204
768	640	64	731	641	206
832	640	64	782	644	209
896	640	64	834	647	212
960	640	64	887	651	216
1023	640	64	939	655	219
0	704	64	351	687	208
64	704	64	354	687	208
128	704	64	364	688	208
192	704	64	381	688	208
256	704	64	406	689	209
320	704	64	436	689	210
384	704	64	472	691	211
448	704	64	511	692	212
512	704	64	554	693	214
576	704	64	598	695	216
640	704	64	645	697	218
704	704	64	694	699	220
768	704	64	743	702	222
832	704	64	794	704	225
896	704	64	845	707	228
960	704	64	897	711	231
1023	704	64	948	714	234
0	768	64	383	750	225
64	768	64	385	750	225
128	768	64	394	750	225
192	768	64	410	750	226
256	768	64	433	751	226
320	768	64	461	752	227
384	768	64	495	753	228
448	768	64	532	754	229
512	768	64	573	755	231
576	768	64	616	757	232
640	768	64	661	759	234
704	768	64	708	761	236
768	768	64	757	763	239
832	768	64	806	765	241
896	768	64	856	768	244
960	768	64	908	771	247
1023	768	64	959	774	250
0	832	64	415	812	243
64	832	64	417	812	243
128	832	64	425	813	243
192	832	64	440	813	244
256	832	64	461	813	244
320	832	64	487	814	245
384	832	64	519	815	246
448	832	64	554	816	247
512	832	64	593	817	248
576	832	64	634	819	250
640	832	64	678	820	251
704	832	64	724	822	253
768	832	64	771	824	255
832	832	64	820	826	258
896	832	64	869	829	260
960	832	64	919	832	263
1023	832	64	970	834	266
0	896	64	447	875	261
64	896	64	449	875	261
128	896	64	456	875	261
192	896	64	470	875	261
256	896	64	489	876	262
320	896	64	514	876	262
384	896	64	543	877	263
448	896	64	577	878	264
512	896	64	614	879	265
576	896	64	654	881	267
640	896	64	697	882	268
704	896	64	741	884	270
768	896	64	787	886	272
832	896	64	834	888	274
896	896	64	883	890	277
960	896	64	932	892	279
1023	896	64	982	895	282
0	960	64	479	937	279
64	960	64	481	937	279
128	960	64	487	937	279
192	960	64	500	938	279
256	960	64	518	938	280
320	960	64	541	939	280
384	960	64	569	939	281
448	960	64	601	940	282
512	960	64	636	941	283
576	960	64	675	943	284
640	960	64	716	944	286
704	960	64	759	946	287
768	960	64	804	947	289
832	960	64	850	949	291
896	960	64	897	951	293
960	960	64	946	954	296
1023	960	64	994	956	298
0	1023	64	510	999	296
64	1023	64	512	999	296
128	1023	64	518	999	296
192	1023	64	530	999	297
256	1023	64	547	1000	297
320	1023	64	568	1000	298
384	1023	64	595	1001	298
448	1023	64	625	1002	299
512	1023	64	659	1003	300
576	1023	64	696	1004	302
640	1023	64	736	1005	303
704	1023	64	777	1006	304
768	1023	64	821	1008	306
832	1023	64	866	1010	308
896	1023	64	912	1012	310
960	1023	64	960	1014	312
1023	1023	64	1008	1016	314
0	0	128	27	19	124
64	0	128	61	23	124
128	0	128	115	33	124
192	0	128	170	46	125
256	0	128	226	59	126
320	0	128	282	73	128
384	0	128	338	87	130
448	0	128	394	101	132
512	0	128	450	115	135
576	0	128	506	129	138
640	0	128	562	143	141
704	0	128	619	157	145
768	0	128	675	171	149
832	0	128	731	185	153
896	0	128	787	200	158
960	0	128	843	214	163
1023	0	128	899	228	168
0	64	128	40	64	125
64	64	128	67	66	125
128	64	128	118	69	125
192	64	128	172	75	126
256	64	128	227	83	127
320	64	128	283	93	129
384	64	128	339	104	131
448	64	128	395	115	133
512	64	128	451	128	136
576	64	128	507	140	139
640	64	128	563	153	142
704	64	128	619	166	146
768	64	128	675	179	150
832	64	128	731	193	154
896	64	128	787	206	159
960	64	128	844	220	163
1023	64	128	899	234	168
0	128	128	68	126	127
64	128	128	86	126	128
128	128	128	128	128	128
192	128	128	179	131	129
256	128	128	232	135	130
320	128	128	287	141	131
384	128	128	342	148	133
448	128	128	397	156	136
512	128	128	453	164	138
576	128	128	509	174	141
640	128	128	564	184	145
704	128	128	620	195	148
768	128	128	676	206	152
832	128	128	732	217	156
896	128	128	788	229	161
960	128	128	845	241	165
1023	128	128	900	254	170
0	192	128	98	188	133
64	192	128	110	188	133
128	192	128	145	189	133
192	192	128	190	191	134
256	192	128	241	194	135
320	192	128	293	198	136
384	192	128	347	202	138
448	192	128	402	208	140
512	192	128	457	214	143
576	192	128	512	221	146
640	192	128	568	229	149
704	192	128	623	237	153
768	192	128	679	246	156
832	192	128	735	255	160
896	192	128	791	265	165
960	192	128	846	276	169
1023	192	128	902	286	174
0	256	128	129	250	140
64	256	128	138	251	140
128	256	128	166	251	141
192	256	128	206	253	141
256	256	128	253	255	142
320	256	128	303	257	144
384	256	128	355	261	145
448	256	128	409	265	147
512	256	128	463	270	150
576	256	128	517	275	152
640	256	128	572	281	155
704	256	128	627	287	159
768	256	128	683	295	162
832	256	128	738	302	166
896	256	128	794	310	171
960	256	128	849	319	175
1023	256	128	904	328	179
0	320	128	161	313	149
64	320	128	168	313	149
128	320	128	191	313	150
192	320	128	226	314	150
256	320	128	269	316	151
320	320	128	316	318	153
384	320	128	366	321	154
448	320	128	418	324	156
512	320	128	470	328	158
576	320	128	524	332	161
640	320	128	578	337	164
704	320	128	633	342	167
768	320	128	687	348	170
832	320	128	742	354	174
896	320	128	798	361	178
960	320	128	853	368	182
1023	320	128	908	376	186
0	384	128	193	375	160
64	384	128	198	375	160
128	384	128	217	376	161
192	384	128	248	377	161
256	384	128	287	378	162
320	384	128	331	379	163
384	384	128	379	382	165
448	384	128	429	384	166
512	384	128	480	387	168
576	384	128	532	391	171
640	384	128	586	395	174
704	384	128	639	399	176
768	384	128	694	404	180
832	384	128	748	409	183
896	384	128	803	415	187
960	384	128	858	421	191
1023	384	128	912	427	195
0	448	128	224	438	172
64	448	128	229	438	172
128	448	128	245	438	173
192	448	128	272	439	173
256	448	128	308	440	174
320	448	128	349	441	175
384	448	128	394	443	176
448	448	128	442	445	178
512	448	128	492	448	180
576	448	128	543	451	182
640	448	128	595	454	185
704	448	128	648	458	187
768	448	128	701	462	190
832	448	128	755	466	194
896	448	128	809	471	197
960	448	128	864	476	201
1023	448	128	917	482	205
0	512	128	256	500	186
64	512	128	260	500	186
128	512	128	274	500	186
192	512	128	298	501	186
256	512	128	330	502	187
320	512	128	368	503	188
384	512	128	411	505	189
448	512	128	457	507	191
512	512	128	505	509	193
576	512	128	554	511	195
640	512	128	605	514	197
704	512	128	657	517	199
768	512	128	710	521	202
832	512	128	763	525	205
896	512	128	816	529	209
960	512	128	870	534	212
1023	512	128	924	538	216
0	576	128	288	562	200
64	576	128	291	563	200
128	576	128	304	563	200
192	576	128	325	563	200
256	576	128	354	564	201
320	576	128	390	565	202
384	576	128	430	567	203
448	576	128	473	568	205
512	576	128	520	570	206
576	576	128	568	572	208
640	576	128	617	575	210
704	576	128	668	578	212
768	576	128	720	581	215
832	576	128	772	584	218
896	576	128	825	588	221
960	576	128	878	592	224
1023	576	128	931	596	228
0	640	128	320	625	214
64	640	128	323	625	215
128	640	128	334	625	215
192	640	128	353	626	215
256	640	128	380	626	216
320	640	128	413	627	217
384	640	128	450	629	218
448	640	128	492	630	219
512	640	128	536	632	220
576	640	128	583	634	222
640	640	128	631	636	224
704	640	128	680	638	226
768	640	128	731	641	229
832	640	128	782	644	231
896	640	128	834	647	234
960	640	128	887	651	237
1023	640	128	939	655	240
0	704	128	351	687	230
64	704	128	354	687	230
128	704	128	364	688	230
192	704	128	382	688	230
256	704	128	406	689	231
320	704	128	437	690	232
384	704	128	472	691	233
448	704	128	511	692	234
512	704	128	554	693	235
576	704	128	599	695	237
640	704	128	645	697	239
704	704	128	694	699	241
768	704	128	743	702	243
832	704	128	794	705	245
896	704	128	845	708	248
960	704	128	897	711	251
1023	704	128	949	714	254
0	768	128	383	750	246
64	768	128	386	750	246
128	768	128	395	750	246
192	768	128	411	751	246
256	768	128	433	751	247
320	768	128	462	752	247
384	768	128	495	753	248
448	768	128	532	754	249
512	768	128	573	755	251
576	768	128	616	757	252
640	768	128	661	759	254
704	768	128	708	761	256
768	768	128	757	763	258
832	768	128	806	765	260
896	768	128	857	768	262
960	768	128	908	771	265
1023	768	128	959	774	268
0	832	128	415	812	262
64	832	128	417	812	262
128	832	128	426	813	262
192	832	128	440	813	262
256	832	128	461	813	263
320	832	128	487	814	263
384	832	128	519	815	264
448	832	128	554	816	265
512	832	128	593	817	266
576	832	128	635	819	268
640	832	128	679	820	269
704	832	128	724	822	271
768	832	128	771	824	273
832	832	128	820	826	275
896	832	128	869	829	277
960	832	128	920	832	280
1023	832	128	970	834	282
0	896	128	447	875	278
64	896	128	449	875	278
128	896	128	457	875	278
192	896	128	470	875	279
256	896	128	489	876	279
320	896	128	514	876	280
384	896	128	544	877	280
448	896	128	577	878	281
512	896	128	614	879	282
576	896	128	654	881	284
640	896	128	697	882	285
704	896	128	741	884	287
768	896	128	787	886	289
832	896	128	834	888	291
896	896	128	883	890	293
960	896	128	932	892	295
1023	896	128	982	895	297
0	960	128	479	937	295
64	960	128	481	937	295
128	960	128	488	938	295
192	960	128	500	938	295
256	960	128	518	938	296
320	960	128	541	939	296
384	960	128	569	940	297
448	960	128	601	940	298
512	960	128	637	941	299
576	960	128	675	943	300
640	960	128	716	944	301
704	960	128	759	946	303
768	960	128	804	947	305
832	960	128	850	949	306
896	960	128	897	951	308
960	960	128	946	954	311
1023	960	128	994	956	313
0	1023	128	510	999	311
64	1023	128	512	999	311
128	1023	128	518	999	311
192	1023	128	530	999	312
256	1023	128	547	1000	312
320	1023	128	569	1000	313
384	1023	128	595	1001	313
448	1023	128	625	1002	314
512	1023	128	659	1003	315
576	1023	128	696	1004	316
640	1023	128	736	1005	317
704	1023	128	777	1006	319
768	1023	128	821	1008	320
832	1023	128	866	1010	322
896	1023	128	913	1012	324
960	1023	128	960	1014	326
1023	1023	128	1008	1016	328
0	0	192	40	28	186
64	0	192	67	31	186
128	0	192	118	39	186
192	0	192	172	50	186
256	0	192	227	62	187
320	0	192	283	75	188
384	0	192	339	89	189
448	0	192	395	102	191
512	0	192	451	116	193
576	0	192	507	130	195
640	0	192	563	144	197
704	0	192	619	158	199
768	0	192	675	172	202
832	0	192	731	186	205
896	0	192	787	200	208
960	0	192	844	214	212
1023	0	192	899	228	216
0	64	192	50	67	186
64	64	192	73	68	186
128	64	192	121	72	186
192	64	192	174	78	187
256	64	192	229	85	188
320	64	192	284	95	189
384	64	192	340	105	190
448	64	192	395	117	191
512	64	192	451	129	193
576	64	192	507	141	195
640	64	192	563	154	197
704	64	192	619	167	200
768	64	192	675	180	203
832	64	192	732	194	206
896	64	192	788	207	209
960	64	192	844	221	212
1023	64	192	899	234	216
0	128	192	74	127	188
64	128	192	90	128	188
128	128	192	131	129	188
192	128	192	180	132	189
256	128	192	233	137	189
320	128	192	288	142	190
384	128	192	343	149	192
448	128	192	398	157	193
512	128	192	453	165	195
576	128	192	509	175	197
640	128	192	565	185	199
704	128	192	621	196	202
768	128	192	677	207	204
832	128	192	733	218	207
896	128	192	789	230	210
960	128	192	845	242	214
1023	128	192	900	254	218
0	192	192	102	189	191
64	192	192	114	189	191
128	192	192	147	190	192
192	192	192	192	192	192
256	192	192	242	195	193
320	192	192	294	198	194
384	192	192	348	203	195
448	192	192	402	209	196
512	192	192	457	215	198
576	192	192	513	222	200
640	192	192	568	229	202
704	192	192	624	238	205
768	192	192	679	247	207
832	192	192	735	256	210
896	192	192	791	266	213
960	192	192	847	276	217
1023	192	192	902	287	220
0	256	192	132	251	196
64	256	192	141	251	196
128	256	192	168	252	196
192	256	192	208	253	197
256	256	192	254	255	197
320	256	192	304	258	198
384	256	192	356	261	200
448	256	192	409	265	201
512	256	192	463	270	203
576	256	192	518	275	205
640	256	192	572	281	207
704	256	192	628	288	209
768	256	192	683	295	212
832	256	192	738	303	215
896	256	192	794	311	218
960	256	192	850	319	221
1023	256	192	904	328	224
0	320	192	163	313	202
64	320	192	170	313	202
128	320	192	192	314	203
192	320	192	227	315	203
256	320	192	270	316	204
320	320	192	317	319	205
384	320	192	367	321	206
448	320	192	418	324	207
512	320	192	471	328	209
576	320	192	524	332	211
640	320	192	579	337	213
704	320	192	633	342	215
768	320	192	688	348	217
832	320	192	743	354	220
896	320	192	798	361	223
960	320	192	853	368	226
1023	320	192	908	376	230
0	384	192	194	375	210
64	384	192	200	376	210
128	384	192	219	376	210
192	384	192	249	377	211
256	384	192	288	378	211
320	384	192	332	380	212
384	384	192	380	382	213
448	384	192	429	385	215
512	384	192	481	388	216
576	384	192	533	391	218
640	384	192	586	395	220
704	384	192	640	399	222
768	384	192	694	404	225
832	384	192	748	410	227
896	384	192	803	415	230
960	384	192	858	421	233
1023	384	192	912	428	236
0	448	192	226	438	219
64	448	192	230	438	219
128	448	192	247	438	219
192	448	192	274	439	220
256	448	192	309	440	220
320	448	192	350	441	221
384	448	192	395	443	222
448	448	192	442	445	223
512	448	192	492	448	225
576	448	192	543	451	227
640	448	192	595	454	228
704	448	192	648	458	231
768	448	192	701	462	233
832	448	192	755	467	235
896	448	192	809	471	238
960	448	192	864	477	241
1023	448	192	918	482	244
0	512	192	257	500	229
64	512	192	261	500	229
128	512	192	275	501	229
192	512	192	299	501	230
256	512	192	331	502	230
320	512	192	369	503	231
384	512	192	412	505	232
448	512	192	457	507	233
512	512	192	505	509	235
576	512	192	555	511	236
640	512	192	606	514	238
704	512	192	658	518	240
768	512	192	710	521	242
832	512	192	763	525	245
896	512	192	817	529	247
960	512	192	871	534	250
1023	512	192	924	539	253
0	576	192	289	563	240
64	576	192	292	563	240
128	576	192	305	563	241
192	576	192	326	564	241
256	576	192	355	564	241
320	576	192	390	565	242
384	576	192	430	567	243
448	576	192	474	568	244
512	576	192	520	570	245
576	576	192	568	572	247
640	576	192	618	575	249
704	576	192	668	578	251
768	576	192	720	581	253
832	576	192	772	584	255
896	576	192	825	588	258
960	576	192	878	592	260
1023	576	192	931	596	263
0	640	192	321	625	252
64	640	192	324	625	252
128	640	192	335	625	253
192	640	192	354	626	253
256	640	192	380	627	253
320	640	192	413	628	254
384	640	192	451	629	255
448	640	192	492	630	256
512	640	192	537	632	257
576	640	192	583	634	259
640	640	192	631	636	260
704	640	192	681	638	262
768	640	192	731	641	264
832	640	192	783	644	266
896	640	192	835	648	269
960	640	192	887	651	271
1023	640	192	940	655	274
0	704	192	352	688	265
64	704	192	355	688	265
128	704	192	365	688	265
192	704	192	382	688	266
256	704	192	407	689	266
320	704	192	437	690	267
384	704	192	473	691	268
448	704	192	512	692	268
512	704	192	554	694	270
576	704	192	599	695	271
640	704	192	646	697	273
704	704	192	694	699	274
768	704	192	744	702	276
832	704	192	794	705	278
896	704	192	845	708	281
960	704	192	897	711	283
1023	704	192	949	714	286
0	768	192	384	750	278
64	768	192	387	750	278
128	768	192	396	750	279
192	768	192	411	751	279
256	768	192	434	751	279
320	768	192	462	752	280
384	768	192	495	753	281
448	768	192	533	754	282
512	768	192	573	755	283
576	768	192	617	757	284
640	768	192	662	759	286
704	768	192	709	761	287
768	768	192	757	763	289
832	768	192	807	766	291
896	768	192	857	768	293
960	768	192	908	771	295
1023	768	192	959	774	298
0	832	192	416	813	292
64	832	192	418	813	292
128	832	192	426	813	293
192	832	192	441	813	293
256	832	192	462	814	293
320	832	192	488	814	294
384	832	192	519	815	295
448	832	192	555	816	295
512	832	192	594	817	297
576	832	192	635	819	298
640	832	192	679	820	299
704	832	192	725	822	301
768	832	192	772	824	302
832	832	192	820	827	304
896	832	192	870	829	306
960	832	192	920	832	308
1023	832	192	970	835	311
0	896	192	448	875	307
64	896	192	450	875	307
128	896	192	457	875	307
192	896	192	471	875	307
256	896	192	490	876	308
320	896	192	515	877	308
384	896	192	544	877	309
448	896	192	578	878	310
512	896	192	615	879	311
576	896	192	655	881	312
640	896	192	697	882	313
704	896	192	741	884	315
768	896	192	787	886	316
832	896	192	835	888	318
896	896	192	883	890	320
960	896	192	933	893	322
1023	896	192	982	895	324
0	960	192	479	937	322
64	960	192	481	937	322
128	960	192	488	938	322
192	960	192	501	938	322
256	960	192	519	938	323
320	960	192	542	939	323
384	960	192	570	940	324
448	960	192	602	941	324
512	960	192	637	942	325
576	960	192	675	943	327
640	960	192	716	944	328
704	960	192	759	946	329
768	960	192	804	947	331
832	960	192	850	949	332
896	960	192	898	951	334
960	960	192	946	954	336
1023	960	192	995	956	338
0	1023	192	511	999	337
64	1023	192	513	999	337
128	1023	192	519	999	337
192	1023	192	531	999	337
256	1023	192	547	1000	337
320	1023	192	569	1000	338
384	1023	192	595	1001	339
448	1023	192	626	1002	339
512	1023	192	660	1003	340
576	1023	192	697	1004	341
640	1023	192	736	1005	342
704	1023	192	778	1007	344
768	1023	192	821	1008	345
832	1023	192	866	1010	347
896	1023	192	913	1012	349
960	1023	192	960	1014	350
1023	1023	192	1008	1016	352
0	0	256	54	38	247
64	0	256	75	40	247
128	0	256	122	46	248
192	0	256	175	55	248
256	0	256	229	66	248
320	0	256	284	79	249
384	0	256	340	92	250
448	0	256	396	105	251
512	0	256	452	118	252
576	0	256	508	132	254
640	0	256	564	146	256
704	0	256	620	160	257
768	0	256	676	173	259
832	0	256	732	187	262
896	0	256	788	201	264
960	0	256	844	215	267
1023	0	256	899	229	270
0	64	256	61	71	248
64	64	256	80	72	248
128	64	256	125	75	248
192	64	256	177	81	248
256	64	256	231	88	249
320	64	256	285	97	250
384	64	256	341	108	250
448	64	256	396	119	252
512	64	256	452	131	253
576	64	256	508	143	254
640	64	256	564	156	256
704	64	256	620	168	258
768	64	256	676	182	260
832	64	256	732	195	262
896	64	256	788	208	264
960	64	256	844	222	267
1023	64	256	899	235	270
0	128	256	81	129	249
64	128	256	96	129	249
128	128	256	135	131	249
192	128	256	183	134	250
256	128	256	235	138	250
320	128	256	289	144	251
384	128	256	344	150	252
448	128	256	399	158	253
512	128	256	454	167	254
576	128	256	510	176	255
640	128	256	566	186	257
704	128	256	621	197	259
768	128	256	677	208	261
832	128	256	733	219	263
896	128	256	789	231	266
960	128	256	845	243	268
1023	128	256	900	255	271
0	192	256	107	190	251
64	192	256	118	190	251
128	192	256	150	191	252
192	192	256	194	193	252
256	192	256	244	196	253
320	192	256	296	200	253
384	192	256	349	204	254
448	192	256	404	210	255
512	192	256	458	216	256
576	192	256	513	223	258
640	192	256	569	230	259
704	192	256	624	239	261
768	192	256	680	247	263
832	192	256	736	257	265
896	192	256	791	267	268
960	192	256	847	277	270
1023	192	256	902	287	273
0	256	256	136	252	255
64	256	256	144	252	255
128	256	256	171	253	255
192	256	256	210	254	256
256	256	256	256	256	256
320	256	256	306	259	257
384	256	256	357	262	258
448	256	256	410	266	259
512	256	256	464	271	260
576	256	256	518	276	261
640	256	256	573	282	263
704	256	256	628	289	265
768	256	256	683	296	267
832	256	256	739	303	269
896	256	256	794	311	271
960	256	256	850	320	274
1023	256	256	905	329	276
0	320	256	166	314	260
64	320	256	173	314	260
128	320	256	195	314	260
192	320	256	229	316	260
256	320	256	271	317	261
320	320	256	318	319	261
384	320	256	368	322	262
448	320	256	419	325	263
512	320	256	472	329	264
576	320	256	525	333	266
640	320	256	579	338	267
704	320	256	634	343	269
768	320	256	688	349	271
832	320	256	743	355	273
896	320	256	798	362	275
960	320	256	854	369	278
1023	320	256	908	376	281
0	384	256	197	376	265
64	384	256	202	376	265
128	384	256	221	377	266
192	384	256	251	377	266
256	384	256	290	379	266
320	384	256	333	380	267
384	384	256	381	382	268
448	384	256	430	385	269
512	384	256	481	388	270
576	384	256	534	392	271
640	384	256	587	396	273
704	384	256	640	400	275
768	384	256	694	405	276
832	384	256	749	410	279
896	384	256	804	416	281
960	384	256	858	422	283
1023	384	256	913	428	286
0	448	256	228	438	272
64	448	256	232	438	272
128	448	256	248	439	272
192	448	256	275	439	273
256	448	256	310	441	273
320	448	256	351	442	274
384	448	256	396	444	275
448	448	256	443	446	276
512	448	256	493	448	277
576	448	256	544	451	278
640	448	256	596	455	279
704	448	256	649	458	281
768	448	256	702	462	283
832	448	256	756	467	285
896	448	256	810	472	287
960	448	256	864	477	290
1023	448	256	918	483	292
0	512	256	259	501	280
64	512	256	263	501	280
128	512	256	277	501	280
192	512	256	301	502	281
256	512	256	332	503	281
320	512	256	370	504	282
384	512	256	413	505	282
448	512	256	458	507	283
512	512	256	506	509	284
576	512	256	556	512	286
640	512	256	606	515	287
704	512	256	658	518	289
768	512	256	711	521	291
832	512	256	764	525	293
896	512	256	817	530	295
960	512	256	871	534	297
1023	512	256	924	539	299
0	576	256	290	563	289
64	576	256	294	563	289
128	576	256	306	563	289
192	576	256	327	564	289
256	576	256	356	565	290
320	576	256	392	566	290
384	576	256	431	567	291
448	576	256	475	569	292
512	576	256	521	571	293
576	576	256	569	573	294
640	576	256	618	575	296
704	576	256	669	578	297
768	576	256	721	581	299
832	576	256	773	585	301
896	576	256	826	588	303
960	576	256	879	592	305
1023	576	256	932	597	308
0	640	256	322	625	299
64	640	256	325	625	299
128	640	256	336	626	299
192	640	256	355	626	299
256	640	256	382	627	300
320	640	256	414	628	300
384	640	256	452	629	301
448	640	256	493	630	302
512	640	256	537	632	303
576	640	256	584	634	304
640	640	256	632	636	305
704	640	256	681	639	307
768	640	256	732	641	308
832	640	256	783	645	310
896	640	256	835	648	312
960	640	256	888	651	314
1023	640	256	940	655	317
0	704	256	353	688	309
64	704	256	356	688	309
128	704	256	366	688	309
192	704	256	383	689	310
256	704	256	408	689	310
320	704	256	438	690	311
384	704	256	473	691	311
448	704	256	513	692	312
512	704	256	555	694	313
576	704	256	600	696	314
640	704	256	646	698	315
704	704	256	695	700	317
768	704	256	744	702	318
832	704	256	795	705	320
896	704	256	846	708	322
960	704	256	898	711	324
1023	704	256	949	715	326
0	768	256	385	750	320
64	768	256	388	750	320
128	768	256	397	751	321
192	768	256	412	751	321
256	768	256	435	751	321
320	768	256	463	752	322
384	768	256	496	753	322
448	768	256	533	754	323
512	768	256	574	756	324
576	768	256	617	757	325
640	768	256	662	759	326
704	768	256	709	761	328
768	768	256	758	763	329
832	768	256	807	766	331
896	768	256	857	768	333
960	768	256	908	771	335
1023	768	256	959	774	337
0	832	256	417	813	332
64	832	256	419	813	332
128	832	256	427	813	332
192	832	256	442	813	333
256	832	256	462	814	333
320	832	256	489	814	334
384	832	256	520	815	334
448	832	256	555	816	335
512	832	256	594	818	336
576	832	256	636	819	337
640	832	256	679	821	338
704	832	256	725	822	339
768	832	256	772	825	341
832	832	256	821	827	342
896	832	256	870	829	344
960	832	256	920	832	346
1023	832	256	970	835	348
0	896	256	449	875	345
64	896	256	451	875	345
128	896	256	458	875	345
192	896	256	472	876	345
256	896	256	491	876	346
320	896	256	515	877	346
384	896	256	545	878	347
448	896	256	578	878	347
512	896	256	615	880	348
576	896	256	655	881	349
640	896	256	698	882	350
704	896	256	742	884	352
768	896	256	788	886	353
832	896	256	835	888	355
896	896	256	884	890	356
960	896	256	933	893	358
1023	896	256	982	895	360
0	960	256	480	938	358
64	960	256	482	938	358
128	960	256	489	938	358
192	960	256	502	938	358
256	960	256	519	939	358
320	960	256	543	939	359
384	960	256	570	940	360
448	960	256	602	941	360
512	960	256	638	942	361
576	960	256	676	943	362
640	960	256	717	944	363
704	960	256	760	946	364
768	960	256	804	948	366
832	960	256	851	949	367
896	960	256	898	952	369
960	960	256	947	954	371
1023	960	256	995	956	372
0	1023	256	512	999	371
64	1023	256	513	999	371
128	1023	256	520	999	371
192	1023	256	531	1000	371
256	1023	256	548	1000	372
320	1023	256	570	1000	372
384	1023	256	596	1001	373
448	1023	256	626	1002	373
512	1023	256	660	1003	374
576	1023	256	697	1004	375
640	1023	256	737	1005	376
704	1023	256	778	1007	377
768	1023	256	822	1008	379
832	1023	256	867	1010	380
896	1023	256	913	1012	382
960	1023	256	961	1014	383
1023	1023	256	1009	1016	385
0	0	320	67	47	309
64	0	320	85	49	309
128	0	320	128	54	309
192	0	320	178	62	310
256	0	320	232	72	310
320	0	320	286	83	311
384	0	320	342	95	311
448	0	320	397	108	312
512	0	320	453	121	313
576	0	320	509	134	314
640	0	320	564	148	316
704	0	320	620	161	317
768	0	320	676	175	319
832	0	320	732	189	320
896	0	320	788	203	322
960	0	320	845	217	324
1023	0	320	900	231	327
0	64	320	73	76	310
64	64	320	89	77	310
128	64	320	130	80	310
192	64	320	180	85	310
256	64	320	233	92	310
320	64	320	288	101	311
384	64	320	342	111	312
448	64	320	398	122	312
512	64	320	453	133	313
576	64	320	509	145	315
640	64	320	565	158	316
704	64	320	621	170	317
768	64	320	677	183	319
832	64	320	733	196	321
896	64	320	789	210	323
960	64	320	845	223	325
1023	64	320	900	236	327
0	128	320	90	131	311
64	128	320	103	132	311
128	128	320	140	133	311
192	128	320	187	136	311
256	128	320	238	141	311
320	128	320	291	146	312
384	128	320	345	152	313
448	128	320	400	160	313
512	128	320	456	169	314
576	128	320	511	178	315
640	128	320	567	188	317
704	128	320	622	198	318
768	128	320	678	209	320
832	128	320	734	220	322
896	128	320	790	232	323
960	128	320	846	244	326
1023	128	320	901	256	328
0	192	320	114	192	312
64	192	320	124	192	312
128	192	320	155	193	313
192	192	320	198	195	313
256	192	320	246	197	313
320	192	320	298	201	314
384	192	320	351	206	314
448	192	320	405	211	315
512	192	320	459	217	316
576	192	320	514	224	317
640	192	320	570	232	319
704	192	320	625	240	320
768	192	320	681	249	322
832	192	320	736	258	323
896	192	320	792	268	325
960	192	320	848	278	327
1023	192	320	903	288	329
0	256	320	141	253	315
64	256	320	149	253	315
128	256	320	175	254	315
192	256	320	213	255	315
256	256	320	258	257	316
320	256	320	308	260	316
384	256	320	359	263	317
448	256	320	412	267	318
512	256	320	465	272	319
576	256	320	519	277	320
640	256	320	574	283	321
704	256	320	629	290	323
768	256	320	684	297	324
832	256	320	739	304	326
896	256	320	795	312	328
960	256	320	851	321	330
1023	256	320	905	330	332
0	320	320	170	315	319
64	320	320	177	315	319
128	320	320	198	315	319
192	320	320	232	316	319
256	320	320	274	318	319
320	320	320	320	320	320
384	320	320	369	323	321
448	320	320	421	326	321
512	320	320	473	329	322
576	320	320	526	334	323
640	320	320	580	338	325
704	320	320	634	344	326
768	320	320	689	350	328
832	320	320	744	356	329
896	320	320	799	362	331
960	320	320	854	370	333
1023	320	320	909	377	335
0	384	320	200	377	323
64	384	320	205	377	323
128	384	320	224	377	323
192	384	320	254	378	324
256	384	320	292	379	324
320	384	320	335	381	325
384	384	320	382	383	325
448	384	320	432	386	326
512	384	320	483	389	327
576	384	320	535	392	328
640	384	320	588	396	329
704	384	320	641	401	331
768	384	320	695	405	332
832	384	320	750	411	334
896	384	320	804	416	336
960	384	320	859	422	338
1023	384	320	913	429	340
0	448	320	230	439	329
64	448	320	235	439	329
128	448	320	251	439	329
192	448	320	277	440	329
256	448	320	312	441	329
320	448	320	352	442	330
384	448	320	397	444	331
448	448	320	445	446	331
512	448	320	494	449	332
576	448	320	545	452	333
640	448	320	597	455	334
704	448	320	649	459	336
768	448	320	703	463	337
832	448	320	756	468	339
896	448	320	810	472	341
960	448	320	865	478	343
1023	448	320	919	483	345
0	512	320	261	501	335
64	512	320	265	501	335
128	512	320	279	502	335
192	512	320	303	502	335
256	512	320	334	503	336
320	512	320	372	504	336
384	512	320	414	506	337
448	512	320	459	508	338
512	512	320	507	510	338
576	512	320	557	512	340
640	512	320	607	515	341
704	512	320	659	518	342
768	512	320	711	522	343
832	512	320	764	526	345
896	512	320	818	530	347
960	512	320	872	535	349
1023	512	320	925	539	351
0	576	320	292	563	342
64	576	320	296	564	342
128	576	320	308	564	342
192	576	320	329	564	343
256	576	320	358	565	343
320	576	320	393	566	343
384	576	320	433	567	344
448	576	320	476	569	345
512	576	320	522	571	346
576	576	320	570	573	347
640	576	320	619	576	348
704	576	320	670	578	349
768	576	320	721	582	350
832	576	320	773	585	352
896	576	320	826	589	354
960	576	320	879	593	356
1023	576	320	932	597	358
0	640	320	324	626	350
64	640	320	327	626	350
128	640	320	338	626	350
192	640	320	357	627	350
256	640	320	383	627	351
320	640	320	416	628	351
384	640	320	453	629	352
448	640	320	494	631	353
512	640	320	538	632	353
576	640	320	585	634	354
640	640	320	633	637	356
704	640	320	682	639	357
768	640	320	732	642	358
832	640	320	784	645	360
896	640	320	836	648	361
960	640	320	888	652	363
1023	640	320	940	656	365
0	704	320	355	688	359
64	704	320	358	688	359
128	704	320	368	688	359
192	704	320	385	689	359
256	704	320	409	689	360
320	704	320	439	690	360
384	704	320	475	691	361
448	704	320	514	693	361
512	704	320	556	694	362
576	704	320	601	696	363
640	704	320	647	698	364
704	704	320	695	700	365
768	704	320	745	703	367
832	704	320	795	705	368
896	704	320	846	708	370
960	704	320	898	711	372
1023	704	320	950	715	373
0	768	320	387	751	368
64	768	320	389	751	368
128	768	320	398	751	368
192	768	320	414	751	369
256	768	320	436	752	369
320	768	320	464	752	369
384	768	320	497	753	370
448	768	320	534	755	371
512	768	320	575	756	371
576	768	320	618	757	372
640	768	320	663	759	373
704	768	320	710	761	375
768	768	320	758	764	376
832	768	320	808	766	377
896	768	320	858	769	379
960	768	320	909	772	381
1023	768	320	960	775	382
0	832	320	418	813	378
64	832	320	420	813	378
128	832	320	429	813	379
192	832	320	443	814	379
256	832	320	464	814	379
320	832	320	490	815	380
384	832	320	521	816	380
448	832	320	556	817	381
512	832	320	595	818	381
576	832	320	636	819	382
640	832	320	680	821	383
704	832	320	726	823	385
768	832	320	773	825	386
832	832	320	821	827	387
896	832	320	870	830	389
960	832	320	921	832	390
1023	832	320	971	835	392
0	896	320	450	875	389
64	896	320	452	875	389
128	896	320	459	876	389
192	896	320	473	876	389
256	896	320	492	876	390
320	896	320	516	877	390
384	896	320	546	878	391
448	896	320	579	879	391
512	896	320	616	880	392
576	896	320	656	881	393
640	896	320	698	883	394
704	896	320	743	884	395
768	896	320	788	886	396
832	896	320	836	888	398
896	896	320	884	891	399
960	896	320	933	893	401
1023	896	320	983	896	402
0	960	320	481	938	400
64	960	320	483	938	400
128	960	320	490	938	401
192	960	320	503	938	401
256	960	320	520	939	401
320	960	320	544	939	401
384	960	320	571	940	402
448	960	320	603	941	403
512	960	320	638	942	403
576	960	320	677	943	404
640	960	320	717	945	405
704	960	320	760	946	406
768	960	320	805	948	407
832	960	320	851	950	409
896	960	320	899	952	410
960	960	320	947	954	412
1023	960	320	996	956	413
0	1023	320	513	999	412
64	1023	320	514	999	412
128	1023	320	521	999	412
192	1023	320	532	1000	412
256	1023	320	549	1000	413
320	1023	320	571	1001	413
384	1023	320	597	1001	414
448	1023	320	627	1002	414
512	1023	320	661	1003	415
576	1023	320	698	1004	416
640	1023	320	737	1006	417
704	1023	320	779	1007	418
768	1023	320	822	1009	419
832	1023	320	867	1010	420
896	1023	320	914	1012	421
960	1023	320	961	1014	423
1023	1023	320	1009	1017	425
0	0	384	81	57	371
64	0	384	96	58	371
128	0	384	134	62	371
192	0	384	183	69	371
256	0	384	235	78	372
320	0	384	289	88	372
384	0	384	344	100	373
448	0	384	399	112	373
512	0	384	454	124	374
576	0	384	510	137	375
640	0	384	566	150	376
704	0	384	621	164	377
768	0	384	677	177	379
832	0	384	733	191	380
896	0	384	789	205	382
960	0	384	845	218	383
1023	0	384	900	232	385
0	64	384	85	82	371
64	64	384	99	83	371
128	64	384	137	85	371
192	64	384	185	90	372
256	64	384	237	97	372
320	64	384	290	105	372
384	64	384	345	115	373
448	64	384	400	125	374
512	64	384	455	136	374
576	64	384	510	148	375
640	64	384	566	160	376
704	64	384	622	172	378
768	64	384	678	185	379
832	64	384	734	198	380
896	64	384	790	211	382
960	64	384	846	225	384
1023	64	384	901	238	385
0	128	384	100	135	372
64	128	384	112	135	372
128	128	384	146	136	372
192	128	384	191	139	372
256	128	384	241	143	373
320	128	384	294	149	373
384	128	384	348	155	374
448	128	384	402	162	374
512	128	384	457	171	375
576	128	384	512	180	376
640	128	384	568	190	377
704	128	384	623	200	378
768	128	384	679	211	380
832	128	384	735	222	381
896	128	384	791	234	383
960	128	384	847	246	384
1023	128	384	902	257	386
0	192	384	121	193	374
64	192	384	131	194	374
128	192	384	160	195	374
192	192	384	202	197	374
256	192	384	250	199	374
320	192	384	300	203	375
384	192	384	353	207	375
448	192	384	407	213	376
512	192	384	461	219	377
576	192	384	516	226	378
640	192	384	571	233	379
704	192	384	626	241	380
768	192	384	681	250	381
832	192	384	737	259	382
896	192	384	793	269	384
960	192	384	848	279	386
1023	192	384	903	289	387
0	256	384	147	254	376
64	256	384	155	254	376
128	256	384	180	255	376
192	256	384	217	256	376
256	256	384	261	258	376
320	256	384	310	261	377
384	256	384	361	264	377
448	256	384	413	268	378
512	256	384	467	273	379
576	256	384	521	278	380
640	256	384	575	284	381
704	256	384	630	291	382
768	256	384	685	298	383
832	256	384	740	305	385
896	256	384	796	313	386
960	256	384	851	322	388
1023	256	384	906	331	390
0	320	384	175	316	379
64	320	384	181	316	379
128	320	384	202	316	379
192	320	384	235	317	379
256	320	384	276	319	379
320	320	384	322	321	380
384	320	384	371	324	380
448	320	384	422	327	381
512	320	384	474	330	382
576	320	384	527	335	383
640	320	384	581	339	384
704	320	384	635	345	385
768	320	384	690	350	386
832	320	384	745	357	387
896	320	384	800	363	389
960	320	384	855	371	391
1023	320	384	909	378	392
0	384	384	204	378	382
64	384	384	209	378	382
128	384	384	227	378	383
192	384	384	257	379	383
256	384	384	294	380	383
320	384	384	337	382	383
384	384	384	384	384	384
448	384	384	433	387	385
512	384	384	484	390	385
576	384	384	536	393	386
640	384	384	589	397	387
704	384	384	642	401	388
768	384	384	696	406	390
832	384	384	750	411	391
896	384	384	805	417	393
960	384	384	860	423	394
1023	384	384	914	429	396
0	448	384	234	440	387
64	448	384	238	440	387
128	448	384	254	440	387
192	448	384	280	441	387
256	448	384	314	442	388
320	448	384	355	443	388
384	448	384	399	445	388
448	448	384	446	447	389
512	448	384	495	450	390
576	448	384	546	453	391
640	448	384	598	456	392
704	448	384	650	460	393
768	448	384	704	464	394
832	448	384	757	468	395
896	448	384	811	473	397
960	448	384	866	478	399
1023	448	384	919	484	400
0	512	384	264	502	392
64	512	384	268	502	392
128	512	384	282	502	392
192	512	384	305	503	392
256	512	384	336	504	393
320	512	384	374	505	393
384	512	384	416	506	394
448	512	384	461	508	394
512	512	384	508	510	395
576	512	384	558	513	396
640	512	384	608	516	397
704	512	384	660	519	398
768	512	384	712	522	399
832	512	384	765	526	400
896	512	384	819	531	402
960	512	384	872	535	404
1023	512	384	926	540	405
0	576	384	295	564	398
64	576	384	298	564	398
128	576	384	311	564	398
192	576	384	331	565	398
256	576	384	360	566	399
320	576	384	395	567	399
384	576	384	434	568	400
448	576	384	477	570	400
512	576	384	523	571	401
576	576	384	571	574	402
640	576	384	620	576	403
704	576	384	671	579	404
768	576	384	722	582	405
832	576	384	774	586	406
896	576	384	827	589	408
960	576	384	880	593	409
1023	576	384	933	598	411
0	640	384	326	626	405
64	640	384	329	626	405
128	640	384	340	627	405
192	640	384	359	627	405
256	640	384	385	628	405
320	640	384	417	629	406
384	640	384	454	630	406
448	640	384	496	631	407
512	640	384	539	633	408
576	640	384	586	635	408
640	640	384	634	637	409
704	640	384	683	640	410
768	640	384	733	642	412
832	640	384	785	645	413
896	640	384	836	649	414
960	640	384	889	652	416
1023	640	384	941	656	417
0	704	384	357	689	412
64	704	384	360	689	412
128	704	384	370	689	412
192	704	384	387	689	412
256	704	384	411	690	413
320	704	384	441	691	413
384	704	384	476	692	414
448	704	384	515	693	414
512	704	384	557	695	415
576	704	384	602	696	416
640	704	384	648	698	417
704	704	384	696	700	418
768	704	384	746	703	419
832	704	384	796	706	420
896	704	384	847	709	421
960	704	384	899	712	423
1023	704	384	950	715	424
0	768	384	388	751	420
64	768	384	391	751	420
128	768	384	400	751	420
192	768	384	415	752	420
256	768	384	438	752	421
320	768	384	466	753	421
384	768	384	499	754	422
448	768	384	536	755	422
512	768	384	576	756	423
576	768	384	619	758	424
640	768	384	664	760	424
704	768	384	711	762	426
768	768	384	759	764	427
832	768	384	808	766	428
896	768	384	859	769	429
960	768	384	910	772	431
1023	768	384	960	775	432
0	832	384	420	813	429
64	832	384	422	813	429
128	832	384	430	814	429
192	832	384	445	814	429
256	832	384	465	814	429
320	832	384	491	815	430
384	832	384	522	816	430
448	832	384	558	817	431
512	832	384	596	818	431
576	832	384	638	820	432
640	832	384	681	821	433
704	832	384	727	823	434
768	832	384	774	825	435
832	832	384	822	827	436
896	832	384	871	830	438
960	832	384	921	833	439
1023	832	384	971	835	441
0	896	384	451	876	438
64	896	384	453	876	438
128	896	384	461	876	438
192	896	384	474	876	438
256	896	384	493	877	439
320	896	384	518	877	439
384	896	384	547	878	439
448	896	384	580	879	440
512	896	384	617	880	441
576	896	384	657	881	441
640	896	384	699	883	442
704	896	384	743	885	443
768	896	384	789	887	444
832	896	384	836	889	445
896	896	384	885	891	447
960	896	384	934	893	448
1023	896	384	983	896	450
0	960	384	483	938	448
64	960	384	485	938	448
128	960	384	492	938	448
192	960	384	504	939	448
256	960	384	522	939	448
320	960	384	545	940	449
384	960	384	572	940	449
448	960	384	604	941	450
512	960	384	639	942	450
576	960	384	678	943	451
640	960	384	718	945	452
704	960	384	761	946	453
768	960	384	806	948	454
832	960	384	852	950	455
896	960	384	899	952	456
960	960	384	948	954	458
1023	960	384	996	957	459
0	1023	384	514	1000	458
64	1023	384	516	1000	458
128	1023	384	522	1000	458
192	1023	384	534	1000	458
256	1023	384	550	1000	459
320	1023	384	572	1001	459
384	1023	384	598	1002	459
448	1023	384	628	1002	460
512	1023	384	662	1003	461
576	1023	384	699	1004	461
640	1023	384	738	1006	462
704	1023	384	780	1007	463
768	1023	384	823	1009	464
832	1023	384	868	1011	465
896	1023	384	914	1013	466
960	1023	384	962	1015	468
1023	1023	384	1010	1017	469
0	0	448	94	66	433
64	0	448	107	67	433
128	0	448	142	71	433
192	0	448	189	77	433
256	0	448	239	85	433
320	0	448	292	94	434
384	0	448	346	105	434
448	0	448	401	116	435
512	0	448	456	128	436
576	0	448	512	141	436
640	0	448	567	154	437
704	0	448	623	167	438
768	0	448	678	180	439
832	0	448	734	193	440
896	0	448	790	207	442
960	0	448	846	221	443
1023	0	448	901	234	445
0	64	448	98	88	433
64	64	448	110	89	433
128	64	448	145	91	433
192	64	448	190	96	433
256	64	448	241	102	434
320	64	448	293	110	434
384	64	448	347	119	434
448	64	448	402	129	435
512	64	448	457	140	436
576	64	448	512	151	436
640	64	448	568	163	437
704	64	448	623	175	438
768	64	448	679	188	439
832	64	448	735	201	441
896	64	448	791	214	442
960	64	448	846	227	443
1023	64	448	902	240	445
0	128	448	111	138	434
64	128	448	121	139	434
128	128	448	153	140	434
192	128	448	196	143	434
256	128	448	245	147	434
320	128	448	297	152	435
384	128	448	350	158	435
448	128	448	404	165	436
512	128	448	459	174	436
576	128	448	514	182	437
640	128	448	569	192	438
704	128	448	625	202	439
768	128	448	680	213	440
832	128	448	736	224	441
896	128	448	792	236	443
960	128	448	847	247	444
1023	128	448	902	259	445
0	192	448	130	196	435
64	192	448	139	196	435
128	192	448	167	197	435
192	192	448	207	199	435
256	192	448	253	202	436
320	192	448	303	205	436
384	192	448	356	210	436
448	192	448	409	215	437
512	192	448	463	221	438
576	192	448	517	228	438
640	192	448	572	235	439
704	192	448	627	243	440
768	192	448	683	252	441
832	192	448	738	261	442
896	192	448	794	271	444
960	192	448	849	281	445
1023	192	448	904	291	447
0	256	448	154	256	437
64	256	448	161	256	437
128	256	448	185	257	437
192	256	448	221	258	437
256	256	448	265	260	437
320	256	448	313	263	438
384	256	448	363	266	438
448	256	448	415	270	439
512	256	448	469	275	439
576	256	448	522	280	440
640	256	448	577	286	441
704	256	448	631	292	442
768	256	448	686	299	443
832	256	448	741	307	444
896	256	448	797	315	446
960	256	448	852	323	447
1023	256	448	907	332	448
0	320	448	181	317	439
64	320	448	187	317	439
128	320	448	207	318	439
192	320	448	239	319	440
256	320	448	280	320	440
320	320	448	325	322	440
384	320	448	374	325	441
448	320	448	424	328	441
512	320	448	476	332	442
576	320	448	529	336	443
640	320	448	583	341	443
704	320	448	637	346	444
768	320	448	691	352	445
832	320	448	746	358	447
896	320	448	801	365	448
960	320	448	856	372	449
1023	320	448	910	379	451
0	384	448	209	379	442
64	384	448	214	379	442
128	384	448	232	379	443
192	384	448	260	380	443
256	384	448	297	381	443
320	384	448	340	383	443
384	384	448	386	385	444
448	384	448	435	388	444
512	384	448	486	391	445
576	384	448	537	394	446
640	384	448	590	398	447
704	384	448	643	402	447
768	384	448	697	407	449
832	384	448	751	412	450
896	384	448	806	418	451
960	384	448	861	424	452
1023	384	448	915	430	454
0	448	448	238	440	446
64	448	448	242	441	446
128	448	448	258	441	446
192	448	448	283	442	446
256	448	448	317	443	447
320	448	448	357	444	447
384	448	448	401	446	447
448	448	448	448	448	448
512	448	448	497	451	449
576	448	448	548	453	449
640	448	448	599	457	450
704	448	448	652	460	451
768	448	448	705	465	452
832	448	448	758	469	453
896	448	448	812	474	455
960	448	448	866	479	456
1023	448	448	920	485	457
0	512	448	268	503	451
64	512	448	272	503	451
128	512	448	285	503	451
192	512	448	308	504	451
256	512	448	339	504	451
320	512	448	376	506	451
384	512	448	418	507	452
448	512	448	463	509	452
512	512	448	510	511	453
576	512	448	559	514	454
640	512	448	610	516	455
704	512	448	661	520	455
768	512	448	713	523	457
832	512	448	766	527	458
896	512	448	819	531	459
960	512	448	873	536	460
1023	512	448	926	541	462
0	576	448	298	565	456
64	576	448	302	565	456
128	576	448	313	565	456
192	576	448	334	566	456
256	576	448	362	566	456
320	576	448	397	567	456
384	576	448	436	569	457
448	576	448	479	570	457
512	576	448	525	572	458
576	576	448	572	574	459
640	576	448	622	577	460
704	576	448	672	580	460
768	576	448	723	583	462
832	576	448	775	586	463
896	576	448	828	590	464
960	576	448	881	594	465
1023	576	448	934	598	467
0	640	448	329	627	461
64	640	448	332	627	461
128	640	448	342	627	461
192	640	448	361	628	462
256	640	448	387	628	462
320	640	448	419	629	462
384	640	448	456	630	463
448	640	448	497	632	463
512	640	448	541	633	464
576	640	448	587	635	464
640	640	448	635	638	465
704	640	448	684	640	466
768	640	448	734	643	467
832	640	448	785	646	468
896	640	448	837	649	469
960	640	448	890	653	471
1023	640	448	942	657	472
0	704	448	360	689	468
64	704	448	362	689	468
128	704	448	372	689	468
192	704	448	389	690	468
256	704	448	413	690	468
320	704	448	443	691	468
384	704	448	478	692	469
448	704	448	517	694	469
512	704	448	559	695	470
576	704	448	603	697	471
640	704	448	649	699	471
704	704	448	697	701	472
768	704	448	747	703	473
832	704	448	797	706	474
896	704	448	848	709	476
960	704	448	900	712	477
1023	704	448	951	716	478
0	768	448	391	751	475
64	768	448	393	751	475
128	768	448	402	752	475
192	768	448	418	752	475
256	768	448	440	753	475
320	768	448	468	753	475
384	768	448	500	754	476
448	768	448	537	755	476
512	768	448	577	757	477
576	768	448	620	758	478
640	768	448	665	760	478
704	768	448	712	762	479
768	768	448	760	764	480
832	768	448	809	767	481
896	768	448	859	770	482
960	768	448	910	772	484
1023	768	448	961	776	485
0	832	448	422	814	482
64	832	448	424	814	482
128	832	448	432	814	482
192	832	448	446	814	482
256	832	448	467	815	483
320	832	448	493	815	483
384	832	448	524	816	483
448	832	448	559	817	484
512	832	448	597	819	484
576	832	448	639	820	485
640	832	448	682	822	486
704	832	448	728	824	487
768	832	448	775	826	488
832	832	448	823	828	489
896	832	448	872	830	490
960	832	448	922	833	491
1023	832	448	972	836	492
0	896	448	453	876	490
64	896	448	455	876	490
128	896	448	463	876	490
192	896	448	476	877	490
256	896	448	495	877	491
320	896	448	519	878	491
384	896	448	548	878	491
448	896	448	582	879	492
512	896	448	619	881	492
576	896	448	658	882	493
640	896	448	700	883	494
704	896	448	744	885	495
768	896	448	790	887	496
832	896	448	837	889	497
896	896	448	886	891	498
960	896	448	935	894	499
1023	896	448	984	896	500
0	960	448	485	938	499
64	960	448	486	939	499
128	960	448	493	939	499
192	960	448	506	939	499
256	960	448	523	939	499
320	960	448	546	940	500
384	960	448	574	941	500
448	960	448	605	942	500
512	960	448	641	943	501
576	960	448	679	944	502
640	960	448	719	945	502
704	960	448	762	947	503
768	960	448	807	948	504
832	960	448	853	950	505
896	960	448	900	952	506
960	960	448	948	955	507
1023	960	448	997	957	509
0	1023	448	516	1000	508
64	1023	448	517	1000	508
128	1023	448	524	1000	508
192	1023	448	535	1000	508
256	1023	448	552	1001	508
320	1023	448	573	1001	509
384	1023	448	599	1002	509
448	1023	448	629	1003	509
512	1023	448	663	1004	510
576	1023	448	700	1005	511
640	1023	448	739	1006	511
704	1023	448	781	1008	512
768	1023	448	824	1009	513
832	1023	448	869	1011	514
896	1023	448	915	1013	515
960	1023	448	963	1015	516
1023	1023	448	1010	1017	518
0	0	512	108	76	495
64	0	512	119	76	495
128	0	512	151	79	495
192	0	512	195	85	495
256	0	512	244	92	495
320	0	512	296	101	496
384	0	512	349	110	496
448	0	512	404	121	496
512	0	512	458	133	497
576	0	512	513	145	498
640	0	512	569	157	498
704	0	512	624	170	499
768	0	512	680	183	500
832	0	512	736	196	501
896	0	512	791	209	502
960	0	512	847	223	504
1023	0	512	902	236	505
0	64	512	111	95	495
64	64	512	122	96	495
128	64	512	153	98	495
192	64	512	196	102	495
256	64	512	245	108	495
320	64	512	297	115	496
384	64	512	350	124	496
448	64	512	404	133	497
512	64	512	459	144	497
576	64	512	514	155	498
640	64	512	569	166	499
704	64	512	625	178	499
768	64	512	680	191	500
832	64	512	736	203	501
896	64	512	792	216	502
960	64	512	847	229	504
1023	64	512	902	242	505
0	128	512	122	142	496
64	128	512	132	143	496
128	128	512	161	144	496
192	128	512	202	147	496
256	128	512	250	151	496
320	128	512	301	156	496
384	128	512	353	162	497
448	128	512	407	169	497
512	128	512	461	177	498
576	128	512	516	186	498
640	128	512	571	195	499
704	128	512	626	205	500
768	128	512	682	215	501
832	128	512	737	226	502
896	128	512	793	238	503
960	128	512	849	249	504
1023	128	512	903	261	506
0	192	512	140	199	497
64	192	512	148	199	497
128	192	512	174	200	497
192	192	512	212	202	497
256	192	512	258	204	497
320	192	512	307	208	497
384	192	512	358	212	498
448	192	512	411	217	498
512	192	512	465	223	499
576	192	512	519	230	499
640	192	512	574	237	500
704	192	512	629	245	501
768	192	512	684	254	502
832	192	512	739	263	503
896	192	512	795	272	504
960	192	512	850	282	505
1023	192	512	905	293	507
0	256	512	162	258	498
64	256	512	169	258	498
128	256	512	192	259	498
192	256	512	227	260	498
256	256	512	269	262	499
320	256	512	316	265	499
384	256	512	366	268	499
448	256	512	418	272	500
512	256	512	471	277	500
576	256	512	524	282	501
640	256	512	578	288	502
704	256	512	633	294	503
768	256	512	688	301	503
832	256	512	743	308	504
896	256	512	798	316	506
960	256	512	853	325	507
1023	256	512	908	333	508
0	320	512	187	319	500
64	320	512	193	319	500
128	320	512	213	319	500
192	320	512	244	320	500
256	320	512	284	322	501
320	320	512	328	324	501
384	320	512	376	326	501
448	320	512	427	330	502
512	320	512	478	333	502
576	320	512	531	337	503
640	320	512	584	342	504
704	320	512	638	347	505
768	320	512	692	353	506
832	320	512	747	359	507
896	320	512	802	366	508
960	320	512	857	373	509
1023	320	512	911	380	510
0	384	512	214	380	503
64	384	512	219	380	503
128	384	512	236	380	503
192	384	512	265	381	503
256	384	512	301	383	503
320	384	512	343	384	504
384	384	512	389	386	504
448	384	512	437	389	504
512	384	512	488	392	505
576	384	512	539	395	506
640	384	512	592	399	506
704	384	512	645	404	507
768	384	512	699	408	508
832	384	512	753	413	509
896	384	512	807	419	510
960	384	512	862	425	511
1023	384	512	916	431	513
0	448	512	243	442	506
64	448	512	247	442	506
128	448	512	262	442	506
192	448	512	287	443	506
256	448	512	321	444	507
320	448	512	360	445	507
384	448	512	404	447	507
448	448	512	450	449	508
512	448	512	499	452	508
576	448	512	549	454	509
640	448	512	601	458	510
704	448	512	653	461	510
768	448	512	706	466	511
832	448	512	759	470	512
896	448	512	813	475	513
960	448	512	867	480	515
1023	448	512	921	485	516
0	512	512	272	503	510
64	512	512	276	503	510
128	512	512	289	504	510
192	512	512	312	504	510
256	512	512	342	505	510
320	512	512	379	506	511
384	512	512	420	508	511
448	512	512	465	510	511
512	512	512	512	512	512
576	512	512	561	515	513
640	512	512	611	517	513
704	512	512	662	521	514
768	512	512	715	524	515
832	512	512	767	528	516
896	512	512	821	532	517
960	512	512	874	537	518
1023	512	512	927	541	520
0	576	512	302	565	514
64	576	512	305	566	514
128	576	512	317	566	514
192	576	512	337	566	514
256	576	512	365	567	515
320	576	512	400	568	515
384	576	512	439	569	515
448	576	512	481	571	516
512	576	512	527	573	516
576	576	512	574	575	517
640	576	512	623	578	518
704	576	512	673	580	518
768	576	512	724	584	519
832	576	512	776	587	520
896	576	512	829	591	521
960	576	512	882	595	523
1023	576	512	935	599	524
0	640	512	332	628	519
64	640	512	335	628	519
128	640	512	346	628	519
192	640	512	364	628	519
256	640	512	390	629	520
320	640	512	422	630	520
384	640	512	459	631	520
448	640	512	499	632	521
512	640	512	543	634	521
576	640	512	589	636	522
640	640	512	636	638	523
704	640	512	685	641	523
768	640	512	736	644	524
832	640	512	787	647	525
896	640	512	838	650	526
960	640	512	891	653	527
1023	640	512	943	657	529
0	704	512	363	690	525
64	704	512	365	690	525
128	704	512	375	690	525
192	704	512	392	690	525
256	704	512	415	691	525
320	704	512	445	692	525
384	704	512	480	693	526
448	704	512	518	694	526
512	704	512	560	696	527
576	704	512	605	697	527
640	704	512	651	699	528
704	704	512	699	702	529
768	704	512	748	704	530
832	704	512	798	707	531
896	704	512	849	710	532
960	704	512	901	713	533
1023	704	512	952	716	534
0	768	512	393	752	531
64	768	512	396	752	531
128	768	512	404	752	531
192	768	512	420	753	531
256	768	512	442	753	531
320	768	512	470	754	531
384	768	512	502	755	532
448	768	512	539	756	532
512	768	512	579	757	533
576	768	512	622	759	533
640	768	512	667	761	534
704	768	512	713	763	535
768	768	512	761	765	536
832	768	512	810	767	537
896	768	512	860	770	538
960	768	512	911	773	539
1023	768	512	962	776	540
0	832	512	424	814	537
64	832	512	427	814	537
128	832	512	435	814	537
192	832	512	449	815	538
256	832	512	469	815	538
320	832	512	495	816	538
384	832	512	526	817	538
448	832	512	561	818	539
512	832	512	599	819	539
576	832	512	640	821	540
640	832	512	684	822	541
704	832	512	729	824	541
768	832	512	776	826	542
832	832	512	824	828	543
896	832	512	873	831	544
960	832	512	923	833	545
1023	832	512	973	836	546
0	896	512	455	877	544
64	896	512	457	877	544
128	896	512	465	877	545
192	896	512	478	877	545
256	896	512	497	878	545
320	896	512	521	878	545
384	896	512	550	879	545
448	896	512	583	880	546
512	896	512	620	881	546
576	896	512	660	882	547
640	896	512	702	884	548
704	896	512	746	886	548
768	896	512	791	887	549
832	896	512	838	889	550
896	896	512	887	892	551
960	896	512	936	894	552
1023	896	512	985	897	553
0	960	512	487	939	552
64	960	512	489	939	552
128	960	512	495	939	552
192	960	512	508	939	552
256	960	512	525	940	552
320	960	512	548	940	553
384	960	512	575	941	553
448	960	512	607	942	553
512	960	512	642	943	554
576	960	512	680	944	555
640	960	512	721	946	555
704	960	512	763	947	556
768	960	512	808	949	557
832	960	512	854	951	558
896	960	512	901	953	559
960	960	512	949	955	560
1023	960	512	998	958	561
0	1023	512	517	1000	560
64	1023	512	519	1000	560
128	1023	512	526	1000	560
192	1023	512	537	1001	560
256	1023	512	553	1001	560
320	1023	512	575	1002	561
384	1023	512	601	1002	561
448	1023	512	631	1003	561
512	1023	512	665	1004	562
576	1023	512	701	1005	562
640	1023	512	740	1007	563
704	1023	512	782	1008	564
768	1023	512	825	1010	565
832	1023	512	870	1011	566
896	1023	512	916	1013	567
960	1023	512	964	1015	568
1023	1023	512	1011	1018	569
0	0	576	121	85	557
64	0	576	131	86	557
128	0	576	160	88	557
192	0	576	202	93	557
256	0	576	249	99	557
320	0	576	300	107	557
384	0	576	353	117	558
448	0	576	407	127	558
512	0	576	461	138	559
576	0	576	516	149	559
640	0	576	571	161	560
704	0	576	626	174	560
768	0	576	681	187	561
832	0	576	737	199	562
896	0	576	793	212	563
960	0	576	848	226	564
1023	0	576	903	239	565
0	64	576	124	102	557
64	64	576	134	103	557
128	64	576	162	105	557
192	64	576	203	109	557
256	64	576	251	114	557
320	64	576	301	121	557
384	64	576	354	129	558
448	64	576	407	138	558
512	64	576	461	148	559
576	64	576	516	159	559
640	64	576	571	170	560
704	64	576	626	182	561
768	64	576	682	194	561
832	64	576	737	206	562
896	64	576	793	219	563
960	64	576	849	232	564
1023	64	576	904	244	565
0	128	576	134	147	557
64	128	576	142	147	557
128	128	576	169	149	557
192	128	576	209	151	557
256	128	576	255	155	558
320	128	576	305	160	558
384	128	576	357	166	558
448	128	576	410	173	559
512	128	576	464	180	559
576	128	576	518	189	560
640	128	576	573	198	560
704	128	576	628	208	561
768	128	576	683	218	562
832	128	576	739	229	563
896	128	576	794	240	564
960	128	576	850	252	565
1023	128	576	905	263	566
0	192	576	150	202	558
64	192	576	157	202	558
128	192	576	182	203	558
192	192	576	219	205	558
256	192	576	263	207	559
320	192	576	311	211	559
384	192	576	362	215	559
448	192	576	414	220	560
512	192	576	467	226	560
576	192	576	521	233	561
640	192	576	576	240	561
704	192	576	631	248	562
768	192	576	686	256	563
832	192	576	741	265	564
896	192	576	796	275	565
960	192	576	852	285	566
1023	192	576	906	295	567
0	256	576	171	260	560
64	256	576	177	260	560
128	256	576	199	261	560
192	256	576	232	262	560
256	256	576	274	264	560
320	256	576	320	267	560
384	256	576	370	270	561
448	256	576	421	274	561
512	256	576	473	279	561
576	256	576	526	284	562
640	256	576	580	290	563
704	256	576	635	296	563
768	256	576	689	303	564
832	256	576	744	310	565
896	256	576	799	318	566
960	256	576	854	326	567
1023	256	576	909	335	568
0	320	576	194	320	561
64	320	576	200	321	561
128	320	576	219	321	561
192	320	576	250	322	562
256	320	576	288	324	562
320	320	576	332	326	562
384	320	576	380	328	562
448	320	576	429	331	563
512	320	576	481	335	563
576	320	576	533	339	564
640	320	576	586	344	564
704	320	576	640	349	565
768	320	576	694	355	566
832	320	576	748	361	567
896	320	576	803	367	568
960	320	576	858	374	569
1023	320	576	912	382	570
0	384	576	221	381	564
64	384	576	225	381	564
128	384	576	242	382	564
192	384	576	269	383	564
256	384	576	305	384	564
320	384	576	347	386	564
384	384	576	392	388	565
448	384	576	440	390	565
512	384	576	490	393	566
576	384	576	541	397	566
640	384	576	594	401	567
704	384	576	647	405	567
768	384	576	700	410	568
832	384	576	754	415	569
896	384	576	808	420	570
960	384	576	863	426	571
1023	384	576	917	433	572
0	448	576	248	443	566
64	448	576	252	443	566
128	448	576	267	443	567
192	448	576	292	444	567
256	448	576	324	445	567
320	448	576	363	446	567
384	448	576	407	448	567
448	448	576	453	450	568
512	448	576	501	453	568
576	448	576	551	456	569
640	448	576	603	459	570
704	448	576	655	463	570
768	448	576	707	467	571
832	448	576	761	471	572
896	448	576	815	476	573
960	448	576	869	481	574
1023	448	576	922	487	575
0	512	576	277	504	570
64	512	576	280	505	570
128	512	576	293	505	570
192	512	576	316	505	570
256	512	576	346	506	570
320	512	576	382	508	570
384	512	576	423	509	571
448	512	576	467	511	571
512	512	576	514	513	572
576	512	576	563	516	572
640	512	576	613	518	573
704	512	576	664	522	574
768	512	576	716	525	574
832	512	576	769	529	575
896	512	576	822	533	576
960	512	576	875	538	577
1023	512	576	928	542	578
0	576	576	306	566	574
64	576	576	309	566	574
128	576	576	321	567	574
192	576	576	341	567	574
256	576	576	369	568	574
320	576	576	403	569	574
384	576	576	441	570	575
448	576	576	484	572	575
512	576	576	529	574	575
576	576	576	576	576	576
640	576	576	625	578	577
704	576	576	675	581	577
768	576	576	726	584	578
832	576	576	778	588	579
896	576	576	830	591	580
960	576	576	883	595	581
1023	576	576	936	600	582
0	640	576	336	628	578
64	640	576	339	628	578
128	640	576	349	629	578
192	640	576	367	629	578
256	640	576	393	630	578
320	640	576	425	631	579
384	640	576	461	632	579
448	640	576	501	633	579
512	640	576	545	635	580
576	640	576	591	637	580
640	640	576	638	639	581
704	640	576	687	642	582
768	640	576	737	644	582
832	640	576	788	647	583
896	640	576	840	651	584
960	640	576	892	654	585
1023	640	576	944	658	586
0	704	576	366	690	583
64	704	576	369	691	583
128	704	576	378	691	583
192	704	576	395	691	583
256	704	576	418	692	583
320	704	576	448	693	583
384	704	576	482	694	584
448	704	576	521	695	584
512	704	576	562	696	585
576	704	576	606	698	585
640	704	576	653	700	586
704	704	576	700	702	586
768	704	576	749	705	587
832	704	576	799	707	588
896	704	576	850	710	589
960	704	576	902	714	590
1023	704	576	953	717	591
0	768	576	396	753	588
64	768	576	399	753	588
128	768	576	407	753	588
192	768	576	423	753	588
256	768	576	445	754	588
320	768	576	472	755	589
384	768	576	505	755	589
448	768	576	541	757	589
512	768	576	581	758	590
576	768	576	624	760	590
640	768	576	668	761	591
704	768	576	715	763	592
768	768	576	763	766	592
832	768	576	812	768	593
896	768	576	862	771	594
960	768	576	912	774	595
1023	768	576	963	777	596
0	832	576	427	815	594
64	832	576	429	815	594
128	832	576	437	815	594
192	832	576	451	815	594
256	832	576	472	816	594
320	832	576	497	817	595
384	832	576	528	817	595
448	832	576	563	818	595
512	832	576	601	820	596
576	832	576	642	821	596
640	832	576	685	823	597
704	832	576	730	825	598
768	832	576	777	827	598
832	832	576	825	829	599
896	832	576	874	831	600
960	832	576	924	834	601
1023	832	576	974	837	602
0	896	576	458	877	600
64	896	576	460	877	600
128	896	576	467	877	600
192	896	576	480	878	600
256	896	576	499	878	601
320	896	576	523	879	601
384	896	576	552	879	601
448	896	576	585	880	602
512	896	576	622	882	602
576	896	576	661	883	603
640	896	576	703	884	603
704	896	576	747	886	604
768	896	576	793	888	605
832	896	576	840	890	605
896	896	576	888	892	606
960	896	576	937	895	607
1023	896	576	986	897	608
0	960	576	489	939	607
64	960	576	491	939	607
128	960	576	498	940	607
192	960	576	510	940	607
256	960	576	527	940	607
320	960	576	550	941	608
384	960	576	577	942	608
448	960	576	609	942	608
512	960	576	644	944	609
576	960	576	682	945	609
640	960	576	722	946	610
704	960	576	765	948	611
768	960	576	809	949	611
832	960	576	855	951	612
896	960	576	902	953	613
960	960	576	950	956	614
1023	960	576	999	958	615
0	1023	576	520	1001	614
64	1023	576	521	1001	614
128	1023	576	528	1001	614
192	1023	576	539	1001	614
256	1023	576	556	1002	615
320	1023	576	577	1002	615
384	1023	576	603	1003	615
448	1023	576	633	1004	615
512	1023	576	666	1005	616
576	1023	576	703	1006	616
640	1023	576	742	1007	617
704	1023	576	783	1008	618
768	1023	576	826	1010	618
832	1023	576	871	1012	619
896	1023	576	917	1014	620
960	1023	576	965	1016	621
1023	1023	576	1012	1018	622
0	0	640	135	94	618
64	0	640	143	95	618
128	0	640	170	97	619
192	0	640	209	102	619
256	0	640	255	107	619
320	0	640	305	115	619
384	0	640	357	123	619
448	0	640	410	133	620
512	0	640	464	143	620
576	0	640	518	154	621
640	0	640	573	166	621
704	0	640	628	178	622
768	0	640	683	190	623
832	0	640	739	203	623
896	0	640	794	216	624
960	0	640	850	229	625
1023	0	640	905	242	626
0	64	640	137	110	619
64	64	640	146	111	619
128	64	640	172	113	619
192	64	640	211	116	619
256	64	640	257	121	619
320	64	640	306	128	619
384	64	640	358	135	619
448	64	640	411	144	620
512	64	640	464	153	620
576	64	640	519	164	621
640	64	640	573	175	621
704	64	640	628	186	622
768	64	640	684	198	623
832	64	640	739	210	624
896	64	640	794	222	624
960	64	640	850	235	625
1023	64	640	905	247	626
0	128	640	146	152	619
64	128	640	154	152	619
128	128	640	179	154	619
192	128	640	216	156	619
256	128	640	261	160	619
320	128	640	309	164	620
384	128	640	361	170	620
448	128	640	413	177	620
512	128	640	466	184	621
576	128	640	521	193	621
640	128	640	575	202	622
704	128	640	630	211	622
768	128	640	685	222	623
832	128	640	740	232	624
896	128	640	796	243	625
960	128	640	851	255	626
1023	128	640	906	266	627
0	192	640	161	205	620
64	192	640	168	206	620
128	192	640	190	206	620
192	192	640	226	208	620
256	192	640	268	211	620
320	192	640	316	214	620
384	192	640	366	218	621
448	192	640	417	223	621
512	192	640	470	229	622
576	192	640	524	236	622
640	192	640	578	243	623
704	192	640	633	251	623
768	192	640	687	259	624
832	192	640	742	268	625
896	192	640	798	277	626
960	192	640	853	287	627
1023	192	640	908	297	628
0	256	640	180	263	621
64	256	640	186	263	621
128	256	640	206	264	621
192	256	640	239	265	621
256	256	640	279	267	621
320	256	640	325	270	622
384	256	640	373	273	622
448	256	640	424	277	622
512	256	640	476	281	623
576	256	640	529	286	623
640	256	640	582	292	624
704	256	640	636	298	624
768	256	640	691	305	625
832	256	640	746	312	626
896	256	640	801	320	627
960	256	640	856	328	628
1023	256	640	910	337	629
0	320	640	202	322	623
64	320	640	208	323	623
128	320	640	226	323	623
192	320	640	255	324	623
256	320	640	293	326	623
320	320	640	336	328	623
384	320	640	383	330	624
448	320	640	433	333	624
512	320	640	483	337	624
576	320	640	535	341	625
640	320	640	588	346	625
704	320	640	642	351	626
768	320	640	696	356	627
832	320	640	750	363	628
896	320	640	805	369	628
960	320	640	859	376	629
1023	320	640	914	383	630
0	384	640	227	383	625
64	384	640	232	383	625
128	384	640	248	384	625
192	384	640	275	384	625
256	384	640	310	386	625
320	384	640	351	387	625
384	384	640	396	389	626
448	384	640	443	392	626
512	384	640	493	395	626
576	384	640	544	398	627
640	384	640	596	402	627
704	384	640	648	406	628
768	384	640	702	411	629
832	384	640	756	416	630
896	384	640	810	422	630
960	384	640	864	428	631
1023	384	640	918	434	632
0	448	640	254	444	627
64	448	640	258	444	627
128	448	640	272	445	627
192	448	640	297	445	627
256	448	640	329	446	628
320	448	640	367	448	628
384	448	640	410	449	628
448	448	640	456	452	628
512	448	640	504	454	629
576	448	640	554	457	629
640	448	640	605	460	630
704	448	640	657	464	631
768	448	640	709	468	631
832	448	640	762	472	632
896	448	640	816	477	633
960	448	640	870	482	634
1023	448	640	923	488	635
0	512	640	282	506	630
64	512	640	286	506	630
128	512	640	298	506	630
192	512	640	320	507	630
256	512	640	350	508	630
320	512	640	386	509	631
384	512	640	426	510	631
448	512	640	470	512	631
512	512	640	517	514	632
576	512	640	565	517	632
640	512	640	615	520	633
704	512	640	666	523	633
768	512	640	718	526	634
832	512	640	770	530	635
896	512	640	823	534	636
960	512	640	877	539	637
1023	512	640	930	544	638
0	576	640	311	567	633
64	576	640	314	567	634
128	576	640	325	568	634
192	576	640	345	568	634
256	576	640	372	569	634
320	576	640	406	570	634
384	576	640	444	571	634
448	576	640	486	573	635
512	576	640	531	575	635
576	576	640	578	577	636
640	576	640	627	579	636
704	576	640	677	582	637
768	576	640	728	585	637
832	576	640	779	589	638
896	576	640	832	592	639
960	576	640	884	596	640
1023	576	640	937	601	641
0	640	640	340	629	637
64	640	640	343	629	637
128	640	640	353	630	637
192	640	640	371	630	638
256	640	640	396	631	638
320	640	640	428	632	638
384	640	640	464	633	638
448	640	640	504	634	639
512	640	640	547	636	639
576	640	640	593	638	639
640	640	640	640	640	640
704	640	640	689	642	641
768	640	640	739	645	641
832	640	640	789	648	642
896	640	640	841	652	643
960	640	640	893	655	644
1023	640	640	945	659	645
0	704	640	370	691	642
64	704	640	372	691	642
128	704	640	382	692	642
192	704	640	398	692	642
256	704	640	422	693	642
320	704	640	451	693	642
384	704	640	485	694	643
448	704	640	523	696	643
512	704	640	565	697	643
576	704	640	609	699	644
640	704	640	654	701	644
704	704	640	702	703	645
768	704	640	751	706	646
832	704	640	801	708	646
896	704	640	852	711	647
960	704	640	903	714	648
1023	704	640	954	718	649
0	768	640	400	753	646
64	768	640	402	753	646
128	768	640	411	754	646
192	768	640	426	754	647
256	768	640	448	755	647
320	768	640	475	755	647
384	768	640	507	756	647
448	768	640	544	757	648
512	768	640	583	759	648
576	768	640	626	760	648
640	768	640	670	762	649
704	768	640	716	764	650
768	768	640	764	766	650
832	768	640	813	769	651
896	768	640	863	771	652
960	768	640	914	774	653
1023	768	640	964	777	654
0	832	640	430	816	652
64	832	640	432	816	652
128	832	640	440	816	652
192	832	640	454	816	652
256	832	640	474	817	652
320	832	640	500	817	652
384	832	640	530	818	652
448	832	640	565	819	653
512	832	640	603	820	653
576	832	640	644	822	654
640	832	640	687	823	654
704	832	640	732	825	655
768	832	640	779	827	655
832	832	640	827	830	656
896	832	640	876	832	657
960	832	640	925	835	658
1023	832	640	975	837	659
0	896	640	461	878	657
64	896	640	463	878	657
128	896	640	470	878	657
192	896	640	483	878	657
256	896	640	502	879	658
320	896	640	526	879	658
384	896	640	555	880	658
448	896	640	588	881	658
512	896	640	624	882	659
576	896	640	663	883	659
640	896	640	705	885	660
704	896	640	749	887	660
768	896	640	794	889	661
832	896	640	841	891	662
896	896	640	889	893	663
960	896	640	938	895	664
1023	896	640	987	898	664
0	960	640	492	940	663
64	960	640	494	940	663
128	960	640	500	940	663
192	960	640	512	940	664
256	960	640	530	941	664
320	960	640	552	941	664
384	960	640	580	942	664
448	960	640	611	943	665
512	960	640	646	944	665
576	960	640	684	945	665
640	960	640	724	947	666
704	960	640	766	948	667
768	960	640	811	950	667
832	960	640	856	952	668
896	960	640	903	954	669
960	960	640	952	956	670
1023	960	640	1000	959	670
0	1023	640	522	1001	670
64	1023	640	524	1001	670
128	1023	640	530	1001	670
192	1023	640	541	1002	670
256	1023	640	558	1002	670
320	1023	640	579	1003	670
384	1023	640	605	1003	671
448	1023	640	635	1004	671
512	1023	640	668	1005	671
576	1023	640	704	1006	672
640	1023	640	743	1007	672
704	1023	640	785	1009	673
768	1023	640	828	1011	674
832	1023	640	872	1012	674
896	1023	640	919	1014	675
960	1023	640	966	1016	676
1023	1023	640	1013	1019	677
0	0	704	148	104	680
64	0	704	156	105	680
128	0	704	180	107	680
192	0	704	218	110	680
256	0	704	262	116	681
320	0	704	310	122	681
384	0	704	361	130	681
448	0	704	414	139	681
512	0	704	467	149	682
576	0	704	521	160	682
640	0	704	575	171	683
704	0	704	630	183	683
768	0	704	685	195	684
832	0	704	740	207	685
896	0	704	796	219	685
960	0	704	851	232	686
1023	0	704	906	245	687
0	64	704	150	118	680
64	64	704	158	119	680
128	64	704	182	120	681
192	64	704	219	124	681
256	64	704	263	128	681
320	64	704	311	134	681
384	64	704	362	142	681
448	64	704	414	150	682
512	64	704	468	159	682
576	64	704	521	169	682
640	64	704	576	179	683
704	64	704	631	190	683
768	64	704	686	202	684
832	64	704	741	214	685
896	64	704	796	226	686
960	64	704	852	238	686
1023	64	704	906	250	687
0	128	704	158	158	681
64	128	704	165	158	681
128	128	704	189	159	681
192	128	704	224	162	681
256	128	704	267	165	681
320	128	704	315	170	681
384	128	704	365	175	682
448	128	704	417	181	682
512	128	704	470	189	682
576	128	704	523	197	683
640	128	704	578	206	683
704	128	704	632	215	684
768	128	704	687	225	684
832	128	704	742	236	685
896	128	704	797	246	686
960	128	704	853	258	687
1023	128	704	907	269	688
0	192	704	172	209	682
64	192	704	178	209	682
128	192	704	200	210	682
192	192	704	233	212	682
256	192	704	275	215	682
320	192	704	321	218	682
384	192	704	370	222	682
448	192	704	421	227	683
512	192	704	473	233	683
576	192	704	527	239	683
640	192	704	580	246	684
704	192	704	635	254	685
768	192	704	689	262	685
832	192	704	744	271	686
896	192	704	799	280	687
960	192	704	855	290	688
1023	192	704	909	299	688
0	256	704	190	266	683
64	256	704	195	266	683
128	256	704	215	267	683
192	256	704	246	268	683
256	256	704	285	270	683
320	256	704	330	272	683
384	256	704	377	276	683
448	256	704	428	279	684
512	256	704	479	284	684
576	256	704	532	289	685
640	256	704	585	294	685
704	256	704	639	301	686
768	256	704	693	307	686
832	256	704	747	315	687
896	256	704	802	322	688
960	256	704	857	331	689
1023	256	704	912	339	689
0	320	704	211	325	684
64	320	704	216	325	684
128	320	704	233	325	684
192	320	704	262	326	684
256	320	704	299	328	684
320	320	704	341	330	685
384	320	704	387	332	685
448	320	704	436	335	685
512	320	704	486	339	686
576	320	704	538	343	686
640	320	704	591	348	686
704	320	704	644	353	687
768	320	704	698	358	688
832	320	704	752	365	688
896	320	704	806	371	689
960	320	704	861	378	690
1023	320	704	915	385	691
0	384	704	235	385	686
64	384	704	239	385	686
128	384	704	255	385	686
192	384	704	281	386	686
256	384	704	315	387	686
320	384	704	355	389	686
384	384	704	399	391	687
448	384	704	447	394	687
512	384	704	496	397	687
576	384	704	546	400	688
640	384	704	598	404	688
704	384	704	651	408	689
768	384	704	704	413	690
832	384	704	757	418	690
896	384	704	811	424	691
960	384	704	866	429	692
1023	384	704	919	436	693
0	448	704	261	446	688
64	448	704	265	446	688
128	448	704	279	446	688
192	448	704	302	447	688
256	448	704	334	448	688
320	448	704	371	449	689
384	448	704	414	451	689
448	448	704	459	453	689
512	448	704	507	456	690
576	448	704	556	458	690
640	448	704	607	462	691
704	448	704	659	465	691
768	448	704	711	469	692
832	448	704	764	474	692
896	448	704	818	479	693
960	448	704	871	484	694
1023	448	704	925	489	695
0	512	704	288	507	691
64	512	704	291	507	691
128	512	704	304	507	691
192	512	704	325	508	691
256	512	704	354	509	691
320	512	704	390	510	691
384	512	704	430	512	691
448	512	704	473	513	692
512	512	704	520	515	692
576	512	704	568	518	693
640	512	704	617	521	693
704	512	704	668	524	694
768	512	704	720	527	694
832	512	704	772	531	695
896	512	704	825	535	696
960	512	704	878	540	697
1023	512	704	931	545	697
0	576	704	316	569	694
64	576	704	319	569	694
128	576	704	330	569	694
192	576	704	350	569	694
256	576	704	377	570	694
320	576	704	410	571	694
384	576	704	448	573	695
448	576	704	489	574	695
512	576	704	534	576	695
576	576	704	581	578	696
640	576	704	629	581	696
704	576	704	679	583	697
768	576	704	729	586	697
832	576	704	781	590	698
896	576	704	833	594	699
960	576	704	886	598	700
1023	576	704	938	602	700
0	640	704	345	630	697
64	640	704	347	630	697
128	640	704	358	631	697
192	640	704	375	631	697
256	640	704	400	632	698
320	640	704	431	633	698
384	640	704	467	634	698
448	640	704	507	635	698
512	640	704	550	637	699
576	640	704	595	639	699
640	640	704	642	641	700
704	640	704	691	643	700
768	640	704	741	646	701
832	640	704	791	649	701
896	640	704	843	653	702
960	640	704	895	656	703
1023	640	704	946	660	704
0	704	704	374	692	701
64	704	704	377	692	701
128	704	704	386	692	701
192	704	704	402	693	701
256	704	704	425	693	701
320	704	704	454	694	702
384	704	704	488	695	702
448	704	704	526	697	702
512	704	704	567	698	703
576	704	704	611	700	703
640	704	704	657	702	703
704	704	704	704	704	704
768	704	704	753	706	705
832	704	704	802	709	705
896	704	704	853	712	706
960	704	704	904	715	707
1023	704	704	956	719	708
0	768	704	404	754	705
64	768	704	406	754	705
128	768	704	414	754	705
192	768	704	430	755	706
256	768	704	451	755	706
320	768	704	478	756	706
384	768	704	510	757	706
448	768	704	546	758	706
512	768	704	586	760	707
576	768	704	628	761	707
640	768	704	672	763	708
704	768	704	718	765	708
768	768	704	766	767	709
832	768	704	815	770	710
896	768	704	865	772	710
960	768	704	915	775	711
1023	768	704	966	778	712
0	832	704	434	816	710
64	832	704	436	816	710
128	832	704	444	817	710
192	832	704	458	817	710
256	832	704	478	817	710
320	832	704	503	818	711
384	832	704	533	819	711
448	832	704	568	820	711
512	832	704	605	821	711
576	832	704	646	823	712
640	832	704	689	824	712
704	832	704	734	826	713
768	832	704	780	828	714
832	832	704	828	830	714
896	832	704	877	833	715
960	832	704	927	835	716
1023	832	704	977	838	717
0	896	704	464	878	715
64	896	704	466	878	715
128	896	704	473	879	715
192	896	704	486	879	715
256	896	704	505	879	715
320	896	704	529	880	716
384	896	704	557	881	716
448	896	704	590	882	716
512	896	704	626	883	717
576	896	704	665	884	717
640	896	704	707	886	717
704	896	704	751	887	718
768	896	704	796	889	719
832	896	704	843	891	719
896	896	704	891	894	720
960	896	704	939	896	721
1023	896	704	988	899	722
0	960	704	495	941	721
64	960	704	497	941	721
128	960	704	503	941	721
192	960	704	515	941	721
256	960	704	533	942	721
320	960	704	555	942	721
384	960	704	582	943	721
448	960	704	613	944	722
512	960	704	648	945	722
576	960	704	686	946	723
640	960	704	726	947	723
704	960	704	768	949	724
768	960	704	812	951	724
832	960	704	858	952	725
896	960	704	905	955	725
960	960	704	953	957	726
1023	960	704	1001	959	727
0	1023	704	525	1002	727
64	1023	704	527	1002	727
128	1023	704	533	1002	727
192	1023	704	544	1002	727
256	1023	704	560	1003	727
320	1023	704	582	1003	727
384	1023	704	607	1004	727
448	1023	704	637	1005	728
512	1023	704	670	1006	728
576	1023	704	706	1007	728
640	1023	704	745	1008	729
704	1023	704	786	1009	729
768	1023	704	829	1011	730
832	1023	704	874	1013	731
896	1023	704	920	1015	731
960	1023	704	967	1017	732
1023	1023	704	1015	1019	733
0	0	768	162	113	742
64	0	768	169	114	742
128	0	768	191	116	742
192	0	768	226	119	742
256	0	768	269	124	742
320	0	768	316	130	743
384	0	768	366	138	743
448	0	768	418	146	743
512	0	768	471	156	744
576	0	768	524	166	744
640	0	768	578	176	744
704	0	768	633	188	745
768	0	768	688	199	745
832	0	768	743	211	746
896	0	768	798	223	747
960	0	768	853	236	748
1023	0	768	908	248	748
0	64	768	164	126	742
64	64	768	171	127	742
128	64	768	193	128	742
192	64	768	228	132	742
256	64	768	270	136	743
320	64	768	317	141	743
384	64	768	367	148	743
448	64	768	418	156	743
512	64	768	471	165	744
576	64	768	525	174	744
640	64	768	579	184	744
704	64	768	633	195	745
768	64	768	688	206	746
832	64	768	743	218	746
896	64	768	798	230	747
960	64	768	853	242	748
1023	64	768	908	254	748
0	128	768	171	164	743
64	128	768	177	164	743
128	128	768	199	165	743
192	128	768	233	167	743
256	128	768	274	171	743
320	128	768	320	175	743
384	128	768	370	180	743
448	128	768	421	187	744
512	128	768	473	194	744
576	128	768	526	202	744
640	128	768	580	210	745
704	128	768	635	219	745
768	128	768	689	229	746
832	128	768	744	239	747
896	128	768	799	250	747
960	128	768	854	261	748
1023	128	768	909	272	749
0	192	768	183	213	743
64	192	768	189	214	743
128	192	768	209	215	743
192	192	768	241	216	743
256	192	768	281	219	744
320	192	768	326	222	744
384	192	768	375	226	744
448	192	768	425	231	744
512	192	768	477	236	745
576	192	768	530	243	745
640	192	768	583	249	745
704	192	768	637	257	746
768	192	768	692	265	747
832	192	768	746	274	747
896	192	768	801	283	748
960	192	768	856	292	749
1023	192	768	911	302	749
0	256	768	200	269	744
64	256	768	205	269	744
128	256	768	224	270	744
192	256	768	253	271	744
256	256	768	292	273	745
320	256	768	335	275	745
384	256	768	382	279	745
448	256	768	431	282	745
512	256	768	482	287	746
576	256	768	535	292	746
640	256	768	588	297	746
704	256	768	641	303	747
768	256	768	695	310	748
832	256	768	750	317	748
896	256	768	804	325	749
960	256	768	859	333	750
1023	256	768	913	341	750
0	320	768	220	327	746
64	320	768	225	327	746
128	320	768	242	328	746
192	320	768	269	329	746
256	320	768	305	330	746
320	320	768	346	332	746
384	320	768	392	335	746
448	320	768	440	338	747
512	320	768	490	341	747
576	320	768	541	346	747
640	320	768	593	350	748
704	320	768	646	355	748
768	320	768	700	361	749
832	320	768	754	367	749
896	320	768	808	373	750
960	320	768	863	380	751
1023	320	768	917	387	752
0	384	768	243	387	747
64	384	768	247	387	747
128	384	768	262	387	747
192	384	768	287	388	747
256	384	768	321	390	747
320	384	768	360	391	748
384	384	768	404	393	748
448	384	768	450	396	748
512	384	768	499	399	749
576	384	768	549	402	749
640	384	768	601	406	749
704	384	768	653	410	750
768	384	768	706	415	750
832	384	768	759	420	751
896	384	768	813	425	752
960	384	768	867	431	753
1023	384	768	921	438	753
0	448	768	268	447	749
64	448	768	272	448	749
128	448	768	285	448	749
192	448	768	308	449	749
256	448	768	339	450	749
320	448	768	376	451	750
384	448	768	418	453	750
448	448	768	463	455	750
512	448	768	510	457	751
576	448	768	559	460	751
640	448	768	610	463	751
704	448	768	661	467	752
768	448	768	713	471	752
832	448	768	766	475	753
896	448	768	819	480	754
960	448	768	873	485	755
1023	448	768	926	491	755
0	512	768	294	508	752
64	512	768	298	509	752
128	512	768	310	509	752
192	512	768	331	509	752
256	512	768	359	510	752
320	512	768	394	512	752
384	512	768	434	513	752
448	512	768	477	515	753
512	512	768	523	517	753
576	512	768	571	519	753
640	512	768	620	522	754
704	512	768	670	525	754
768	512	768	722	529	755
832	512	768	774	533	755
896	512	768	827	537	756
960	512	768	880	541	757
1023	512	768	933	546	758
0	576	768	321	570	754
64	576	768	325	570	754
128	576	768	336	570	754
192	576	768	355	571	754
256	576	768	381	571	755
320	576	768	414	572	755
384	576	768	451	574	755
448	576	768	493	575	755
512	576	768	537	577	756
576	576	768	583	579	756
640	576	768	632	582	756
704	576	768	681	585	757
768	576	768	732	588	758
832	576	768	783	591	758
896	576	768	835	595	759
960	576	768	888	599	760
1023	576	768	940	603	760
0	640	768	350	631	757
64	640	768	353	632	757
128	640	768	362	632	757
192	640	768	380	632	758
256	640	768	405	633	758
320	640	768	435	634	758
384	640	768	471	635	758
448	640	768	510	636	758
512	640	768	553	638	759
576	640	768	598	640	759
640	640	768	645	642	760
704	640	768	693	645	760
768	640	768	743	647	761
832	640	768	793	650	761
896	640	768	844	654	762
960	640	768	896	657	763
1023	640	768	948	661	763
0	704	768	379	693	761
64	704	768	381	693	761
128	704	768	390	693	761
192	704	768	406	694	761
256	704	768	429	694	761
320	704	768	458	695	761
384	704	768	491	696	762
448	704	768	529	698	762
512	704	768	570	699	762
576	704	768	613	701	763
640	704	768	659	703	763
704	704	768	706	705	764
768	704	768	755	707	764
832	704	768	804	710	765
896	704	768	855	713	765
960	704	768	906	716	766
1023	704	768	957	720	767
0	768	768	408	755	765
64	768	768	410	755	765
128	768	768	419	755	765
192	768	768	433	756	765
256	768	768	455	756	765
320	768	768	482	757	765
384	768	768	513	758	766
448	768	768	549	759	766
512	768	768	588	760	766
576	768	768	630	762	767
640	768	768	675	764	767
704	768	768	721	766	767
768	768	768	768	768	768
832	768	768	817	770	769
896	768	768	866	773	769
960	768	768	917	776	770
1023	768	768	967	779	771
0	832	768	438	817	769
64	832	768	440	817	769
128	832	768	447	817	769
192	832	768	461	818	769
256	832	768	481	818	769
320	832	768	506	819	770
384	832	768	536	820	770
448	832	768	570	821	770
512	832	768	608	822	770
576	832	768	648	823	771
640	832	768	691	825	771
704	832	768	736	827	772
768	832	768	782	829	772
832	832	768	830	831	773
896	832	768	879	834	774
960	832	768	928	836	774
1023	832	768	978	839	775
0	896	768	468	879	774
64	896	768	470	879	774
128	896	768	477	879	774
192	896	768	490	880	774
256	896	768	508	880	774
320	896	768	532	881	774
384	896	768	560	882	774
448	896	768	593	882	775
512	896	768	629	884	775
576	896	768	668	885	775
640	896	768	709	886	776
704	896	768	753	888	776
768	896	768	798	890	777
832	896	768	844	892	777
896	896	768	892	894	778
960	896	768	941	897	779
1023	896	768	990	899	780
0	960	768	498	941	779
64	960	768	500	941	779
128	960	768	506	942	779
192	960	768	518	942	779
256	960	768	536	942	779
320	960	768	558	943	779
384	960	768	585	943	779
448	960	768	616	944	780
512	960	768	650	945	780
576	960	768	688	947	780
640	960	768	728	948	781
704	960	768	770	950	781
768	960	768	814	951	782
832	960	768	860	953	782
896	960	768	907	955	783
960	960	768	954	957	784
1023	960	768	1003	960	785
0	1023	768	528	1003	784
64	1023	768	530	1003	784
128	1023	768	536	1003	784
192	1023	768	547	1003	784
256	1023	768	563	1003	784
320	1023	768	584	1004	785
384	1023	768	610	1005	785
448	1023	768	639	1005	785
512	1023	768	672	1006	785
576	1023	768	709	1007	786
640	1023	768	747	1009	786
704	1023	768	788	1010	787
768	1023	768	831	1012	787
832	1023	768	876	1014	788
896	1023	768	922	1015	788
960	1023	768	969	1018	789
1023	1023	768	1016	1020	790
0	0	832	175	123	804
64	0	832	181	123	804
128	0	832	202	125	804
192	0	832	236	128	804
256	0	832	277	133	804
320	0	832	322	138	804
384	0	832	371	145	805
448	0	832	422	153	805
512	0	832	474	162	805
576	0	832	528	172	806
640	0	832	581	182	806
704	0	832	635	193	807
768	0	832	690	204	807
832	0	832	745	216	808
896	0	832	800	228	808
960	0	832	855	240	809
1023	0	832	909	252	810
0	64	832	177	135	804
64	64	832	183	135	804
128	64	832	204	137	804
192	64	832	237	140	804
256	64	832	278	144	804
320	64	832	323	149	805
384	64	832	372	155	805
448	64	832	423	163	805
512	64	832	475	171	805
576	64	832	528	180	806
640	64	832	582	190	806
704	64	832	636	200	807
768	64	832	690	211	807
832	64	832	745	222	808
896	64	832	800	234	808
960	64	832	855	246	809
1023	64	832	910	258	810
0	128	832	183	170	804
64	128	832	189	170	804
128	128	832	210	171	804
192	128	832	241	173	805
256	128	832	281	177	805
320	128	832	327	181	805
384	128	832	375	186	805
448	128	832	425	192	805
512	128	832	477	199	806
576	128	832	530	206	806
640	128	832	583	215	806
704	128	832	637	224	807
768	128	832	692	233	807
832	128	832	746	243	808
896	128	832	801	254	809
960	128	832	856	265	809
1023	128	832	911	275	810
0	192	832	195	218	805
64	192	832	200	218	805
128	192	832	219	219	805
192	192	832	250	221	805
256	192	832	288	223	805
320	192	832	332	226	805
384	192	832	380	230	806
448	192	832	430	235	806
512	192	832	481	240	806
576	192	832	533	246	807
640	192	832	586	253	807
704	192	832	640	261	807
768	192	832	694	269	808
832	192	832	749	277	809
896	192	832	803	286	809
960	192	832	858	296	810
1023	192	832	912	305	811
0	256	832	210	272	806
64	256	832	216	273	806
128	256	832	233	273	806
192	256	832	262	275	806
256	256	832	298	276	806
320	256	832	341	279	806
384	256	832	387	282	807
448	256	832	436	286	807
512	256	832	486	290	807
576	256	832	538	295	807
640	256	832	591	300	808
704	256	832	644	306	808
768	256	832	698	313	809
832	256	832	752	320	809
896	256	832	806	328	810
960	256	832	861	336	811
1023	256	832	915	344	812
0	320	832	230	330	807
64	320	832	234	330	807
128	320	832	250	331	807
192	320	832	277	332	807
256	320	832	311	333	807
320	320	832	352	335	807
384	320	832	397	338	808
448	320	832	444	341	808
512	320	832	494	344	808
576	320	832	544	348	809
640	320	832	596	353	809
704	320	832	649	358	810
768	320	832	702	363	810
832	320	832	756	369	811
896	320	832	810	376	811
960	320	832	865	382	812
1023	320	832	918	390	813
0	384	832	251	389	809
64	384	832	256	389	809
128	384	832	270	390	809
192	384	832	294	391	809
256	384	832	327	392	809
320	384	832	365	393	809
384	384	832	408	395	809
448	384	832	454	398	809
512	384	832	503	401	810
576	384	832	553	404	810
640	384	832	604	408	811
704	384	832	656	412	811
768	384	832	708	417	812
832	384	832	762	422	812
896	384	832	815	427	813
960	384	832	869	433	813
1023	384	832	923	439	814
0	448	832	275	449	810
64	448	832	279	449	810
128	448	832	292	450	810
192	448	832	314	450	811
256	448	832	345	452	811
320	448	832	381	453	811
384	448	832	422	455	811
448	448	832	467	457	811
512	448	832	514	459	812
576	448	832	562	462	812
640	448	832	612	465	812
704	448	832	664	469	813
768	448	832	716	473	813
832	448	832	768	477	814
896	448	832	821	482	815
960	448	832	875	487	815
1023	448	832	928	492	816
0	512	832	301	510	813
64	512	832	304	510	813
128	512	832	316	511	813
192	512	832	337	511	813
256	512	832	365	512	813
320	512	832	399	513	813
384	512	832	438	515	813
448	512	832	481	516	813
512	512	832	526	519	814
576	512	832	574	521	814
640	512	832	623	524	815
704	512	832	673	527	815
768	512	832	724	530	816
832	512	832	776	534	816
896	512	832	829	538	817
960	512	832	882	543	817
1023	512	832	934	548	818
0	576	832	328	571	815
64	576	832	331	571	815
128	576	832	341	572	815
192	576	832	360	572	815
256	576	832	386	573	815
320	576	832	418	574	815
384	576	832	456	575	816
448	576	832	496	577	816
512	576	832	540	579	816
576	576	832	586	581	817
640	576	832	634	583	817
704	576	832	684	586	817
768	576	832	734	589	818
832	576	832	785	592	819
896	576	832	837	596	819
960	576	832	889	600	820
1023	576	832	942	604	821
0	640	832	355	633	818
64	640	832	358	633	818
128	640	832	368	633	818
192	640	832	385	633	818
256	640	832	409	634	818
320	640	832	439	635	818
384	640	832	475	636	819
448	640	832	514	638	819
512	640	832	556	639	819
576	640	832	601	641	819
640	640	832	647	643	820
704	640	832	695	646	820
768	640	832	745	649	821
832	640	832	795	652	821
896	640	832	846	655	822
960	640	832	898	658	823
1023	640	832	950	662	823
0	704	832	384	694	821
64	704	832	386	694	821
128	704	832	395	695	821
192	704	832	411	695	821
256	704	832	433	696	821
320	704	832	462	696	822
384	704	832	495	697	822
448	704	832	532	699	822
512	704	832	573	700	822
576	704	832	616	702	823
640	704	832	662	704	823
704	704	832	709	706	824
768	704	832	757	709	824
832	704	832	806	711	825
896	704	832	857	714	825
960	704	832	908	717	826
1023	704	832	959	721	827
0	768	832	413	756	825
64	768	832	415	756	825
128	768	832	423	756	825
192	768	832	438	757	825
256	768	832	459	757	825
320	768	832	485	758	825
384	768	832	517	759	825
448	768	832	552	760	826
512	768	832	591	761	826
576	768	832	633	763	826
640	768	832	677	765	827
704	768	832	723	767	827
768	768	832	770	769	828
832	768	832	819	771	828
896	768	832	868	774	829
960	768	832	919	777	829
1023	768	832	969	780	830
0	832	832	442	818	829
64	832	832	444	818	829
128	832	832	452	818	829
192	832	832	465	819	829
256	832	832	485	819	829
320	832	832	510	820	829
384	832	832	540	821	829
448	832	832	573	822	829
512	832	832	611	823	830
576	832	832	651	824	830
640	832	832	694	826	830
704	832	832	738	828	831
768	832	832	784	830	831
832	832	832	832	832	832
896	832	832	881	834	833
960	832	832	930	837	833
1023	832	832	980	840	834
0	896	832	472	880	833
64	896	832	474	880	833
128	896	832	481	880	833
192	896	832	493	881	833
256	896	832	512	881	833
320	896	832	535	882	833
384	896	832	563	882	833
448	896	832	596	883	834
512	896	832	631	884	834
576	896	832	670	886	834
640	896	832	711	887	835
704	896	832	755	889	835
768	896	832	800	891	836
832	896	832	846	893	836
896	896	832	894	895	837
960	896	832	943	898	838
1023	896	832	991	900	838
0	960	832	502	942	837
64	960	832	503	942	837
128	960	832	510	942	837
192	960	832	522	943	838
256	960	832	539	943	838
320	960	832	561	944	838
384	960	832	588	944	838
448	960	832	619	945	838
512	960	832	653	946	839
576	960	832	690	947	839
640	960	832	730	949	839
704	960	832	772	950	840
768	960	832	816	952	840
832	960	832	862	954	841
896	960	832	908	956	841
960	960	832	956	958	842
1023	960	832	1004	961	843
0	1023	832	531	1003	842
64	1023	832	533	1003	842
128	1023	832	539	1003	842
192	1023	832	550	1004	842
256	1023	832	566	1004	843
320	1023	832	587	1005	843
384	1023	832	613	1005	843
448	1023	832	642	1006	843
512	1023	832	675	1007	843
576	1023	832	711	1008	844
640	1023	832	750	1009	844
704	1023	832	790	1011	845
768	1023	832	833	1012	845
832	1023	832	878	1014	846
896	1023	832	923	1016	846
960	1023	832	970	1018	847
1023	1023	832	1017	1020	848
0	0	896	188	132	866
64	0	896	194	133	866
128	0	896	214	134	866
192	0	896	245	137	866
256	0	896	285	141	866
320	0	896	329	147	866
384	0	896	377	153	866
448	0	896	427	161	867
512	0	896	479	169	867
576	0	896	531	178	867
640	0	896	585	188	868
704	0	896	638	199	868
768	0	896	693	210	869
832	0	896	747	221	869
896	0	896	802	232	870
960	0	896	857	244	870
1023	0	896	911	256	871
0	64	896	190	143	866
64	64	896	196	144	866
128	64	896	215	145	866
192	64	896	246	148	866
256	64	896	286	152	866
320	64	896	330	156	866
384	64	896	378	163	867
448	64	896	428	170	867
512	64	896	479	177	867
576	64	896	532	186	867
640	64	896	585	196	868
704	64	896	639	206	868
768	64	896	693	216	869
832	64	896	748	227	869
896	64	896	802	238	870
960	64	896	857	250	870
1023	64	896	912	262	871
0	128	896	196	176	866
64	128	896	202	177	866
128	128	896	221	178	866
192	128	896	251	180	866
256	128	896	289	183	866
320	128	896	333	187	867
384	128	896	380	192	867
448	128	896	430	198	867
512	128	896	481	204	867
576	128	896	534	212	868
640	128	896	587	220	868
704	128	896	640	228	869
768	128	896	694	238	869
832	128	896	749	248	870
896	128	896	803	258	870
960	128	896	858	268	871
1023	128	896	913	279	871
0	192	896	207	223	867
64	192	896	212	223	867
128	192	896	230	224	867
192	192	896	259	226	867
256	192	896	296	228	867
320	192	896	339	231	867
384	192	896	385	235	867
448	192	896	434	239	868
512	192	896	485	245	868
576	192	896	537	251	868
640	192	896	590	257	869
704	192	896	643	265	869
768	192	896	697	273	870
832	192	896	751	281	870
896	192	896	805	290	871
960	192	896	860	299	871
1023	192	896	914	309	872
0	256	896	221	276	868
64	256	896	226	276	868
128	256	896	243	277	868
192	256	896	270	278	868
256	256	896	306	280	868
320	256	896	347	283	868
384	256	896	392	286	868
448	256	896	440	289	868
512	256	896	490	293	869
576	256	896	542	298	869
640	256	896	594	304	869
704	256	896	647	310	870
768	256	896	700	316	870
832	256	896	754	323	871
896	256	896	808	331	871
960	256	896	863	339	872
1023	256	896	917	347	873
0	320	896	239	333	869
64	320	896	244	333	869
128	320	896	259	334	869
192	320	896	285	335	869
256	320	896	318	336	869
320	320	896	358	338	869
384	320	896	402	340	869
448	320	896	449	343	869
512	320	896	498	347	870
576	320	896	548	351	870
640	320	896	600	355	870
704	320	896	652	360	871
768	320	896	705	366	871
832	320	896	759	372	872
896	320	896	812	378	872
960	320	896	867	385	873
1023	320	896	920	392	874
0	384	896	260	392	870
64	384	896	264	392	870
128	384	896	278	392	870
192	384	896	302	393	870
256	384	896	333	394	870
320	384	896	371	396	870
384	384	896	413	398	871
448	384	896	459	400	871
512	384	896	507	403	871
576	384	896	556	407	871
640	384	896	607	410	872
704	384	896	659	414	872
768	384	896	711	419	873
832	384	896	764	424	873
896	384	896	818	430	874
960	384	896	871	435	874
1023	384	896	925	442	875
0	448	896	283	451	872
64	448	896	287	452	872
128	448	896	300	452	872
192	448	896	321	453	872
256	448	896	351	454	872
320	448	896	387	455	872
384	448	896	427	457	872
448	448	896	471	459	873
512	448	896	517	461	873
576	448	896	566	464	873
640	448	896	616	467	874
704	448	896	666	471	874
768	448	896	718	475	874
832	448	896	771	479	875
896	448	896	824	484	876
960	448	896	877	489	876
1023	448	896	930	494	877
0	512	896	308	512	874
64	512	896	311	512	874
128	512	896	323	512	874
192	512	896	343	513	874
256	512	896	370	514	874
320	512	896	404	515	874
384	512	896	443	516	874
448	512	896	485	518	875
512	512	896	530	520	875
576	512	896	577	523	875
640	512	896	626	526	875
704	512	896	676	529	876
768	512	896	727	532	876
832	512	896	778	536	877
896	512	896	831	540	877
960	512	896	884	545	878
1023	512	896	936	549	879
0	576	896	334	573	876
64	576	896	337	573	876
128	576	896	348	573	876
192	576	896	366	574	876
256	576	896	392	574	876
320	576	896	423	575	876
384	576	896	460	577	877
448	576	896	500	578	877
512	576	896	544	580	877
576	576	896	590	582	877
640	576	896	637	585	878
704	576	896	686	588	878
768	576	896	736	591	879
832	576	896	787	594	879
896	576	896	839	598	880
960	576	896	891	602	880
1023	576	896	943	606	881
0	640	896	361	634	879
64	640	896	364	634	879
128	640	896	374	634	879
192	640	896	390	635	879
256	640	896	414	636	879
320	640	896	444	636	879
384	640	896	479	638	879
448	640	896	518	639	879
512	640	896	560	641	880
576	640	896	604	643	880
640	640	896	650	645	880
704	640	896	698	647	881
768	640	896	747	650	881
832	640	896	797	653	882
896	640	896	848	656	882
960	640	896	900	660	883
1023	640	896	952	663	884
0	704	896	389	696	882
64	704	896	392	696	882
128	704	896	400	696	882
192	704	896	416	696	882
256	704	896	438	697	882
320	704	896	466	698	882
384	704	896	499	699	882
448	704	896	536	700	882
512	704	896	576	701	883
576	704	896	619	703	883
640	704	896	664	705	883
704	704	896	711	707	884
768	704	896	759	710	884
832	704	896	809	712	885
896	704	896	859	715	885
960	704	896	910	719	886
1023	704	896	961	722	887
0	768	896	418	757	885
64	768	896	420	757	885
128	768	896	428	757	885
192	768	896	442	758	885
256	768	896	463	758	885
320	768	896	489	759	885
384	768	896	521	760	885
448	768	896	556	761	886
512	768	896	595	763	886
576	768	896	636	764	886
640	768	896	680	766	887
704	768	896	725	768	887
768	768	896	773	770	887
832	768	896	821	773	888
896	768	896	870	775	889
960	768	896	920	778	889
1023	768	896	971	781	890
0	832	896	446	819	888
64	832	896	449	819	888
128	832	896	456	819	888
192	832	896	470	820	888
256	832	896	489	820	889
320	832	896	514	821	889
384	832	896	543	822	889
448	832	896	577	823	889
512	832	896	614	824	889
576	832	896	654	825	890
640	832	896	696	827	890
704	832	896	741	829	891
768	832	896	787	831	891
832	832	896	834	833	892
896	832	896	883	835	892
960	832	896	932	838	893
1023	832	896	981	841	893
0	896	896	476	881	892
64	896	896	478	881	892
128	896	896	485	881	892
192	896	896	497	881	892
256	896	896	515	882	893
320	896	896	539	883	893
384	896	896	567	883	893
448	896	896	599	884	893
512	896	896	634	885	893
576	896	896	673	887	894
640	896	896	714	888	894
704	896	896	757	890	894
768	896	896	802	892	895
832	896	896	848	894	895
896	896	896	896	896	896
960	896	896	945	898	897
1023	896	896	993	901	897
0	960	896	506	943	897
64	960	896	507	943	897
128	960	896	514	943	897
192	960	896	526	943	897
256	960	896	543	944	897
320	960	896	565	944	897
384	960	896	591	945	897
448	960	896	622	946	897
512	960	896	656	947	898
576	960	896	693	948	898
640	960	896	733	950	898
704	960	896	775	951	899
768	960	896	818	953	899
832	960	896	864	955	900
896	960	896	910	957	900
960	960	896	958	959	901
1023	960	896	1006	961	901
0	1023	896	535	1004	901
64	1023	896	537	1004	901
128	1023	896	543	1004	901
192	1023	896	554	1004	901
256	1023	896	570	1005	901
320	1023	896	591	1005	901
384	1023	896	616	1006	902
448	1023	896	645	1007	902
512	1023	896	678	1008	902
576	1023	896	714	1009	902
640	1023	896	752	1010	903
704	1023	896	793	1012	903
768	1023	896	835	1013	904
832	1023	896	880	1015	904
896	1023	896	925	1017	905
960	1023	896	972	1019	905
1023	1023	896	1019	1021	906
0	0	960	202	142	928
64	0	960	207	142	928
128	0	960	226	144	928
192	0	960	255	146	928
256	0	960	293	150	928
320	0	960	336	155	928
384	0	960	383	161	928
448	0	960	432	168	928
512	0	960	483	176	929
576	0	960	535	185	929
640	0	960	588	195	929
704	0	960	642	205	930
768	0	960	696	215	930
832	0	960	750	226	931
896	0	960	805	237	931
960	0	960	859	249	932
1023	0	960	914	261	932
0	64	960	204	152	928
64	64	960	209	152	928
128	64	960	227	154	928
192	64	960	256	156	928
256	64	960	294	160	928
320	64	960	337	164	928
384	64	960	384	170	928
448	64	960	433	177	929
512	64	960	484	184	929
576	64	960	536	193	929
640	64	960	589	202	929
704	64	960	642	211	930
768	64	960	696	221	930
832	64	960	750	232	931
896	64	960	805	243	931
960	64	960	860	254	932
1023	64	960	914	266	933
0	128	960	209	183	928
64	128	960	214	183	928
128	128	960	232	185	928
192	128	960	261	186	928
256	128	960	298	189	928
320	128	960	340	193	928
384	128	960	386	198	929
448	128	960	435	204	929
512	128	960	486	210	929
576	128	960	538	217	929
640	128	960	590	225	930
704	128	960	644	234	930
768	128	960	697	243	931
832	128	960	751	252	931
896	128	960	806	262	932
960	128	960	861	273	932
1023	128	960	915	283	933
0	192	960	219	228	929
64	192	960	224	228	929
128	192	960	241	229	929
192	192	960	268	231	929
256	192	960	304	233	929
320	192	960	346	236	929
384	192	960	391	240	929
448	192	960	439	244	929
512	192	960	489	249	930
576	192	960	541	255	930
640	192	960	593	262	930
704	192	960	646	269	931
768	192	960	700	277	931
832	192	960	754	285	932
896	192	960	808	294	932
960	192	960	863	303	933
1023	192	960	916	312	933
0	256	960	233	280	929
64	256	960	237	280	929
128	256	960	253	281	929
192	256	960	279	282	929
256	256	960	313	284	930
320	256	960	354	286	930
384	256	960	398	289	930
448	256	960	446	293	930
512	256	960	495	297	930
576	256	960	546	302	931
640	256	960	597	307	931
704	256	960	650	313	931
768	256	960	703	320	932
832	256	960	757	327	932
896	256	960	811	334	933
960	256	960	865	342	933
1023	256	960	919	350	934
0	320	960	250	336	930
64	320	960	254	336	930
128	320	960	268	337	930
192	320	960	293	338	930
256	320	960	326	339	931
320	320	960	364	341	931
384	320	960	407	344	931
448	320	960	454	347	931
512	320	960	502	350	931
576	320	960	552	354	932
640	320	960	603	358	932
704	320	960	655	363	932
768	320	960	708	369	933
832	320	960	761	375	933
896	320	960	815	381	934
960	320	960	869	388	934
1023	320	960	922	395	935
0	384	960	270	394	932
64	384	960	273	394	932
128	384	960	287	395	932
192	384	960	310	396	932
256	384	960	340	397	932
320	384	960	377	398	932
384	384	960	419	400	932
448	384	960	464	403	932
512	384	960	511	406	933
576	384	960	560	409	933
640	384	960	610	413	933
704	384	960	662	417	934
768	384	960	714	422	934
832	384	960	767	427	935
896	384	960	820	432	935
960	384	960	874	438	936
1023	384	960	927	444	936
0	448	960	292	454	933
64	448	960	295	454	933
128	448	960	308	454	933
192	448	960	329	455	933
256	448	960	358	456	933
320	448	960	393	457	933
384	448	960	432	459	934
448	448	960	476	461	934
512	448	960	522	463	934
576	448	960	570	466	934
640	448	960	619	469	935
704	448	960	670	473	935
768	448	960	721	477	936
832	448	960	773	481	936
896	448	960	826	486	937
960	448	960	879	491	937
1023	448	960	932	496	938
0	512	960	316	514	935
64	512	960	319	514	935
128	512	960	330	514	935
192	512	960	350	515	935
256	512	960	377	516	935
320	512	960	410	517	935
384	512	960	448	518	935
448	512	960	489	520	936
512	512	960	534	522	936
576	512	960	581	525	936
640	512	960	629	527	937
704	512	960	679	531	937
768	512	960	729	534	937
832	512	960	781	538	938
896	512	960	833	542	938
960	512	960	886	546	939
1023	512	960	938	551	940
0	576	960	341	575	937
64	576	960	344	575	937
128	576	960	354	575	937
192	576	960	372	575	937
256	576	960	397	576	937
320	576	960	429	577	937
384	576	960	465	578	938
448	576	960	505	580	938
512	576	960	548	582	938
576	576	960	593	584	938
640	576	960	641	586	939
704	576	960	689	589	939
768	576	960	739	592	940
832	576	960	790	596	940
896	576	960	841	599	941
960	576	960	894	603	941
1023	576	960	945	607	942
0	640	960	368	636	939
64	640	960	370	636	939
128	640	960	380	636	939
192	640	960	396	636	940
256	640	960	420	637	940
320	640	960	449	638	940
384	640	960	483	639	940
448	640	960	522	640	940
512	640	960	563	642	940
576	640	960	607	644	941
640	640	960	653	646	941
704	640	960	701	649	941
768	640	960	750	651	942
832	640	960	800	654	942
896	640	960	851	658	943
960	640	960	902	661	944
1023	640	960	954	665	944
0	704	960	395	697	942
64	704	960	397	697	942
128	704	960	406	697	942
192	704	960	421	698	942
256	704	960	443	698	942
320	704	960	471	699	943
384	704	960	503	700	943
448	704	960	540	701	943
512	704	960	580	703	943
576	704	960	623	704	943
640	704	960	668	706	944
704	704	960	714	709	944
768	704	960	762	711	945
832	704	960	811	714	945
896	704	960	861	717	946
960	704	960	912	720	946
1023	704	960	963	723	947
0	768	960	423	758	945
64	768	960	425	759	945
128	768	960	433	759	945
192	768	960	447	759	945
256	768	960	468	760	945
320	768	960	494	760	946
384	768	960	525	761	946
448	768	960	560	762	946
512	768	960	598	764	946
576	768	960	639	765	946
640	768	960	683	767	947
704	768	960	728	769	947
768	768	960	775	771	948
832	768	960	823	774	948
896	768	960	872	776	949
960	768	960	923	779	949
1023	768	960	973	782	950
0	832	960	451	820	948
64	832	960	454	820	948
128	832	960	461	820	949
192	832	960	474	821	949
256	832	960	493	821	949
320	832	960	518	822	949
384	832	960	547	823	949
448	832	960	581	824	949
512	832	960	617	825	949
576	832	960	657	826	950
640	832	960	699	828	950
704	832	960	744	830	951
768	832	960	789	832	951
832	832	960	837	834	951
896	832	960	885	837	952
960	832	960	934	839	952
1023	832	960	983	842	953
0	896	960	480	882	952
64	896	960	482	882	952
128	896	960	489	882	952
192	896	960	502	882	952
256	896	960	520	883	952
320	896	960	543	884	952
384	896	960	570	884	953
448	896	960	602	885	953
512	896	960	638	886	953
576	896	960	676	888	953
640	896	960	717	889	954
704	896	960	760	891	954
768	896	960	805	893	955
832	896	960	851	895	955
896	896	960	898	897	956
960	896	960	947	899	956
1023	896	960	995	902	957
0	960	960	510	944	956
64	960	960	512	944	956
128	960	960	518	944	956
192	960	960	530	944	956
256	960	960	547	945	956
320	960	960	568	945	956
384	960	960	595	946	957
448	960	960	625	947	957
512	960	960	659	948	957
576	960	960	696	949	957
640	960	960	735	951	958
704	960	960	777	952	958
768	960	960	821	954	958
832	960	960	866	956	959
896	960	960	912	958	959
960	960	960	960	960	960
1023	960	960	1008	962	961
0	1023	960	539	1005	960
64	1023	960	541	1005	960
128	1023	960	547	1005	960
192	1023	960	558	1005	960
256	1023	960	574	1006	960
320	1023	960	594	1006	961
384	1023	960	619	1007	961
448	1023	960	648	1008	961
512	1023	960	681	1009	961
576	1023	960	716	1010	961
640	1023	960	755	1011	962
704	1023	960	795	1013	962
768	1023	960	838	1014	963
832	1023	960	882	1016	963
896	1023	960	927	1018	964
960	1023	960	974	1020	964
1023	1023	960	1021	1022	965
0	0	1023	215	151	989
64	0	1023	220	151	989
128	0	1023	237	153	989
192	0	1023	265	155	989
256	0	1023	302	159	989
320	0	1023	344	163	989
384	0	1023	389	169	989
448	0	1023	438	176	989
512	0	1023	488	184	990
576	0	1023	540	192	990
640	0	1023	592	201	990
704	0	1023	645	211	991
768	0	1023	699	221	991
832	0	1023	753	232	991
896	0	1023	807	243	992
960	0	1023	862	254	992
1023	0	1023	916	265	993
0	64	1023	217	160	989
64	64	1023	222	161	989
128	64	1023	239	162	989
192	64	1023	266	164	989
256	64	1023	303	168	989
320	64	1023	344	172	989
384	64	1023	390	178	989
448	64	1023	438	184	989
512	64	1023	489	191	990
576	64	1023	540	199	990
640	64	1023	592	208	990
704	64	1023	646	217	991
768	64	1023	699	227	991
832	64	1023	753	237	991
896	64	1023	807	248	992
960	64	1023	862	259	992
1023	64	1023	916	270	993
0	128	1023	222	190	989
64	128	1023	227	190	989
128	128	1023	243	191	989
192	128	1023	270	193	989
256	128	1023	306	196	989
320	128	1023	347	200	989
384	128	1023	393	204	989
448	128	1023	441	210	990
512	128	1023	491	216	990
576	128	1023	542	223	990
640	128	1023	594	230	990
704	128	1023	647	239	991
768	128	1023	700	248	991
832	128	1023	754	257	992
896	128	1023	809	267	992
960	128	1023	863	277	993
1023	128	1023	917	287	993
0	192	1023	231	234	989
64	192	1023	236	234	989
128	192	1023	251	235	989
192	192	1023	278	236	989
256	192	1023	312	238	990
320	192	1023	353	241	990
384	192	1023	397	245	990
448	192	1023	445	249	990
512	192	1023	494	254	990
576	192	1023	545	260	991
640	192	1023	597	266	991
704	192	1023	650	273	991
768	192	1023	703	281	992
832	192	1023	756	289	992
896	192	1023	811	298	993
960	192	1023	865	307	993
1023	192	1023	919	316	994
0	256	1023	244	285	990
64	256	1023	248	285	990
128	256	1023	263	285	990
192	256	1023	288	287	990
256	256	1023	321	288	990
320	256	1023	361	291	990
384	256	1023	404	293	991
448	256	1023	451	297	991
512	256	1023	499	301	991
576	256	1023	550	306	991
640	256	1023	601	311	992
704	256	1023	653	317	992
768	256	1023	706	323	992
832	256	1023	760	330	993
896	256	1023	814	337	993
960	256	1023	868	345	994
1023	256	1023	921	353	994
0	320	1023	260	340	991
64	320	1023	264	340	991
128	320	1023	278	340	991
192	320	1023	302	341	991
256	320	1023	333	343	991
320	320	1023	371	345	991
384	320	1023	413	347	991
448	320	1023	459	350	992
512	320	1023	507	353	992
576	320	1023	556	357	992
640	320	1023	607	362	993
704	320	1023	659	366	993
768	320	1023	711	372	993
832	320	1023	764	378	994
896	320	1023	817	384	994
960	320	1023	871	391	995
1023	320	1023	925	397	995
0	384	1023	279	397	992
64	384	1023	283	397	992
128	384	1023	296	398	992
192	384	1023	318	398	992
256	384	1023	348	400	992
320	384	1023	384	401	992
384	384	1023	425	403	993
448	384	1023	469	406	993
512	384	1023	515	408	993
576	384	1023	564	412	993
640	384	1023	614	415	994
704	384	1023	665	420	994
768	384	1023	717	424	994
832	384	1023	769	429	995
896	384	1023	822	435	995
960	384	1023	876	440	996
1023	384	1023	929	446	997
0	448	1023	301	456	994
64	448	1023	304	456	994
128	448	1023	316	457	994
192	448	1023	336	457	994
256	448	1023	364	458	994
320	448	1023	399	460	994
384	448	1023	438	461	994
448	448	1023	481	463	994
512	448	1023	526	466	995
576	448	1023	573	469	995
640	448	1023	623	472	995
704	448	1023	673	475	995
768	448	1023	724	479	996
832	448	1023	776	483	996
896	448	1023	829	488	997
960	448	1023	882	493	997
1023	448	1023	934	498	998
0	512	1023	324	516	995
64	512	1023	327	516	995
128	512	1023	338	516	995
192	512	1023	357	517	995
256	512	1023	383	518	995
320	512	1023	416	519	996
384	512	1023	453	520	996
448	512	1023	494	522	996
512	512	1023	538	524	996
576	512	1023	585	527	997
640	512	1023	633	529	997
704	512	1023	682	533	997
768	512	1023	732	536	998
832	512	1023	784	540	998
896	512	1023	836	544	999
960	512	1023	888	548	999
1023	512	1023	940	553	1000
0	576	1023	348	576	997
64	576	1023	351	576	997
128	576	1023	361	577	997
192	576	1023	379	577	997
256	576	1023	403	578	997
320	576	1023	434	579	998
384	576	1023	470	580	998
448	576	1023	509	582	998
512	576	1023	552	584	998
576	576	1023	597	586	998
640	576	1023	644	588	999
704	576	1023	692	591	999
768	576	1023	742	594	1000
832	576	1023	793	597	1000
896	576	1023	844	601	1000
960	576	1023	896	605	1001
1023	576	1023	948	609	1002
0	640	1023	374	637	999
64	640	1023	377	637	999
128	640	1023	386	637	1000
192	640	1023	402	638	1000
256	640	1023	425	639	1000
320	640	1023	454	639	1000
384	640	1023	488	641	1000
448	640	1023	526	642	1000
512	640	1023	567	644	1000
576	640	1023	611	646	1001
640	640	1023	657	648	1001
704	640	1023	704	650	1001
768	640	1023	753	653	1002
832	640	1023	803	656	1002
896	640	1023	853	659	1003
960	640	1023	905	663	1003
1023	640	1023	956	666	1004
0	704	1023	401	698	1002
64	704	1023	403	698	1002
128	704	1023	412	699	1002
192	704	1023	427	699	1002
256	704	1023	449	700	1002
320	704	1023	476	700	1002
384	704	1023	508	701	1002
448	704	1023	544	703	1003
512	704	1023	584	704	1003
576	704	1023	626	706	1003
640	704	1023	671	708	1004
704	704	1023	717	710	1004
768	704	1023	765	712	1004
832	704	1023	814	715	1005
896	704	1023	864	718	1005
960	704	1023	914	721	1006
1023	704	1023	965	725	1006
0	768	1023	429	760	1005
64	768	1023	431	760	1005
128	768	1023	439	760	1005
192	768	1023	453	760	1005
256	768	1023	473	761	1005
320	768	1023	499	762	1005
384	768	1023	529	763	1005
448	768	1023	564	764	1005
512	768	1023	602	765	1006
576	768	1023	643	767	1006
640	768	1023	686	768	1006
704	768	1023	731	770	1007
768	768	1023	778	773	1007
832	768	1023	826	775	1008
896	768	1023	875	778	1008
960	768	1023	925	781	1009
1023	768	1023	975	784	1009
0	832	1023	457	821	1008
64	832	1023	459	821	1008
128	832	1023	466	822	1008
192	832	1023	479	822	1008
256	832	1023	498	822	1008
320	832	1023	522	823	1008
384	832	1023	551	824	1008
448	832	1023	584	825	1009
512	832	1023	621	826	1009
576	832	1023	661	828	1009
640	832	1023	702	829	1009
704	832	1023	746	831	1010
768	832	1023	792	833	1010
832	832	1023	839	835	1011
896	832	1023	887	838	1011
960	832	1023	936	840	1012
1023	832	1023	985	843	1012
0	896	1023	485	883	1011
64	896	1023	487	883	1011
128	896	1023	494	883	1011
192	896	1023	506	884	1011
256	896	1023	524	884	1011
320	896	1023	547	885	1012
384	896	1023	574	885	1012
448	896	1023	606	886	1012
512	896	1023	641	887	1012
576	896	1023	679	889	1012
640	896	1023	720	890	1013
704	896	1023	763	892	1013
768	896	1023	807	894	1014
832	896	1023	853	896	1014
896	896	1023	900	898	1014
960	896	1023	949	900	1015
1023	896	1023	997	903	1016
0	960	1023	514	945	1015
64	960	1023	516	945	1015
128	960	1023	523	945	1015
192	960	1023	534	945	1015
256	960	1023	551	946	1015
320	960	1023	572	946	1015
384	960	1023	598	947	1015
448	960	1023	629	948	1016
512	960	1023	662	949	1016
576	960	1023	699	950	1016
640	960	1023	738	952	1016
704	960	1023	780	953	1017
768	960	1023	823	955	1017
832	960	1023	868	957	1018
896	960	1023	915	959	1018
960	960	1023	962	961	1019
1023	960	1023	1010	963	1019
0	1023	1023	543	1006	1019
64	1023	1023	545	1006	1019
128	1023	1023	551	1006	1019
192	1023	1023	562	1006	1019
256	1023	1023	577	1007	1019
320	1023	1023	598	1007	1019
384	1023	1023	623	1008	1019
448	1023	1023	652	1009	1019
512	1023	1023	684	1010	1020
576	1023	1023	719	1011	1020
640	1023	1023	758	1012	1020
704	1023	1023	798	1013	1021
768	1023	1023	840	1015	1021
832	1023	1023	884	1017	1021
896	1023	1023	930	1019	1022
960	1023	1023	976	1021	1022
1023	1023	1023	1023	1023	1023
