0	0	0	0	0	0
64	0	0	60	0	0
128	0	0	119	0	0
192	0	0	179	0	0
256	0	0	239	0	0
320	0	0	299	0	0
384	0	0	359	0	0
448	0	0	419	32	0
512	0	0	476	32	0
576	0	0	534	32	0
640	0	0	595	32	0
704	0	0	650	44	0
768	0	0	707	44	0
832	0	0	766	44	0
896	0	0	826	53	0
960	0	0	883	53	0
1023	0	0	941	60	0
0	64	0	0	60	0
64	64	0	60	60	0
128	64	0	119	66	0
192	64	0	179	66	0
256	64	0	239	63	0
320	64	0	299	63	0
384	64	0	359	66	0
448	64	0	419	66	0
512	64	0	476	66	0
576	64	0	534	66	0
640	64	0	595	69	0
704	64	0	650	72	0
768	64	0	707	72	0
832	64	0	766	75	0
896	64	0	826	77	0
960	64	0	883	82	0
1023	64	0	941	82	0
0	128	0	0	126	0
64	128	0	60	126	0
128	128	0	119	126	0
192	128	0	179	126	0
256	128	0	238	126	0
320	128	0	298	126	0
384	128	0	359	128	0
448	128	0	419	128	0
512	128	0	476	128	0
576	128	0	534	128	0
640	128	0	594	129	0
704	128	0	650	129	0
768	128	0	707	130	0
832	128	0	766	130	0
896	128	0	826	133	0
960	128	0	883	133	0
1023	128	0	941	136	0
0	192	0	0	189	0
64	192	0	60	189	0
128	192	0	119	189	0
192	192	0	179	189	0
256	192	0	238	189	0
320	192	0	298	189	0
384	192	0	359	188	0
448	192	0	419	189	0
512	192	0	476	189	0
576	192	0	533	189	0
640	192	0	594	190	0
704	192	0	650	190	0
768	192	0	707	191	0
832	192	0	766	191	0
896	192	0	825	192	0
960	192	0	883	193	0
1023	192	0	940	193	0
0	256	0	0	252	0
64	256	0	60	252	0
128	256	0	119	252	0
192	256	0	179	252	0
256	256	0	238	252	0
320	256	0	297	252	0
384	256	0	358	251	0
448	256	0	418	251	0
512	256	0	475	252	0
576	256	0	532	252	0
640	256	0	593	252	0
704	256	0	649	252	0
768	256	0	706	252	0
832	256	0	765	253	0
896	256	0	825	253	0
960	256	0	883	253	0
1023	256	0	940	253	0
0	320	0	0	316	0
64	320	0	60	316	0
128	320	0	119	316	0
192	320	0	179	316	0
256	320	0	238	315	0
320	320	0	297	314	0
384	320	0	358	314	0
448	320	0	417	314	0
512	320	0	474	314	0
576	320	0	532	314	0
640	320	0	593	314	0
704	320	0	648	314	0
768	320	0	705	315	0
832	320	0	765	315	0
896	320	0	825	315	0
960	320	0	882	316	0
1023	320	0	940	315	0
0	384	0	0	379	23
64	384	0	60	379	23
128	384	0	119	379	23
192	384	0	179	379	0
256	384	0	238	378	0
320	384	0	297	377	0
384	384	0	358	377	0
448	384	0	417	377	0
512	384	0	474	377	0
576	384	0	532	377	0
640	384	0	593	377	0
704	384	0	648	377	0
768	384	0	705	377	0
832	384	0	765	377	0
896	384	0	825	378	0
960	384	0	882	378	0
1023	384	0	940	377	0
0	448	0	23	441	23
64	448	0	60	441	23
128	448	0	120	440	23
192	448	0	179	440	23
256	448	0	238	439	23
320	448	0	297	438	0
384	448	0	358	438	0
448	448	0	417	438	0
512	448	0	474	438	0
576	448	0	532	438	0
640	448	0	593	438	0
704	448	0	648	438	0
768	448	0	705	438	0
832	448	0	765	438	0
896	448	0	824	438	0
960	448	0	883	438	0
1023	448	0	940	438	0
0	512	0	23	500	32
64	512	0	63	500	32
128	512	0	120	500	32
192	512	0	179	500	32
256	512	0	238	499	23
320	512	0	297	498	23
384	512	0	358	498	0
448	512	0	417	498	0
512	512	0	474	498	0
576	512	0	531	498	0
640	512	0	593	498	0
704	512	0	648	498	0
768	512	0	705	498	0
832	512	0	765	498	0
896	512	0	824	498	0
960	512	0	883	497	0
1023	512	0	940	497	0
0	576	0	32	561	32
64	576	0	63	561	32
128	576	0	122	561	32
192	576	0	179	561	32
256	576	0	238	560	32
320	576	0	297	560	32
384	576	0	358	559	32
448	576	0	417	559	0
512	576	0	474	559	0
576	576	0	531	559	0
640	576	0	593	559	0
704	576	0	648	559	0
768	576	0	705	559	0
832	576	0	765	559	0
896	576	0	824	559	0
960	576	0	882	559	0
1023	576	0	940	559	23
0	640	0	32	625	32
64	640	0	66	625	32
128	640	0	122	625	32
192	640	0	180	624	32
256	640	0	238	624	32
320	640	0	298	623	32
384	640	0	358	623	32
448	640	0	417	623	32
512	640	0	474	622	0
576	640	0	531	622	0
640	640	0	592	622	0
704	640	0	648	622	0
768	640	0	705	622	0
832	640	0	765	622	0
896	640	0	824	622	0
960	640	0	882	622	23
1023	640	0	940	621	23
0	704	0	38	683	38
64	704	0	66	683	38
128	704	0	123	682	38
192	704	0	180	682	32
256	704	0	238	682	32
320	704	0	297	681	32
384	704	0	358	681	32
448	704	0	417	680	32
512	704	0	473	680	32
576	704	0	531	680	23
640	704	0	592	680	0
704	704	0	647	680	0
768	704	0	705	680	0
832	704	0	764	680	0
896	704	0	824	680	23
960	704	0	882	680	23
1023	704	0	940	680	32
0	768	0	38	744	44
64	768	0	69	743	44
128	768	0	122	743	44
192	768	0	180	743	44
256	768	0	238	743	38
320	768	0	297	742	38
384	768	0	357	742	38
448	768	0	417	742	32
512	768	0	473	742	32
576	768	0	531	742	32
640	768	0	592	742	23
704	768	0	647	742	0
768	768	0	705	742	23
832	768	0	764	742	0
896	768	0	824	741	0
960	768	0	882	741	23
1023	768	0	940	741	32
0	832	0	44	807	44
64	832	0	72	807	44
128	832	0	125	807	44
192	832	0	181	807	44
256	832	0	239	806	44
320	832	0	297	806	44
384	832	0	358	806	44
448	832	0	417	805	38
512	832	0	473	805	38
576	832	0	531	806	32
640	832	0	592	805	32
704	832	0	647	806	32
768	832	0	705	805	32
832	832	0	764	806	32
896	832	0	824	805	32
960	832	0	882	805	32
1023	832	0	940	805	32
0	896	0	44	868	48
64	896	0	72	868	48
128	896	0	125	868	48
192	896	0	180	868	48
256	896	0	238	867	48
320	896	0	297	867	44
384	896	0	357	867	44
448	896	0	416	867	44
512	896	0	473	867	44
576	896	0	530	867	44
640	896	0	591	867	44
704	896	0	646	867	38
768	896	0	704	867	32
832	896	0	763	867	32
896	896	0	823	867	32
960	896	0	882	867	32
1023	896	0	939	866	32
0	960	0	53	929	53
64	960	0	77	929	53
128	960	0	125	929	53
192	960	0	181	929	53
256	960	0	239	928	53
320	960	0	297	928	53
384	960	0	357	928	48
448	960	0	416	928	44
512	960	0	473	928	53
576	960	0	530	928	48
640	960	0	591	928	44
704	960	0	646	928	44
768	960	0	704	928	44
832	960	0	763	928	44
896	960	0	823	928	44
960	960	0	882	928	44
1023	960	0	939	928	38
0	1023	0	53	989	53
64	1023	0	77	989	53
128	1023	0	126	989	53
192	1023	0	181	989	53
256	1023	0	238	988	57
320	1023	0	296	988	60
384	1023	0	356	988	53
448	1023	0	415	988	53
512	1023	0	471	988	53
576	1023	0	529	988	53
640	1023	0	590	988	53
704	1023	0	646	988	53
768	1023	0	703	988	53
832	1023	0	763	988	53
896	1023	0	823	988	44
960	1023	0	881	988	44
1023	1023	0	939	988	44
0	0	64	0	0	63
64	0	64	60	0	63
128	0	64	119	0	63
192	0	64	179	0	63
256	0	64	239	0	63
320	0	64	299	0	63
384	0	64	359	0	60
448	0	64	420	32	60
512	0	64	476	32	60
576	0	64	534	32	57
640	0	64	595	32	57
704	0	64	650	44	53
768	0	64	707	44	53
832	0	64	766	44	48
896	0	64	826	53	44
960	0	64	883	53	44
1023	0	64	941	60	32
0	64	64	0	60	63
64	64	64	60	60	63
128	64	64	119	60	63
192	64	64	179	63	63
256	64	64	239	63	63
320	64	64	299	63	63
384	64	64	359	66	60
448	64	64	419	66	60
512	64	64	476	66	60
576	64	64	534	66	57
640	64	64	595	69	57
704	64	64	650	72	53
768	64	64	707	72	53
832	64	64	766	75	48
896	64	64	826	77	44
960	64	64	883	82	44
1023	64	64	941	82	32
0	128	64	0	126	63
64	128	64	60	126	63
128	128	64	119	126	63
192	128	64	179	126	63
256	128	64	238	126	63
320	128	64	298	126	63
384	128	64	359	128	60
448	128	64	419	128	60
512	128	64	476	128	60
576	128	64	534	128	57
640	128	64	594	129	57
704	128	64	650	129	53
768	128	64	707	130	53
832	128	64	766	130	48
896	128	64	825	133	44
960	128	64	883	133	44
1023	128	64	941	136	32
0	192	64	0	189	63
64	192	64	60	189	63
128	192	64	119	189	63
192	192	64	179	189	63
256	192	64	238	189	63
320	192	64	298	188	63
384	192	64	359	188	63
448	192	64	419	189	60
512	192	64	475	189	60
576	192	64	533	189	60
640	192	64	594	190	57
704	192	64	650	190	53
768	192	64	707	191	53
832	192	64	766	191	48
896	192	64	825	193	44
960	192	64	883	193	44
1023	192	64	940	193	38
0	256	64	0	252	66
64	256	64	60	252	66
128	256	64	119	252	66
192	256	64	179	252	63
256	256	64	238	252	63
320	256	64	298	252	63
384	256	64	358	251	63
448	256	64	418	251	60
512	256	64	475	251	60
576	256	64	532	252	60
640	256	64	593	252	57
704	256	64	649	252	57
768	256	64	706	252	53
832	256	64	765	253	48
896	256	64	825	253	44
960	256	64	883	253	44
1023	256	64	940	253	38
0	320	64	0	316	66
64	320	64	60	316	66
128	320	64	119	316	66
192	320	64	179	316	66
256	320	64	238	315	63
320	320	64	297	314	63
384	320	64	358	314	63
448	320	64	417	314	63
512	320	64	474	314	60
576	320	64	532	314	60
640	320	64	593	314	57
704	320	64	648	314	57
768	320	64	705	315	53
832	320	64	765	315	53
896	320	64	824	315	48
960	320	64	882	316	44
1023	320	64	940	315	38
0	384	64	0	379	66
64	384	64	60	379	66
128	384	64	120	379	66
192	384	64	179	379	66
256	384	64	238	378	66
320	384	64	297	377	66
384	384	64	358	377	63
448	384	64	417	377	63
512	384	64	474	377	60
576	384	64	532	377	60
640	384	64	593	377	60
704	384	64	648	377	57
768	384	64	705	377	53
832	384	64	765	377	53
896	384	64	824	378	48
960	384	64	883	378	44
1023	384	64	940	377	38
0	448	64	32	441	66
64	448	64	63	441	66
128	448	64	122	440	66
192	448	64	179	440	66
256	448	64	238	439	66
320	448	64	297	438	66
384	448	64	358	438	66
448	448	64	417	438	63
512	448	64	474	438	63
576	448	64	532	438	60
640	448	64	593	438	60
704	448	64	648	438	60
768	448	64	705	438	57
832	448	64	765	438	53
896	448	64	824	438	48
960	448	64	883	438	48
1023	448	64	940	438	48
0	512	64	32	500	66
64	512	64	63	500	66
128	512	64	122	500	66
192	512	64	179	500	66
256	512	64	238	499	66
320	512	64	298	498	66
384	512	64	358	498	66
448	512	64	417	498	66
512	512	64	474	498	63
576	512	64	531	498	63
640	512	64	592	498	60
704	512	64	648	498	60
768	512	64	705	498	57
832	512	64	765	498	53
896	512	64	824	498	53
960	512	64	882	497	53
1023	512	64	940	497	48
0	576	64	32	562	69
64	576	64	66	561	69
128	576	64	122	561	69
192	576	64	180	561	66
256	576	64	238	560	66
320	576	64	298	560	66
384	576	64	358	559	66
448	576	64	417	559	66
512	576	64	474	559	66
576	576	64	531	559	66
640	576	64	593	559	60
704	576	64	648	559	60
768	576	64	705	559	60
832	576	64	765	559	57
896	576	64	824	559	53
960	576	64	882	559	53
1023	576	64	940	558	53
0	640	64	38	625	72
64	640	64	66	625	72
128	640	64	122	624	72
192	640	64	180	624	72
256	640	64	238	624	72
320	640	64	298	623	72
384	640	64	358	623	66
448	640	64	417	623	66
512	640	64	474	622	66
576	640	64	531	622	66
640	640	64	592	622	66
704	640	64	648	622	60
768	640	64	705	622	60
832	640	64	765	622	60
896	640	64	824	622	60
960	640	64	882	622	57
1023	640	64	940	621	57
0	704	64	38	682	72
64	704	64	66	682	72
128	704	64	122	682	72
192	704	64	180	682	72
256	704	64	238	681	72
320	704	64	297	681	72
384	704	64	358	681	72
448	704	64	417	680	69
512	704	64	473	680	66
576	704	64	531	680	66
640	704	64	592	680	66
704	704	64	647	680	66
768	704	64	705	680	60
832	704	64	764	680	60
896	704	64	824	680	60
960	704	64	882	680	60
1023	704	64	940	680	60
0	768	64	44	743	75
64	768	64	69	743	75
128	768	64	122	743	72
192	768	64	180	743	72
256	768	64	238	743	72
320	768	64	297	742	72
384	768	64	358	742	72
448	768	64	417	742	72
512	768	64	473	742	72
576	768	64	531	741	69
640	768	64	592	742	66
704	768	64	647	742	66
768	768	64	705	741	66
832	768	64	764	742	66
896	768	64	824	741	60
960	768	64	882	741	63
1023	768	64	940	741	60
0	832	64	44	807	75
64	832	64	72	807	75
128	832	64	125	807	75
192	832	64	182	807	75
256	832	64	240	806	75
320	832	64	297	806	75
384	832	64	358	806	75
448	832	64	417	805	72
512	832	64	473	805	72
576	832	64	531	805	72
640	832	64	592	805	69
704	832	64	647	805	72
768	832	64	705	805	69
832	832	64	764	805	66
896	832	64	824	805	66
960	832	64	882	805	66
1023	832	64	940	805	66
0	896	64	48	868	77
64	896	64	72	868	77
128	896	64	125	868	77
192	896	64	180	868	77
256	896	64	238	867	77
320	896	64	297	867	77
384	896	64	357	867	75
448	896	64	416	867	75
512	896	64	473	867	75
576	896	64	530	867	72
640	896	64	591	867	72
704	896	64	647	867	72
768	896	64	704	867	72
832	896	64	764	867	72
896	896	64	823	867	69
960	896	64	882	867	69
1023	896	64	939	866	66
0	960	64	53	929	80
64	960	64	77	929	80
128	960	64	126	929	80
192	960	64	182	929	77
256	960	64	239	928	77
320	960	64	297	928	77
384	960	64	357	928	77
448	960	64	416	928	77
512	960	64	472	928	77
576	960	64	530	928	77
640	960	64	591	928	77
704	960	64	646	928	75
768	960	64	704	928	77
832	960	64	763	928	75
896	960	64	823	928	75
960	960	64	882	928	72
1023	960	64	939	928	69
0	1023	64	53	989	82
64	1023	64	77	989	82
128	1023	64	126	989	82
192	1023	64	181	989	82
256	1023	64	238	988	82
320	1023	64	296	988	82
384	1023	64	356	988	82
448	1023	64	415	988	82
512	1023	64	471	988	82
576	1023	64	529	988	80
640	1023	64	590	988	82
704	1023	64	646	988	80
768	1023	64	703	988	77
832	1023	64	763	988	77
896	1023	64	823	988	77
960	1023	64	881	988	77
1023	1023	64	939	988	77
0	0	128	23	0	130
64	0	128	63	0	130
128	0	128	122	0	130
192	0	128	180	0	130
256	0	128	240	0	130
320	0	128	299	23	129
384	0	128	360	23	128
448	0	128	420	32	128
512	0	128	476	32	128
576	0	128	534	32	126
640	0	128	595	38	126
704	0	128	650	44	125
768	0	128	707	44	125
832	0	128	766	48	123
896	0	128	826	53	122
960	0	128	883	53	122
1023	0	128	941	60	119
0	64	128	23	60	130
64	64	128	63	60	130
128	64	128	122	60	129
192	64	128	180	63	129
256	64	128	240	63	129
320	64	128	299	63	129
384	64	128	359	66	128
448	64	128	419	66	128
512	64	128	476	66	128
576	64	128	534	66	126
640	64	128	595	69	126
704	64	128	650	72	125
768	64	128	707	72	125
832	64	128	766	75	123
896	64	128	826	77	122
960	64	128	883	82	122
1023	64	128	941	82	119
0	128	128	23	128	130
64	128	128	63	128	130
128	128	128	122	128	129
192	128	128	180	128	129
256	128	128	240	128	129
320	128	128	299	126	129
384	128	128	359	128	129
448	128	128	419	126	128
512	128	128	476	128	128
576	128	128	534	128	128
640	128	128	594	128	126
704	128	128	650	129	125
768	128	128	707	130	125
832	128	128	766	130	123
896	128	128	825	133	122
960	128	128	883	134	122
1023	128	128	941	136	119
0	192	128	32	189	130
64	192	128	63	189	130
128	192	128	122	189	130
192	192	128	180	189	129
256	192	128	239	189	129
320	192	128	299	188	129
384	192	128	359	188	129
448	192	128	419	189	128
512	192	128	475	189	128
576	192	128	533	189	128
640	192	128	594	189	126
704	192	128	649	191	125
768	192	128	707	191	125
832	192	128	766	191	123
896	192	128	825	193	122
960	192	128	883	193	122
1023	192	128	940	194	120
0	256	128	32	252	130
64	256	128	63	252	130
128	256	128	120	252	130
192	256	128	179	252	129
256	256	128	238	252	129
320	256	128	298	251	129
384	256	128	359	251	129
448	256	128	418	251	128
512	256	128	475	251	128
576	256	128	532	251	128
640	256	128	593	252	126
704	256	128	649	252	126
768	256	128	706	252	125
832	256	128	765	252	123
896	256	128	825	253	122
960	256	128	883	253	122
1023	256	128	940	253	120
0	320	128	32	316	130
64	320	128	63	316	130
128	320	128	122	316	130
192	320	128	179	315	130
256	320	128	238	315	130
320	320	128	297	314	129
384	320	128	358	314	129
448	320	128	417	313	129
512	320	128	474	314	128
576	320	128	532	314	128
640	320	128	593	314	126
704	320	128	648	314	126
768	320	128	705	315	125
832	320	128	765	314	125
896	320	128	824	315	122
960	320	128	882	315	122
1023	320	128	940	315	120
0	384	128	32	379	130
64	384	128	66	379	130
128	384	128	122	378	130
192	384	128	179	378	130
256	384	128	239	378	130
320	384	128	298	376	130
384	384	128	358	377	129
448	384	128	417	376	129
512	384	128	474	376	128
576	384	128	532	376	128
640	384	128	593	376	128
704	384	128	648	376	126
768	384	128	705	377	125
832	384	128	765	377	125
896	384	128	824	377	122
960	384	128	882	377	122
1023	384	128	940	377	122
0	448	128	32	440	130
64	448	128	66	440	130
128	448	128	122	440	130
192	448	128	180	439	130
256	448	128	239	439	130
320	448	128	298	438	130
384	448	128	358	438	130
448	448	128	417	438	129
512	448	128	474	438	128
576	448	128	531	438	128
640	448	128	593	438	128
704	448	128	648	438	126
768	448	128	705	438	126
832	448	128	765	438	125
896	448	128	824	438	122
960	448	128	882	438	123
1023	448	128	940	438	122
0	512	128	38	500	130
64	512	128	66	500	130
128	512	128	122	500	130
192	512	128	180	499	130
256	512	128	239	499	130
320	512	128	298	498	130
384	512	128	358	497	130
448	512	128	417	498	129
512	512	128	474	497	129
576	512	128	531	497	128
640	512	128	592	497	128
704	512	128	648	497	128
768	512	128	705	498	125
832	512	128	765	497	125
896	512	128	824	497	125
960	512	128	882	497	123
1023	512	128	940	497	122
0	576	128	38	561	133
64	576	128	66	561	133
128	576	128	123	561	132
192	576	128	180	561	132
256	576	128	239	560	130
320	576	128	298	559	130
384	576	128	358	559	130
448	576	128	417	559	130
512	576	128	474	559	129
576	576	128	531	559	129
640	576	128	593	559	128
704	576	128	648	559	128
768	576	128	705	559	126
832	576	128	765	559	125
896	576	128	824	558	125
960	576	128	882	558	125
1023	576	128	940	558	122
0	640	128	44	624	133
64	640	128	72	624	133
128	640	128	125	624	133
192	640	128	181	624	133
256	640	128	239	623	133
320	640	128	298	622	133
384	640	128	358	622	130
448	640	128	417	622	130
512	640	128	474	622	130
576	640	128	531	622	129
640	640	128	592	622	129
704	640	128	648	622	128
768	640	128	705	622	128
832	640	128	764	622	128
896	640	128	824	622	125
960	640	128	882	621	125
1023	640	128	940	621	125
0	704	128	44	682	133
64	704	128	72	682	133
128	704	128	125	682	133
192	704	128	180	682	133
256	704	128	239	681	133
320	704	128	297	680	132
384	704	128	358	680	133
448	704	128	417	680	132
512	704	128	473	680	130
576	704	128	531	680	130
640	704	128	592	680	129
704	704	128	647	680	129
768	704	128	705	680	128
832	704	128	764	680	128
896	704	128	824	680	128
960	704	128	882	680	128
1023	704	128	940	679	125
0	768	128	44	743	134
64	768	128	72	743	134
128	768	128	125	743	133
192	768	128	181	743	133
256	768	128	239	742	133
320	768	128	298	742	133
384	768	128	358	742	133
448	768	128	417	741	132
512	768	128	473	741	132
576	768	128	531	741	130
640	768	128	592	741	130
704	768	128	647	741	130
768	768	128	705	741	130
832	768	128	764	741	128
896	768	128	824	741	128
960	768	128	882	741	128
1023	768	128	940	741	128
0	832	128	53	807	136
64	832	128	77	807	134
128	832	128	126	807	134
192	832	128	182	806	134
256	832	128	240	806	134
320	832	128	298	805	133
384	832	128	358	805	133
448	832	128	417	805	133
512	832	128	473	805	133
576	832	128	531	805	132
640	832	128	592	805	132
704	832	128	647	805	130
768	832	128	705	805	130
832	832	128	764	805	130
896	832	128	824	805	130
960	832	128	882	805	128
1023	832	128	940	805	129
0	896	128	53	868	136
64	896	128	77	868	136
128	896	128	126	867	136
192	896	128	181	867	136
256	896	128	240	867	136
320	896	128	297	867	136
384	896	128	357	867	134
448	896	128	416	867	133
512	896	128	473	867	134
576	896	128	530	867	133
640	896	128	591	866	133
704	896	128	646	866	132
768	896	128	704	867	133
832	896	128	763	866	132
896	896	128	823	866	130
960	896	128	882	867	130
1023	896	128	939	866	130
0	960	128	57	929	137
64	960	128	77	929	137
128	960	128	128	929	137
192	960	128	182	929	137
256	960	128	240	928	136
320	960	128	297	928	136
384	960	128	357	928	136
448	960	128	416	928	136
512	960	128	472	928	136
576	960	128	530	928	134
640	960	128	591	928	133
704	960	128	646	928	133
768	960	128	704	928	133
832	960	128	763	928	133
896	960	128	823	928	133
960	960	128	882	928	132
1023	960	128	939	928	130
0	1023	128	57	989	138
64	1023	128	80	989	138
128	1023	128	128	989	138
192	1023	128	182	989	138
256	1023	128	239	988	138
320	1023	128	296	988	138
384	1023	128	356	988	138
448	1023	128	415	988	136
512	1023	128	471	988	136
576	1023	128	529	988	136
640	1023	128	590	988	136
704	1023	128	646	988	136
768	1023	128	703	988	136
832	1023	128	763	988	134
896	1023	128	822	988	133
960	1023	128	881	988	133
1023	1023	128	939	988	133
0	0	192	38	0	195
64	0	192	66	0	195
128	0	192	125	0	195
192	0	192	182	0	195
256	0	192	241	0	194
320	0	192	300	23	193
384	0	192	360	23	193
448	0	192	420	32	193
512	0	192	476	32	193
576	0	192	534	32	193
640	0	192	595	38	193
704	0	192	650	44	191
768	0	192	707	44	191
832	0	192	766	48	191
896	0	192	826	53	189
960	0	192	883	60	189
1023	0	192	941	60	188
0	64	192	38	60	194
64	64	192	66	60	194
128	64	192	125	60	194
192	64	192	182	63	194
256	64	192	240	63	194
320	64	192	299	63	194
384	64	192	360	66	193
448	64	192	419	66	193
512	64	192	476	66	193
576	64	192	534	66	193
640	64	192	595	69	193
704	64	192	650	72	191
768	64	192	707	72	191
832	64	192	766	77	191
896	64	192	826	77	189
960	64	192	883	82	189
1023	64	192	941	85	188
0	128	192	38	126	194
64	128	192	66	128	194
128	128	192	125	128	194
192	128	192	182	128	194
256	128	192	240	126	194
320	128	192	299	125	194
384	128	192	360	126	193
448	128	192	419	126	193
512	128	192	476	128	193
576	128	192	533	128	193
640	128	192	594	128	193
704	128	192	650	129	191
768	128	192	707	130	191
832	128	192	766	130	191
896	128	192	825	133	189
960	128	192	883	134	189
1023	128	192	941	136	188
0	192	192	38	189	194
64	192	192	66	189	194
128	192	192	123	189	194
192	192	192	180	189	194
256	192	192	240	189	194
320	192	192	299	188	194
384	192	192	359	188	193
448	192	192	419	189	193
512	192	192	476	188	193
576	192	192	533	189	193
640	192	192	594	189	193
704	192	192	649	190	191
768	192	192	707	191	191
832	192	192	765	191	191
896	192	192	825	192	190
960	192	192	883	193	189
1023	192	192	940	193	188
0	256	192	44	252	195
64	256	192	69	252	194
128	256	192	123	252	194
192	256	192	180	252	194
256	256	192	240	251	194
320	256	192	299	251	194
384	256	192	359	250	194
448	256	192	418	251	193
512	256	192	475	251	193
576	256	192	532	251	193
640	256	192	593	251	193
704	256	192	648	252	192
768	256	192	706	252	191
832	256	192	765	252	191
896	256	192	825	253	190
960	256	192	883	253	189
1023	256	192	940	253	189
0	320	192	44	315	194
64	320	192	69	315	194
128	320	192	123	315	194
192	320	192	181	315	194
256	320	192	240	314	194
320	320	192	298	313	193
384	320	192	359	314	193
448	320	192	417	313	193
512	320	192	474	313	193
576	320	192	532	313	193
640	320	192	593	314	191
704	320	192	648	314	191
768	320	192	705	314	191
832	320	192	765	314	189
896	320	192	824	314	189
960	320	192	882	315	189
1023	320	192	940	314	188
0	384	192	44	378	195
64	384	192	72	378	195
128	384	192	125	378	195
192	384	192	181	378	194
256	384	192	240	377	194
320	384	192	298	376	193
384	384	192	359	376	193
448	384	192	417	376	193
512	384	192	474	376	193
576	384	192	531	376	193
640	384	192	593	376	192
704	384	192	648	376	191
768	384	192	705	376	191
832	384	192	765	376	191
896	384	192	824	376	189
960	384	192	882	376	189
1023	384	192	940	376	188
0	448	192	44	439	194
64	448	192	72	439	194
128	448	192	125	439	194
192	448	192	182	439	194
256	448	192	240	438	194
320	448	192	298	437	193
384	448	192	358	438	193
448	448	192	417	437	193
512	448	192	474	437	193
576	448	192	531	437	193
640	448	192	592	437	193
704	448	192	648	437	191
768	448	192	705	437	191
832	448	192	765	438	191
896	448	192	824	437	189
960	448	192	882	437	189
1023	448	192	940	437	189
0	512	192	44	499	195
64	512	192	72	499	195
128	512	192	125	499	195
192	512	192	181	498	195
256	512	192	240	498	194
320	512	192	298	497	194
384	512	192	359	497	193
448	512	192	417	497	193
512	512	192	474	497	193
576	512	192	531	497	193
640	512	192	592	497	193
704	512	192	648	497	192
768	512	192	705	497	191
832	512	192	764	497	191
896	512	192	824	497	191
960	512	192	882	496	189
1023	512	192	940	496	189
0	576	192	44	561	196
64	576	192	72	561	196
128	576	192	125	560	194
192	576	192	182	560	194
256	576	192	240	559	194
320	576	192	298	558	194
384	576	192	358	558	194
448	576	192	417	558	194
512	576	192	474	558	193
576	576	192	531	558	193
640	576	192	592	558	193
704	576	192	648	558	193
768	576	192	705	558	192
832	576	192	764	558	191
896	576	192	824	558	191
960	576	192	882	558	190
1023	576	192	940	557	189
0	640	192	53	624	196
64	640	192	75	624	196
128	640	192	126	624	196
192	640	192	182	623	196
256	640	192	240	623	196
320	640	192	298	622	194
384	640	192	358	622	194
448	640	192	417	622	194
512	640	192	473	621	194
576	640	192	531	621	193
640	640	192	592	621	193
704	640	192	648	621	193
768	640	192	705	621	193
832	640	192	764	621	192
896	640	192	824	621	191
960	640	192	882	621	191
1023	640	192	940	621	190
0	704	192	53	682	196
64	704	192	75	682	196
128	704	192	126	682	196
192	704	192	182	681	196
256	704	192	240	681	196
320	704	192	298	680	195
384	704	192	358	680	195
448	704	192	417	680	194
512	704	192	473	680	194
576	704	192	531	680	194
640	704	192	592	680	193
704	704	192	647	679	193
768	704	192	705	679	193
832	704	192	764	679	192
896	704	192	824	679	192
960	704	192	882	679	191
1023	704	192	940	679	191
0	768	192	53	743	197
64	768	192	77	743	197
128	768	192	128	742	197
192	768	192	182	742	197
256	768	192	240	742	196
320	768	192	298	741	196
384	768	192	358	741	196
448	768	192	417	741	195
512	768	192	473	741	194
576	768	192	531	741	194
640	768	192	592	741	194
704	768	192	647	741	193
768	768	192	704	741	193
832	768	192	764	741	193
896	768	192	824	741	193
960	768	192	882	741	191
1023	768	192	940	740	192
0	832	192	60	806	197
64	832	192	82	806	197
128	832	192	129	806	197
192	832	192	184	806	197
256	832	192	240	806	196
320	832	192	298	805	196
384	832	192	358	805	196
448	832	192	417	805	195
512	832	192	473	805	195
576	832	192	530	805	194
640	832	192	592	805	194
704	832	192	647	805	194
768	832	192	704	805	194
832	832	192	764	805	193
896	832	192	824	805	193
960	832	192	882	805	193
1023	832	192	940	805	192
0	896	192	60	867	198
64	896	192	80	867	198
128	896	192	128	867	198
192	896	192	183	867	198
256	896	192	240	867	198
320	896	192	297	866	196
384	896	192	357	866	196
448	896	192	416	866	196
512	896	192	472	866	196
576	896	192	530	866	195
640	896	192	591	866	195
704	896	192	646	866	194
768	896	192	704	866	194
832	896	192	763	866	194
896	896	192	823	866	193
960	896	192	882	866	193
1023	896	192	939	866	193
0	960	192	60	929	198
64	960	192	82	928	198
128	960	192	130	928	198
192	960	192	184	928	198
256	960	192	241	928	198
320	960	192	298	928	197
384	960	192	357	928	196
448	960	192	416	928	197
512	960	192	472	928	196
576	960	192	530	928	196
640	960	192	591	928	196
704	960	192	646	928	196
768	960	192	704	928	194
832	960	192	763	928	195
896	960	192	823	928	194
960	960	192	881	928	194
1023	960	192	939	928	193
0	1023	192	66	989	198
64	1023	192	82	989	198
128	1023	192	130	989	198
192	1023	192	183	988	198
256	1023	192	240	988	198
320	1023	192	297	988	198
384	1023	192	356	988	197
448	1023	192	415	988	197
512	1023	192	471	988	198
576	1023	192	529	988	196
640	1023	192	590	988	196
704	1023	192	645	988	196
768	1023	192	703	988	196
832	1023	192	762	988	195
896	1023	192	822	988	194
960	1023	192	881	988	194
1023	1023	192	939	988	194
0	0	256	53	0	260
64	0	256	77	0	260
128	0	256	128	0	260
192	0	256	184	0	260
256	0	256	242	0	260
320	0	256	300	32	259
384	0	256	361	32	258
448	0	256	420	32	259
512	0	256	476	32	259
576	0	256	534	32	258
640	0	256	595	44	258
704	0	256	650	44	258
768	0	256	707	44	257
832	0	256	766	53	257
896	0	256	825	53	256
960	0	256	883	60	256
1023	0	256	941	66	255
0	64	256	53	63	260
64	64	256	77	63	260
128	64	256	128	63	259
192	64	256	184	66	259
256	64	256	242	66	259
320	64	256	300	66	259
384	64	256	361	66	258
448	64	256	420	66	259
512	64	256	476	69	259
576	64	256	534	69	258
640	64	256	595	72	258
704	64	256	650	72	258
768	64	256	707	75	257
832	64	256	766	77	257
896	64	256	825	77	256
960	64	256	883	82	256
1023	64	256	941	87	255
0	128	256	53	126	261
64	128	256	77	126	261
128	128	256	128	128	260
192	128	256	183	128	260
256	128	256	241	126	259
320	128	256	300	126	259
384	128	256	360	128	259
448	128	256	419	128	259
512	128	256	476	128	259
576	128	256	533	128	258
640	128	256	594	129	258
704	128	256	649	130	258
768	128	256	707	130	257
832	128	256	766	132	257
896	128	256	825	133	256
960	128	256	883	136	256
1023	128	256	940	136	255
0	192	256	53	189	261
64	192	256	77	189	261
128	192	256	128	189	261
192	192	256	184	188	261
256	192	256	241	188	261
320	192	256	300	188	259
384	192	256	360	188	259
448	192	256	419	189	259
512	192	256	475	188	259
576	192	256	533	189	258
640	192	256	594	189	258
704	192	256	649	190	258
768	192	256	706	191	258
832	192	256	765	191	257
896	192	256	825	193	256
960	192	256	883	193	256
1023	192	256	940	193	255
0	256	256	53	252	261
64	256	256	77	252	261
128	256	256	128	252	261
192	256	256	184	251	261
256	256	256	241	251	261
320	256	256	299	250	259
384	256	256	359	250	259
448	256	256	418	250	259
512	256	256	475	250	258
576	256	256	532	251	258
640	256	256	593	251	258
704	256	256	648	251	258
768	256	256	705	251	258
832	256	256	765	252	257
896	256	256	825	252	256
960	256	256	883	252	256
1023	256	256	940	253	256
0	320	256	53	315	259
64	320	256	77	314	259
128	320	256	128	314	259
192	320	256	182	314	258
256	320	256	240	313	258
320	320	256	299	312	258
384	320	256	359	313	258
448	320	256	418	312	258
512	320	256	474	313	257
576	320	256	531	313	257
640	320	256	592	313	257
704	320	256	648	313	257
768	320	256	705	313	256
832	320	256	764	313	256
896	320	256	824	314	256
960	320	256	882	314	255
1023	320	256	940	314	254
0	384	256	53	377	259
64	384	256	77	377	259
128	384	256	128	377	259
192	384	256	183	376	259
256	384	256	241	376	259
320	384	256	299	375	258
384	384	256	359	375	258
448	384	256	417	375	258
512	384	256	474	375	257
576	384	256	531	375	257
640	384	256	592	375	257
704	384	256	648	375	257
768	384	256	705	376	256
832	384	256	764	376	256
896	384	256	824	376	256
960	384	256	882	376	255
1023	384	256	940	376	254
0	448	256	53	439	259
64	448	256	77	439	259
128	448	256	128	438	259
192	448	256	183	438	259
256	448	256	241	437	259
320	448	256	299	436	258
384	448	256	359	436	258
448	448	256	417	436	258
512	448	256	474	436	258
576	448	256	531	436	257
640	448	256	592	436	257
704	448	256	648	436	256
768	448	256	705	436	256
832	448	256	764	436	256
896	448	256	824	436	255
960	448	256	882	436	255
1023	448	256	940	436	254
0	512	256	57	498	259
64	512	256	77	498	259
128	512	256	128	498	259
192	512	256	184	498	259
256	512	256	241	497	258
320	512	256	299	496	258
384	512	256	359	496	258
448	512	256	417	496	258
512	512	256	473	496	258
576	512	256	531	496	257
640	512	256	592	496	257
704	512	256	648	496	257
768	512	256	705	496	256
832	512	256	764	496	256
896	512	256	824	496	256
960	512	256	882	495	255
1023	512	256	940	495	255
0	576	256	60	560	259
64	576	256	80	560	259
128	576	256	128	559	259
192	576	256	184	559	259
256	576	256	241	558	259
320	576	256	299	557	258
384	576	256	359	557	258
448	576	256	417	557	258
512	576	256	474	557	258
576	576	256	531	557	257
640	576	256	592	557	257
704	576	256	647	557	257
768	576	256	705	557	257
832	576	256	764	557	256
896	576	256	824	557	256
960	576	256	882	557	255
1023	576	256	940	556	255
0	640	256	60	623	259
64	640	256	82	623	259
128	640	256	130	623	259
192	640	256	184	622	259
256	640	256	241	622	259
320	640	256	299	621	258
384	640	256	359	621	258
448	640	256	417	621	258
512	640	256	473	621	258
576	640	256	531	621	258
640	640	256	592	621	257
704	640	256	647	621	257
768	640	256	705	621	257
832	640	256	764	621	256
896	640	256	824	620	256
960	640	256	882	620	255
1023	640	256	940	620	255
0	704	256	60	681	261
64	704	256	82	681	261
128	704	256	130	681	261
192	704	256	184	680	259
256	704	256	241	680	259
320	704	256	299	679	259
384	704	256	359	679	259
448	704	256	417	679	258
512	704	256	473	679	258
576	704	256	530	679	258
640	704	256	592	679	258
704	704	256	647	679	258
768	704	256	704	679	257
832	704	256	764	679	256
896	704	256	824	679	256
960	704	256	882	678	256
1023	704	256	940	678	255
0	768	256	66	742	261
64	768	256	85	742	261
128	768	256	130	742	261
192	768	256	185	742	261
256	768	256	241	741	261
320	768	256	299	741	259
384	768	256	358	740	259
448	768	256	417	740	259
512	768	256	473	740	258
576	768	256	530	740	258
640	768	256	591	740	258
704	768	256	647	740	258
768	768	256	704	740	258
832	768	256	764	740	257
896	768	256	824	740	256
960	768	256	882	740	256
1023	768	256	939	740	256
0	832	256	66	806	261
64	832	256	87	806	261
128	832	256	132	806	261
192	832	256	186	805	261
256	832	256	241	805	260
320	832	256	299	805	259
384	832	256	358	805	259
448	832	256	417	804	259
512	832	256	473	805	259
576	832	256	530	805	259
640	832	256	592	805	258
704	832	256	647	805	258
768	832	256	704	805	258
832	832	256	764	804	257
896	832	256	824	804	257
960	832	256	882	804	256
1023	832	256	939	804	256
0	896	256	66	867	261
64	896	256	87	867	261
128	896	256	132	867	261
192	896	256	185	867	261
256	896	256	241	866	261
320	896	256	298	866	259
384	896	256	358	866	259
448	896	256	416	866	259
512	896	256	472	866	259
576	896	256	530	866	259
640	896	256	591	866	259
704	896	256	646	866	258
768	896	256	704	866	258
832	896	256	763	866	258
896	896	256	823	866	257
960	896	256	882	866	257
1023	896	256	939	865	256
0	960	256	72	928	262
64	960	256	87	928	262
128	960	256	133	928	262
192	960	256	186	928	261
256	960	256	242	928	261
320	960	256	299	927	260
384	960	256	358	927	259
448	960	256	416	927	259
512	960	256	472	927	259
576	960	256	529	927	259
640	960	256	591	927	259
704	960	256	646	927	259
768	960	256	704	927	258
832	960	256	763	927	258
896	960	256	823	927	258
960	960	256	881	927	257
1023	960	256	939	927	256
0	1023	256	72	989	261
64	1023	256	91	989	261
128	1023	256	133	988	261
192	1023	256	186	988	261
256	1023	256	240	988	261
320	1023	256	297	988	261
384	1023	256	357	988	260
448	1023	256	415	988	259
512	1023	256	471	988	259
576	1023	256	529	988	259
640	1023	256	590	988	259
704	1023	256	645	988	259
768	1023	256	703	988	259
832	1023	256	762	988	258
896	1023	256	822	988	258
960	1023	256	881	988	257
1023	1023	256	939	988	256
0	0	320	63	23	326
64	0	320	85	23	326
128	0	320	133	23	326
192	0	320	186	23	326
256	0	320	243	23	325
320	0	320	302	32	324
384	0	320	361	32	323
448	0	320	420	32	323
512	0	320	477	32	323
576	0	320	534	38	322
640	0	320	595	44	322
704	0	320	650	44	322
768	0	320	707	48	322
832	0	320	766	53	322
896	0	320	826	60	321
960	0	320	883	60	321
1023	0	320	941	66	320
0	64	320	63	66	325
64	64	320	85	66	325
128	64	320	133	66	325
192	64	320	186	66	325
256	64	320	243	66	324
320	64	320	302	66	324
384	64	320	361	66	323
448	64	320	420	66	323
512	64	320	477	69	323
576	64	320	534	72	322
640	64	320	595	72	322
704	64	320	650	72	322
768	64	320	707	77	322
832	64	320	766	77	322
896	64	320	826	82	321
960	64	320	883	82	321
1023	64	320	941	87	320
0	128	320	63	126	325
64	128	320	85	126	325
128	128	320	133	125	325
192	128	320	186	126	325
256	128	320	243	126	324
320	128	320	301	128	324
384	128	320	361	128	324
448	128	320	420	128	323
512	128	320	476	128	323
576	128	320	534	128	322
640	128	320	595	130	322
704	128	320	650	130	322
768	128	320	707	130	322
832	128	320	766	133	322
896	128	320	825	133	321
960	128	320	883	134	321
1023	128	320	941	136	320
0	192	320	63	189	325
64	192	320	87	189	325
128	192	320	132	189	325
192	192	320	186	188	325
256	192	320	243	188	324
320	192	320	301	188	324
384	192	320	361	188	324
448	192	320	419	188	323
512	192	320	476	188	323
576	192	320	533	189	323
640	192	320	594	189	322
704	192	320	649	189	322
768	192	320	706	191	322
832	192	320	766	191	322
896	192	320	825	191	321
960	192	320	883	193	321
1023	192	320	940	193	320
0	256	320	63	251	325
64	256	320	85	251	325
128	256	320	132	251	325
192	256	320	186	250	325
256	256	320	242	250	325
320	256	320	300	250	324
384	256	320	360	250	324
448	256	320	419	250	323
512	256	320	475	250	323
576	256	320	532	250	323
640	256	320	593	250	322
704	256	320	648	251	322
768	256	320	706	251	322
832	256	320	765	251	322
896	256	320	825	252	321
960	256	320	883	252	321
1023	256	320	940	252	320
0	320	320	66	314	325
64	320	320	87	314	325
128	320	320	130	314	325
192	320	320	186	314	324
256	320	320	242	313	323
320	320	320	300	312	323
384	320	320	359	312	323
448	320	320	418	312	323
512	320	320	474	312	322
576	320	320	532	312	322
640	320	320	593	312	322
704	320	320	648	312	322
768	320	320	705	313	321
832	320	320	764	313	321
896	320	320	824	313	320
960	320	320	882	313	320
1023	320	320	940	313	319
0	384	320	66	377	325
64	384	320	87	376	325
128	384	320	133	376	325
192	384	320	186	376	325
256	384	320	242	376	324
320	384	320	300	375	323
384	384	320	360	375	323
448	384	320	418	375	323
512	384	320	474	375	322
576	384	320	532	375	322
640	384	320	593	375	322
704	384	320	648	375	322
768	384	320	705	375	321
832	384	320	764	375	321
896	384	320	824	375	321
960	384	320	882	375	320
1023	384	320	940	375	319
0	448	320	66	438	325
64	448	320	87	438	325
128	448	320	133	438	324
192	448	320	186	438	324
256	448	320	243	437	324
320	448	320	300	436	323
384	448	320	359	436	323
448	448	320	418	436	322
512	448	320	474	436	322
576	448	320	531	436	322
640	448	320	593	436	322
704	448	320	648	436	322
768	448	320	705	436	322
832	448	320	764	436	321
896	448	320	824	436	321
960	448	320	882	436	320
1023	448	320	940	435	320
0	512	320	66	498	325
64	512	320	87	498	325
128	512	320	133	497	325
192	512	320	187	497	324
256	512	320	242	496	324
320	512	320	300	495	323
384	512	320	359	495	323
448	512	320	418	495	323
512	512	320	474	495	322
576	512	320	531	495	322
640	512	320	592	495	322
704	512	320	648	495	322
768	512	320	705	495	322
832	512	320	764	495	321
896	512	320	824	495	321
960	512	320	882	495	320
1023	512	320	940	495	320
0	576	320	72	559	325
64	576	320	87	559	325
128	576	320	133	559	325
192	576	320	186	558	324
256	576	320	243	557	324
320	576	320	300	557	323
384	576	320	359	557	323
448	576	320	418	557	323
512	576	320	474	556	323
576	576	320	531	557	322
640	576	320	592	556	322
704	576	320	648	557	322
768	576	320	705	556	322
832	576	320	764	556	322
896	576	320	824	556	321
960	576	320	882	556	320
1023	576	320	940	556	320
0	640	320	72	622	325
64	640	320	91	622	325
128	640	320	134	622	325
192	640	320	188	622	325
256	640	320	243	621	324
320	640	320	300	621	323
384	640	320	359	620	323
448	640	320	418	620	323
512	640	320	474	620	323
576	640	320	531	620	323
640	640	320	592	620	322
704	640	320	647	620	322
768	640	320	705	620	322
832	640	320	764	620	322
896	640	320	824	620	321
960	640	320	882	620	321
1023	640	320	940	619	320
0	704	320	72	680	325
64	704	320	91	680	325
128	704	320	136	680	325
192	704	320	188	680	325
256	704	320	243	679	324
320	704	320	300	679	324
384	704	320	359	679	324
448	704	320	417	679	323
512	704	320	473	678	323
576	704	320	531	678	323
640	704	320	592	678	322
704	704	320	647	678	322
768	704	320	704	678	322
832	704	320	764	678	321
896	704	320	824	678	321
960	704	320	882	678	321
1023	704	320	940	678	320
0	768	320	75	741	326
64	768	320	91	741	326
128	768	320	136	741	326
192	768	320	188	741	325
256	768	320	243	741	325
320	768	320	300	740	324
384	768	320	359	740	324
448	768	320	417	740	323
512	768	320	473	740	323
576	768	320	531	740	323
640	768	320	592	740	323
704	768	320	647	740	322
768	768	320	704	740	322
832	768	320	764	740	322
896	768	320	824	740	321
960	768	320	882	740	321
1023	768	320	939	739	320
0	832	320	77	806	325
64	832	320	95	805	325
128	832	320	136	805	325
192	832	320	188	805	325
256	832	320	243	805	324
320	832	320	300	804	324
384	832	320	359	804	324
448	832	320	417	804	323
512	832	320	473	804	323
576	832	320	531	804	323
640	832	320	592	804	323
704	832	320	647	804	323
768	832	320	704	804	322
832	832	320	764	804	322
896	832	320	824	804	321
960	832	320	882	804	321
1023	832	320	940	804	320
0	896	320	77	867	326
64	896	320	93	867	326
128	896	320	136	867	326
192	896	320	188	866	325
256	896	320	243	866	325
320	896	320	299	866	324
384	896	320	359	865	324
448	896	320	416	865	324
512	896	320	473	865	324
576	896	320	530	866	323
640	896	320	591	865	323
704	896	320	646	865	322
768	896	320	704	865	322
832	896	320	763	865	322
896	896	320	823	865	322
960	896	320	882	865	321
1023	896	320	939	865	321
0	960	320	80	928	326
64	960	320	95	928	326
128	960	320	137	928	326
192	960	320	188	928	325
256	960	320	243	928	325
320	960	320	300	927	324
384	960	320	359	927	324
448	960	320	417	927	324
512	960	320	472	927	323
576	960	320	530	927	323
640	960	320	591	927	323
704	960	320	646	927	323
768	960	320	704	927	322
832	960	320	763	927	322
896	960	320	823	927	322
960	960	320	882	927	321
1023	960	320	939	927	320
0	1023	320	82	988	326
64	1023	320	95	988	325
128	1023	320	137	988	325
192	1023	320	188	988	325
256	1023	320	242	988	325
320	1023	320	299	988	324
384	1023	320	357	988	323
448	1023	320	415	988	323
512	1023	320	471	988	323
576	1023	320	529	988	323
640	1023	320	590	988	323
704	1023	320	645	988	322
768	1023	320	703	988	322
832	1023	320	763	988	322
896	1023	320	823	988	321
960	1023	320	881	988	321
1023	1023	320	939	988	320
0	0	384	77	32	392
64	0	384	95	32	392
128	0	384	138	32	392
192	0	384	190	32	392
256	0	384	246	32	391
320	0	384	304	32	391
384	0	384	363	32	390
448	0	384	421	32	390
512	0	384	478	38	390
576	0	384	535	44	390
640	0	384	596	44	390
704	0	384	650	48	390
768	0	384	707	53	389
832	0	384	767	53	389
896	0	384	826	60	388
960	0	384	884	63	388
1023	0	384	941	66	388
0	64	384	77	66	392
64	64	384	95	66	392
128	64	384	138	66	392
192	64	384	190	66	392
256	64	384	246	66	391
320	64	384	304	66	390
384	64	384	363	66	390
448	64	384	421	69	390
512	64	384	478	69	390
576	64	384	535	72	390
640	64	384	596	72	390
704	64	384	650	77	390
768	64	384	707	77	389
832	64	384	767	82	389
896	64	384	826	82	388
960	64	384	884	87	388
1023	64	384	941	87	388
0	128	384	77	128	392
64	128	384	95	126	392
128	128	384	138	126	392
192	128	384	190	126	392
256	128	384	246	128	391
320	128	384	303	128	390
384	128	384	363	128	390
448	128	384	421	128	390
512	128	384	477	129	390
576	128	384	534	129	390
640	128	384	595	130	390
704	128	384	650	130	390
768	128	384	707	132	389
832	128	384	766	133	389
896	128	384	826	133	388
960	128	384	884	136	388
1023	128	384	941	137	388
0	192	384	77	189	392
64	192	384	95	189	392
128	192	384	138	189	392
192	192	384	190	189	392
256	192	384	246	188	392
320	192	384	303	188	391
384	192	384	363	188	391
448	192	384	421	188	390
512	192	384	477	189	390
576	192	384	534	189	390
640	192	384	595	189	390
704	192	384	650	189	390
768	192	384	707	191	389
832	192	384	766	191	389
896	192	384	825	193	388
960	192	384	883	193	388
1023	192	384	941	193	388
0	256	384	77	251	393
64	256	384	95	251	393
128	256	384	138	251	393
192	256	384	189	251	393
256	256	384	245	250	393
320	256	384	302	250	391
384	256	384	362	250	391
448	256	384	420	250	390
512	256	384	476	250	390
576	256	384	533	250	390
640	256	384	594	251	390
704	256	384	649	251	390
768	256	384	706	251	390
832	256	384	766	252	389
896	256	384	825	252	389
960	256	384	883	252	388
1023	256	384	940	252	388
0	320	384	77	314	390
64	320	384	95	314	390
128	320	384	137	314	390
192	320	384	189	313	390
256	320	384	245	313	390
320	320	384	302	312	389
384	320	384	361	312	389
448	320	384	419	312	389
512	320	384	475	312	388
576	320	384	532	312	388
640	320	384	593	312	388
704	320	384	648	313	388
768	320	384	706	313	388
832	320	384	765	313	387
896	320	384	825	313	387
960	320	384	883	313	386
1023	320	384	940	313	385
0	384	384	77	377	390
64	384	384	95	377	390
128	384	384	138	376	390
192	384	384	190	376	390
256	384	384	245	375	390
320	384	384	302	375	389
384	384	384	361	375	389
448	384	384	419	375	389
512	384	384	475	375	389
576	384	384	532	375	388
640	384	384	593	375	388
704	384	384	648	375	388
768	384	384	706	375	388
832	384	384	765	375	387
896	384	384	825	375	387
960	384	384	883	375	386
1023	384	384	940	375	385
0	448	384	77	438	390
64	448	384	95	438	390
128	448	384	138	438	390
192	448	384	190	437	390
256	448	384	246	437	390
320	448	384	302	436	389
384	448	384	361	436	389
448	448	384	419	436	389
512	448	384	475	436	388
576	448	384	532	436	388
640	448	384	593	436	388
704	448	384	648	436	388
768	448	384	705	436	387
832	448	384	765	436	387
896	448	384	825	435	387
960	448	384	883	436	386
1023	448	384	940	435	385
0	512	384	80	497	390
64	512	384	97	497	390
128	512	384	138	497	390
192	512	384	190	497	390
256	512	384	245	496	390
320	512	384	302	495	389
384	512	384	361	495	388
448	512	384	419	495	388
512	512	384	475	495	388
576	512	384	532	495	388
640	512	384	593	495	388
704	512	384	648	495	388
768	512	384	705	495	387
832	512	384	765	495	387
896	512	384	824	495	386
960	512	384	883	495	386
1023	512	384	940	494	385
0	576	384	82	559	390
64	576	384	97	559	390
128	576	384	141	559	390
192	576	384	190	558	389
256	576	384	246	557	389
320	576	384	302	557	389
384	576	384	361	557	389
448	576	384	419	557	388
512	576	384	475	556	388
576	576	384	532	557	388
640	576	384	593	556	388
704	576	384	648	556	388
768	576	384	705	556	387
832	576	384	765	556	387
896	576	384	824	556	386
960	576	384	882	556	386
1023	576	384	940	556	385
0	640	384	82	622	390
64	640	384	99	622	390
128	640	384	141	622	390
192	640	384	191	621	389
256	640	384	246	621	389
320	640	384	302	620	389
384	640	384	361	620	389
448	640	384	419	620	388
512	640	384	475	620	388
576	640	384	532	620	388
640	640	384	593	620	388
704	640	384	648	620	388
768	640	384	705	620	388
832	640	384	765	620	387
896	640	384	824	620	387
960	640	384	883	620	386
1023	640	384	940	619	385
0	704	384	85	680	390
64	704	384	99	680	390
128	704	384	141	680	390
192	704	384	191	680	390
256	704	384	245	679	390
320	704	384	302	679	389
384	704	384	361	678	389
448	704	384	419	678	389
512	704	384	475	678	388
576	704	384	532	678	388
640	704	384	593	678	388
704	704	384	648	678	388
768	704	384	705	678	388
832	704	384	764	678	387
896	704	384	824	678	387
960	704	384	882	678	386
1023	704	384	940	678	386
0	768	384	85	741	391
64	768	384	101	741	391
128	768	384	141	741	391
192	768	384	191	741	391
256	768	384	245	740	390
320	768	384	302	740	389
384	768	384	361	740	389
448	768	384	419	740	389
512	768	384	474	740	389
576	768	384	531	740	389
640	768	384	593	740	388
704	768	384	647	740	388
768	768	384	705	740	388
832	768	384	764	740	387
896	768	384	824	740	387
960	768	384	882	740	386
1023	768	384	940	739	386
0	832	384	87	805	390
64	832	384	103	805	390
128	832	384	143	805	390
192	832	384	192	805	390
256	832	384	246	805	390
320	832	384	302	804	389
384	832	384	361	804	389
448	832	384	419	804	388
512	832	384	474	804	388
576	832	384	532	804	388
640	832	384	593	804	388
704	832	384	647	804	388
768	832	384	705	804	388
832	832	384	764	804	387
896	832	384	824	804	386
960	832	384	882	804	386
1023	832	384	940	804	386
0	896	384	87	867	390
64	896	384	103	867	390
128	896	384	141	867	390
192	896	384	191	866	390
256	896	384	246	866	390
320	896	384	301	866	389
384	896	384	360	865	389
448	896	384	418	865	388
512	896	384	473	865	388
576	896	384	531	865	388
640	896	384	592	865	388
704	896	384	647	865	388
768	896	384	704	865	388
832	896	384	764	865	387
896	896	384	824	865	387
960	896	384	882	865	386
1023	896	384	940	865	386
0	960	384	91	928	390
64	960	384	104	928	390
128	960	384	143	928	390
192	960	384	193	928	390
256	960	384	246	928	390
320	960	384	302	927	389
384	960	384	360	927	389
448	960	384	418	927	388
512	960	384	473	927	388
576	960	384	531	927	388
640	960	384	592	927	388
704	960	384	646	927	388
768	960	384	704	927	388
832	960	384	764	927	387
896	960	384	824	927	387
960	960	384	882	927	386
1023	960	384	940	927	386
0	1023	384	91	988	390
64	1023	384	103	988	390
128	1023	384	142	988	390
192	1023	384	192	988	390
256	1023	384	245	988	390
320	1023	384	301	988	389
384	1023	384	359	988	389
448	1023	384	417	988	388
512	1023	384	472	988	388
576	1023	384	530	988	388
640	1023	384	591	988	388
704	1023	384	646	988	388
768	1023	384	703	988	387
832	1023	384	763	988	387
896	1023	384	823	988	386
960	1023	384	881	988	386
1023	1023	384	939	988	385
0	0	448	91	32	454
64	0	448	106	32	454
128	0	448	145	32	454
192	0	448	195	32	454
256	0	448	250	32	454
320	0	448	307	32	453
384	0	448	365	38	453
448	0	448	423	38	452
512	0	448	479	44	452
576	0	448	536	44	452
640	0	448	597	44	452
704	0	448	651	53	452
768	0	448	708	53	451
832	0	448	767	60	451
896	0	448	827	63	451
960	0	448	884	66	450
1023	0	448	942	69	450
0	64	448	91	66	454
64	64	448	106	66	454
128	64	448	145	66	454
192	64	448	195	66	454
256	64	448	250	66	453
320	64	448	306	69	453
384	64	448	365	69	453
448	64	448	423	72	452
512	64	448	479	72	452
576	64	448	536	72	452
640	64	448	597	75	452
704	64	448	651	77	452
768	64	448	708	82	451
832	64	448	767	82	451
896	64	448	827	87	451
960	64	448	884	87	450
1023	64	448	942	91	450
0	128	448	91	128	454
64	128	448	106	128	454
128	128	448	145	128	454
192	128	448	194	128	454
256	128	448	250	128	454
320	128	448	306	128	453
384	128	448	365	128	453
448	128	448	423	129	452
512	128	448	479	129	452
576	128	448	536	130	452
640	128	448	597	130	452
704	128	448	651	132	452
768	128	448	708	133	451
832	128	448	767	133	451
896	128	448	826	136	451
960	128	448	884	136	450
1023	128	448	941	138	450
0	192	448	91	189	454
64	192	448	106	189	454
128	192	448	145	189	454
192	192	448	195	189	454
256	192	448	249	189	454
320	192	448	306	188	453
384	192	448	364	189	453
448	192	448	423	189	452
512	192	448	478	189	452
576	192	448	535	189	452
640	192	448	596	189	452
704	192	448	650	191	452
768	192	448	708	191	451
832	192	448	767	191	451
896	192	448	826	193	451
960	192	448	884	193	450
1023	192	448	941	194	450
0	256	448	91	252	455
64	256	448	106	252	455
128	256	448	143	252	454
192	256	448	194	251	454
256	256	448	248	251	454
320	256	448	305	250	453
384	256	448	364	250	453
448	256	448	421	250	452
512	256	448	477	250	452
576	256	448	534	251	452
640	256	448	595	251	452
704	256	448	650	251	452
768	256	448	707	252	451
832	256	448	766	252	451
896	256	448	826	252	451
960	256	448	883	253	450
1023	256	448	941	252	450
0	320	448	91	314	452
64	320	448	106	314	452
128	320	448	143	314	452
192	320	448	194	313	452
256	320	448	248	313	452
320	320	448	305	312	451
384	320	448	363	312	451
448	320	448	421	312	451
512	320	448	477	312	451
576	320	448	534	312	451
640	320	448	594	312	451
704	320	448	649	313	450
768	320	448	707	313	450
832	320	448	766	313	449
896	320	448	825	313	449
960	320	448	883	314	449
1023	320	448	941	313	448
0	384	448	91	377	453
64	384	448	106	376	453
128	384	448	145	376	453
192	384	448	194	376	453
256	384	448	248	376	452
320	384	448	305	375	451
384	384	448	363	375	451
448	384	448	421	375	451
512	384	448	476	375	451
576	384	448	534	375	451
640	384	448	594	375	451
704	384	448	649	375	450
768	384	448	707	375	450
832	384	448	766	375	450
896	384	448	825	375	449
960	384	448	883	375	449
1023	384	448	941	375	448
0	448	448	91	438	452
64	448	448	106	438	452
128	448	448	145	438	452
192	448	448	194	437	452
256	448	448	248	436	452
320	448	448	305	436	451
384	448	448	363	436	451
448	448	448	421	436	451
512	448	448	477	436	451
576	448	448	533	436	451
640	448	448	594	436	450
704	448	448	649	435	450
768	448	448	706	436	449
832	448	448	766	436	449
896	448	448	825	436	449
960	448	448	883	436	448
1023	448	448	941	435	447
0	512	448	93	497	452
64	512	448	106	497	452
128	512	448	145	497	452
192	512	448	194	497	452
256	512	448	248	496	452
320	512	448	305	495	451
384	512	448	363	495	451
448	512	448	421	495	451
512	512	448	476	495	451
576	512	448	533	495	450
640	512	448	594	495	450
704	512	448	649	495	450
768	512	448	706	495	450
832	512	448	765	495	449
896	512	448	825	495	449
960	512	448	883	495	448
1023	512	448	941	494	448
0	576	448	93	559	452
64	576	448	108	558	452
128	576	448	145	558	452
192	576	448	195	558	452
256	576	448	249	557	451
320	576	448	305	556	451
384	576	448	363	556	451
448	576	448	421	556	451
512	576	448	476	556	451
576	576	448	533	556	451
640	576	448	594	556	450
704	576	448	649	556	450
768	576	448	706	556	449
832	576	448	765	556	449
896	576	448	825	556	449
960	576	448	883	556	448
1023	576	448	941	556	447
0	640	448	95	622	452
64	640	448	109	622	452
128	640	448	147	622	452
192	640	448	196	621	452
256	640	448	248	621	451
320	640	448	305	620	451
384	640	448	363	620	451
448	640	448	421	620	451
512	640	448	476	620	451
576	640	448	533	620	450
640	640	448	594	620	450
704	640	448	648	620	450
768	640	448	706	620	449
832	640	448	765	620	449
896	640	448	825	620	449
960	640	448	883	619	448
1023	640	448	941	619	448
0	704	448	95	680	452
64	704	448	109	680	452
128	704	448	148	680	452
192	704	448	196	680	452
256	704	448	248	679	452
320	704	448	305	679	451
384	704	448	363	678	451
448	704	448	420	678	451
512	704	448	476	678	451
576	704	448	533	678	450
640	704	448	594	678	450
704	704	448	648	678	450
768	704	448	706	678	450
832	704	448	765	678	449
896	704	448	825	678	449
960	704	448	883	678	448
1023	704	448	941	678	448
0	768	448	97	742	453
64	768	448	109	741	453
128	768	448	148	741	453
192	768	448	196	741	453
256	768	448	248	740	452
320	768	448	305	740	451
384	768	448	363	740	451
448	768	448	420	740	451
512	768	448	476	740	451
576	768	448	533	740	451
640	768	448	593	740	450
704	768	448	648	740	450
768	768	448	706	740	450
832	768	448	765	740	449
896	768	448	825	740	449
960	768	448	883	740	449
1023	768	448	941	739	448
0	832	448	99	805	452
64	832	448	113	805	452
128	832	448	148	805	452
192	832	448	196	805	452
256	832	448	249	805	451
320	832	448	305	804	451
384	832	448	363	804	451
448	832	448	420	804	451
512	832	448	476	804	451
576	832	448	533	804	450
640	832	448	593	804	450
704	832	448	648	804	450
768	832	448	706	804	450
832	832	448	765	804	449
896	832	448	825	804	449
960	832	448	883	804	449
1023	832	448	941	804	448
0	896	448	99	867	452
64	896	448	109	867	452
128	896	448	148	867	452
192	896	448	196	866	452
256	896	448	248	866	452
320	896	448	304	866	451
384	896	448	362	865	451
448	896	448	419	865	450
512	896	448	475	865	450
576	896	448	532	865	450
640	896	448	593	865	450
704	896	448	648	865	450
768	896	448	705	865	449
832	896	448	765	866	449
896	896	448	824	866	449
960	896	448	883	865	448
1023	896	448	940	865	448
0	960	448	101	928	452
64	960	448	113	928	452
128	960	448	149	928	452
192	960	448	196	928	452
256	960	448	249	928	452
320	960	448	305	927	451
384	960	448	363	927	451
448	960	448	419	927	450
512	960	448	475	927	450
576	960	448	532	927	450
640	960	448	593	927	450
704	960	448	648	927	450
768	960	448	705	927	449
832	960	448	765	927	449
896	960	448	825	927	449
960	960	448	883	927	448
1023	960	448	940	927	447
0	1023	448	101	988	452
64	1023	448	113	988	452
128	1023	448	148	988	452
192	1023	448	196	988	451
256	1023	448	248	988	451
320	1023	448	303	988	450
384	1023	448	361	988	450
448	1023	448	418	988	450
512	1023	448	474	988	449
576	1023	448	531	988	449
640	1023	448	592	988	449
704	1023	448	647	988	449
768	1023	448	704	988	449
832	1023	448	764	988	448
896	1023	448	824	988	448
960	1023	448	882	988	447
1023	1023	448	940	988	447
0	0	512	103	38	516
64	0	512	116	38	516
128	0	512	152	38	516
192	0	512	201	38	516
256	0	512	253	38	516
320	0	512	310	38	515
384	0	512	368	44	514
448	0	512	425	44	514
512	0	512	481	44	514
576	0	512	537	44	514
640	0	512	598	53	514
704	0	512	652	53	513
768	0	512	709	60	513
832	0	512	768	60	513
896	0	512	827	63	512
960	0	512	885	69	512
1023	0	512	942	72	511
0	64	512	103	69	516
64	64	512	116	69	516
128	64	512	152	69	515
192	64	512	201	69	515
256	64	512	253	69	515
320	64	512	310	72	515
384	64	512	368	72	514
448	64	512	425	72	514
512	64	512	481	72	514
576	64	512	537	75	514
640	64	512	598	77	514
704	64	512	652	77	513
768	64	512	709	82	513
832	64	512	768	85	513
896	64	512	827	87	512
960	64	512	885	89	512
1023	64	512	942	91	511
0	128	512	103	128	516
64	128	512	116	128	516
128	128	512	152	128	516
192	128	512	201	128	515
256	128	512	253	128	515
320	128	512	309	129	515
384	128	512	367	129	514
448	128	512	425	130	514
512	128	512	480	130	514
576	128	512	537	130	514
640	128	512	598	132	514
704	128	512	652	133	513
768	128	512	709	133	513
832	128	512	768	134	513
896	128	512	827	136	512
960	128	512	885	137	512
1023	128	512	942	139	511
0	192	512	103	189	516
64	192	512	116	189	516
128	192	512	152	190	516
192	192	512	199	190	516
256	192	512	253	189	515
320	192	512	309	189	515
384	192	512	367	189	515
448	192	512	424	189	514
512	192	512	480	189	514
576	192	512	536	190	514
640	192	512	597	191	514
704	192	512	652	191	513
768	192	512	709	191	513
832	192	512	768	193	513
896	192	512	827	193	512
960	192	512	885	194	512
1023	192	512	942	194	511
0	256	512	103	252	516
64	256	512	116	252	516
128	256	512	152	252	516
192	256	512	200	252	516
256	256	512	253	251	516
320	256	512	308	250	515
384	256	512	366	251	515
448	256	512	424	251	514
512	256	512	479	251	514
576	256	512	536	251	514
640	256	512	597	251	514
704	256	512	651	252	513
768	256	512	708	252	513
832	256	512	767	252	513
896	256	512	827	253	512
960	256	512	884	253	512
1023	256	512	942	253	511
0	320	512	103	314	514
64	320	512	116	314	514
128	320	512	152	314	514
192	320	512	199	313	514
256	320	512	252	313	514
320	320	512	308	313	513
384	320	512	366	312	513
448	320	512	423	313	513
512	320	512	478	312	513
576	320	512	535	313	512
640	320	512	596	313	512
704	320	512	650	313	512
768	320	512	707	313	512
832	320	512	767	314	511
896	320	512	826	314	511
960	320	512	884	314	511
1023	320	512	941	314	510
0	384	512	104	377	515
64	384	512	116	377	515
128	384	512	152	377	515
192	384	512	199	376	515
256	384	512	253	376	514
320	384	512	308	375	513
384	384	512	366	375	513
448	384	512	423	375	513
512	384	512	479	375	513
576	384	512	535	375	512
640	384	512	596	375	512
704	384	512	650	375	512
768	384	512	707	375	512
832	384	512	767	375	512
896	384	512	826	375	511
960	384	512	884	375	511
1023	384	512	942	375	510
0	448	512	104	438	514
64	448	512	117	438	514
128	448	512	152	438	514
192	448	512	201	437	514
256	448	512	252	436	514
320	448	512	308	436	513
384	448	512	366	436	513
448	448	512	423	436	512
512	448	512	478	436	512
576	448	512	535	436	512
640	448	512	596	436	512
704	448	512	650	436	512
768	448	512	707	436	511
832	448	512	767	436	511
896	448	512	826	436	511
960	448	512	884	436	510
1023	448	512	942	435	510
0	512	512	106	497	514
64	512	512	117	497	514
128	512	512	152	497	514
192	512	512	200	497	514
256	512	512	253	496	513
320	512	512	308	495	513
384	512	512	366	495	512
448	512	512	423	495	512
512	512	512	478	495	512
576	512	512	535	495	512
640	512	512	596	495	512
704	512	512	650	495	512
768	512	512	707	495	511
832	512	512	767	495	511
896	512	512	826	495	511
960	512	512	884	495	510
1023	512	512	941	494	510
0	576	512	106	559	514
64	576	512	119	558	514
128	576	512	153	558	514
192	576	512	201	558	514
256	576	512	253	557	513
320	576	512	308	556	513
384	576	512	366	557	513
448	576	512	423	556	513
512	576	512	478	557	512
576	576	512	535	556	512
640	576	512	596	556	512
704	576	512	650	557	512
768	576	512	707	556	511
832	576	512	767	556	511
896	576	512	826	556	511
960	576	512	884	556	510
1023	576	512	942	556	510
0	640	512	106	622	514
64	640	512	119	622	514
128	640	512	153	622	514
192	640	512	201	621	514
256	640	512	253	621	513
320	640	512	308	620	513
384	640	512	366	620	512
448	640	512	423	620	512
512	640	512	478	620	512
576	640	512	535	620	512
640	640	512	596	620	512
704	640	512	650	620	512
768	640	512	707	620	511
832	640	512	767	620	511
896	640	512	826	620	511
960	640	512	884	619	510
1023	640	512	942	619	510
0	704	512	108	680	514
64	704	512	119	680	514
128	704	512	155	680	514
192	704	512	201	680	514
256	704	512	252	679	514
320	704	512	308	678	513
384	704	512	366	678	513
448	704	512	422	678	512
512	704	512	478	678	512
576	704	512	534	678	512
640	704	512	595	678	512
704	704	512	650	678	512
768	704	512	707	678	512
832	704	512	766	678	511
896	704	512	826	678	511
960	704	512	884	678	510
1023	704	512	941	678	510
0	768	512	109	742	515
64	768	512	120	742	515
128	768	512	155	741	515
192	768	512	201	741	514
256	768	512	253	741	514
320	768	512	308	740	513
384	768	512	366	740	513
448	768	512	422	740	513
512	768	512	477	740	512
576	768	512	534	740	512
640	768	512	595	740	512
704	768	512	649	740	512
768	768	512	707	740	511
832	768	512	766	740	511
896	768	512	826	740	511
960	768	512	884	740	510
1023	768	512	941	739	510
0	832	512	109	805	514
64	832	512	122	805	514
128	832	512	156	805	514
192	832	512	202	805	513
256	832	512	253	805	513
320	832	512	308	804	512
384	832	512	366	804	512
448	832	512	422	804	512
512	832	512	477	804	512
576	832	512	534	804	512
640	832	512	595	804	512
704	832	512	649	804	512
768	832	512	707	804	511
832	832	512	766	804	511
896	832	512	826	804	511
960	832	512	884	804	510
1023	832	512	941	804	510
0	896	512	109	867	514
64	896	512	122	867	514
128	896	512	155	867	514
192	896	512	201	866	514
256	896	512	252	866	513
320	896	512	307	866	512
384	896	512	365	866	512
448	896	512	421	866	512
512	896	512	477	866	512
576	896	512	533	866	512
640	896	512	595	866	512
704	896	512	649	866	511
768	896	512	706	866	511
832	896	512	766	866	511
896	896	512	825	866	510
960	896	512	884	866	510
1023	896	512	941	865	510
0	960	512	111	928	514
64	960	512	122	928	514
128	960	512	157	928	514
192	960	512	202	928	514
256	960	512	253	928	513
320	960	512	308	927	512
384	960	512	365	927	512
448	960	512	421	927	512
512	960	512	476	927	512
576	960	512	533	927	512
640	960	512	594	927	511
704	960	512	649	927	511
768	960	512	706	927	511
832	960	512	766	928	511
896	960	512	825	928	510
960	960	512	884	927	510
1023	960	512	941	927	509
0	1023	512	111	989	514
64	1023	512	122	989	514
128	1023	512	157	988	513
192	1023	512	201	988	513
256	1023	512	252	988	513
320	1023	512	307	988	512
384	1023	512	364	988	511
448	1023	512	421	988	511
512	1023	512	476	988	511
576	1023	512	532	988	511
640	1023	512	593	988	511
704	1023	512	648	988	511
768	1023	512	706	988	511
832	1023	512	765	988	510
896	1023	512	825	988	510
960	1023	512	883	988	509
1023	1023	512	941	988	509
0	0	576	116	44	582
64	0	576	128	44	582
128	0	576	160	44	582
192	0	576	206	44	582
256	0	576	258	44	581
320	0	576	313	44	581
384	0	576	371	44	581
448	0	576	428	44	580
512	0	576	483	48	580
576	0	576	539	53	580
640	0	576	600	53	579
704	0	576	654	60	579
768	0	576	711	60	579
832	0	576	770	63	579
896	0	576	829	66	578
960	0	576	886	72	578
1023	0	576	943	75	577
0	64	576	116	72	582
64	64	576	128	72	581
128	64	576	160	72	581
192	64	576	206	72	581
256	64	576	258	72	581
320	64	576	313	72	580
384	64	576	371	72	580
448	64	576	427	75	580
512	64	576	483	77	580
576	64	576	539	77	580
640	64	576	600	77	579
704	64	576	654	82	579
768	64	576	711	82	579
832	64	576	770	85	579
896	64	576	829	89	578
960	64	576	886	91	578
1023	64	576	943	93	577
0	128	576	116	130	582
64	128	576	128	130	582
128	128	576	161	130	582
192	128	576	206	130	581
256	128	576	258	130	581
320	128	576	313	130	580
384	128	576	370	130	580
448	128	576	427	130	580
512	128	576	483	130	580
576	128	576	539	133	580
640	128	576	600	133	579
704	128	576	653	133	579
768	128	576	710	134	579
832	128	576	769	136	579
896	128	576	828	137	578
960	128	576	886	138	578
1023	128	576	943	139	577
0	192	576	116	190	582
64	192	576	126	190	582
128	192	576	161	190	582
192	192	576	206	191	582
256	192	576	258	189	581
320	192	576	313	189	581
384	192	576	370	189	580
448	192	576	427	190	580
512	192	576	482	191	580
576	192	576	538	191	580
640	192	576	599	191	579
704	192	576	653	192	579
768	192	576	710	193	579
832	192	576	769	193	579
896	192	576	828	194	578
960	192	576	886	194	578
1023	192	576	943	196	577
0	256	576	116	252	582
64	256	576	126	252	582
128	256	576	160	252	582
192	256	576	206	252	582
256	256	576	257	251	582
320	256	576	312	251	581
384	256	576	370	251	580
448	256	576	426	251	580
512	256	576	481	251	580
576	256	576	538	252	580
640	256	576	598	252	579
704	256	576	652	252	579
768	256	576	709	252	579
832	256	576	768	253	579
896	256	576	828	253	578
960	256	576	886	253	578
1023	256	576	943	253	577
0	320	576	116	315	580
64	320	576	128	315	580
128	320	576	161	314	580
192	320	576	206	314	580
256	320	576	257	313	579
320	320	576	311	313	579
384	320	576	369	313	579
448	320	576	425	313	579
512	320	576	480	313	578
576	320	576	537	313	578
640	320	576	598	313	578
704	320	576	652	313	578
768	320	576	709	314	578
832	320	576	768	313	577
896	320	576	827	314	577
960	320	576	885	314	577
1023	320	576	943	314	576
0	384	576	116	377	581
64	384	576	128	377	581
128	384	576	161	377	581
192	384	576	206	376	580
256	384	576	257	376	580
320	384	576	312	375	579
384	384	576	369	375	579
448	384	576	425	375	579
512	384	576	480	375	578
576	384	576	537	375	578
640	384	576	598	376	578
704	384	576	652	376	578
768	384	576	709	375	578
832	384	576	768	376	578
896	384	576	827	376	577
960	384	576	885	376	577
1023	384	576	943	376	576
0	448	576	117	438	580
64	448	576	129	438	580
128	448	576	161	438	580
192	448	576	206	437	580
256	448	576	257	437	580
320	448	576	312	436	579
384	448	576	369	436	579
448	448	576	425	436	578
512	448	576	480	436	578
576	448	576	537	436	578
640	448	576	598	436	578
704	448	576	652	436	578
768	448	576	709	436	578
832	448	576	768	436	577
896	448	576	827	436	577
960	448	576	885	436	576
1023	448	576	943	436	576
0	512	576	119	498	580
64	512	576	129	497	580
128	512	576	161	497	580
192	512	576	206	497	580
256	512	576	257	496	579
320	512	576	312	495	579
384	512	576	369	495	578
448	512	576	425	495	578
512	512	576	480	495	578
576	512	576	537	495	578
640	512	576	597	495	578
704	512	576	651	495	578
768	512	576	709	495	578
832	512	576	768	495	577
896	512	576	827	495	577
960	512	576	885	495	576
1023	512	576	943	495	576
0	576	576	119	559	580
64	576	576	130	559	580
128	576	576	161	558	580
192	576	576	207	558	580
256	576	576	257	557	579
320	576	576	312	557	579
384	576	576	369	557	579
448	576	576	425	557	578
512	576	576	480	557	578
576	576	576	537	557	578
640	576	576	597	557	578
704	576	576	651	557	578
768	576	576	709	557	577
832	576	576	768	556	577
896	576	576	827	556	577
960	576	576	885	556	576
1023	576	576	943	556	576
0	640	576	119	622	580
64	640	576	130	622	580
128	640	576	163	622	580
192	640	576	207	621	580
256	640	576	257	621	579
320	640	576	312	621	579
384	640	576	369	620	579
448	640	576	425	620	578
512	640	576	480	620	578
576	640	576	537	620	578
640	640	576	597	620	578
704	640	576	652	620	578
768	640	576	708	620	577
832	640	576	768	620	577
896	640	576	827	620	577
960	640	576	885	620	576
1023	640	576	942	619	576
0	704	576	119	680	580
64	704	576	130	680	580
128	704	576	162	680	580
192	704	576	207	680	580
256	704	576	257	679	579
320	704	576	312	679	579
384	704	576	368	679	578
448	704	576	425	679	578
512	704	576	480	678	578
576	704	576	536	679	578
640	704	576	597	678	578
704	704	576	651	679	578
768	704	576	708	679	578
832	704	576	768	678	577
896	704	576	827	678	577
960	704	576	885	678	576
1023	704	576	943	678	576
0	768	576	120	742	581
64	768	576	132	742	581
128	768	576	163	741	580
192	768	576	207	741	580
256	768	576	258	741	580
320	768	576	311	740	579
384	768	576	369	740	579
448	768	576	425	740	578
512	768	576	480	740	578
576	768	576	536	740	578
640	768	576	597	740	578
704	768	576	651	740	578
768	768	576	708	740	578
832	768	576	767	740	577
896	768	576	827	740	577
960	768	576	885	740	576
1023	768	576	942	739	576
0	832	576	122	805	580
64	832	576	132	805	580
128	832	576	164	805	580
192	832	576	207	805	579
256	832	576	258	805	579
320	832	576	312	804	578
384	832	576	369	804	578
448	832	576	425	804	578
512	832	576	479	804	578
576	832	576	536	804	578
640	832	576	597	804	578
704	832	576	651	804	577
768	832	576	708	804	577
832	832	576	767	804	577
896	832	576	827	804	576
960	832	576	885	804	576
1023	832	576	942	804	575
0	896	576	122	867	580
64	896	576	133	867	580
128	896	576	163	867	580
192	896	576	207	867	580
256	896	576	257	866	579
320	896	576	311	866	578
384	896	576	368	866	578
448	896	576	424	866	578
512	896	576	479	866	578
576	896	576	535	866	578
640	896	576	596	866	578
704	896	576	650	866	578
768	896	576	708	866	577
832	896	576	767	866	577
896	896	576	827	866	576
960	896	576	885	866	576
1023	896	576	942	866	575
0	960	576	122	928	580
64	960	576	133	928	580
128	960	576	165	928	580
192	960	576	208	928	580
256	960	576	258	928	579
320	960	576	311	928	578
384	960	576	368	928	578
448	960	576	424	928	578
512	960	576	479	928	578
576	960	576	535	928	578
640	960	576	596	927	578
704	960	576	650	928	577
768	960	576	708	928	577
832	960	576	767	928	577
896	960	576	826	928	576
960	960	576	885	928	576
1023	960	576	942	928	575
0	1023	576	122	989	579
64	1023	576	133	989	579
128	1023	576	163	989	579
192	1023	576	207	988	579
256	1023	576	256	988	579
320	1023	576	310	988	578
384	1023	576	366	988	578
448	1023	576	423	988	578
512	1023	576	477	988	577
576	1023	576	534	988	577
640	1023	576	595	988	577
704	1023	576	649	988	577
768	1023	576	707	988	577
832	1023	576	767	988	576
896	1023	576	826	988	575
960	1023	576	884	988	575
1023	1023	576	942	988	575
0	0	640	129	44	644
64	0	640	139	44	644
128	0	640	169	44	643
192	0	640	213	44	643
256	0	640	263	48	643
320	0	640	317	48	643
384	0	640	374	48	643
448	0	640	431	53	642
512	0	640	485	53	642
576	0	640	541	53	642
640	0	640	602	60	642
704	0	640	655	60	642
768	0	640	712	63	641
832	0	640	771	66	641
896	0	640	830	72	641
960	0	640	888	72	640
1023	0	640	944	77	640
0	64	640	129	75	643
64	64	640	139	72	643
128	64	640	169	72	643
192	64	640	213	75	643
256	64	640	263	75	643
320	64	640	317	75	643
384	64	640	374	77	643
448	64	640	431	77	642
512	64	640	485	80	642
576	64	640	541	80	642
640	64	640	602	82	642
704	64	640	655	85	642
768	64	640	712	87	641
832	64	640	771	87	641
896	64	640	830	91	641
960	64	640	888	93	640
1023	64	640	944	95	640
0	128	640	128	130	643
64	128	640	139	130	643
128	128	640	169	130	643
192	128	640	213	130	643
256	128	640	263	130	643
320	128	640	317	130	643
384	128	640	374	132	643
448	128	640	430	132	642
512	128	640	485	133	642
576	128	640	541	133	642
640	128	640	602	134	642
704	128	640	655	134	642
768	128	640	712	136	641
832	128	640	771	137	641
896	128	640	830	138	641
960	128	640	887	141	640
1023	128	640	944	141	640
0	192	640	128	191	644
64	192	640	138	191	644
128	192	640	169	191	644
192	192	640	213	191	643
256	192	640	263	191	643
320	192	640	317	190	643
384	192	640	373	191	643
448	192	640	429	191	642
512	192	640	484	191	642
576	192	640	540	191	642
640	192	640	601	192	642
704	192	640	655	193	642
768	192	640	711	193	641
832	192	640	771	194	641
896	192	640	830	195	641
960	192	640	887	195	641
1023	192	640	944	196	640
0	256	640	128	252	644
64	256	640	138	252	644
128	256	640	169	252	644
192	256	640	212	252	644
256	256	640	262	252	644
320	256	640	316	252	643
384	256	640	373	251	643
448	256	640	429	251	642
512	256	640	483	251	642
576	256	640	539	252	642
640	256	640	600	252	642
704	256	640	654	252	642
768	256	640	711	253	641
832	256	640	770	253	641
896	256	640	829	253	641
960	256	640	887	254	641
1023	256	640	944	255	640
0	320	640	128	315	642
64	320	640	138	315	642
128	320	640	169	315	642
192	320	640	212	314	642
256	320	640	262	313	641
320	320	640	316	313	641
384	320	640	372	313	641
448	320	640	428	313	641
512	320	640	483	313	641
576	320	640	539	313	640
640	320	640	600	313	640
704	320	640	654	314	640
768	320	640	710	314	640
832	320	640	770	314	639
896	320	640	829	314	639
960	320	640	886	315	639
1023	320	640	944	315	638
0	384	640	129	377	643
64	384	640	139	377	642
128	384	640	169	377	642
192	384	640	212	376	642
256	384	640	262	376	642
320	384	640	316	376	641
384	384	640	372	375	641
448	384	640	428	376	641
512	384	640	483	376	641
576	384	640	539	375	640
640	384	640	600	376	640
704	384	640	654	376	640
768	384	640	710	376	640
832	384	640	770	376	640
896	384	640	829	376	639
960	384	640	886	376	639
1023	384	640	944	376	639
0	448	640	130	438	642
64	448	640	141	438	642
128	448	640	170	438	642
192	448	640	213	438	642
256	448	640	263	437	641
320	448	640	316	436	641
384	448	640	372	436	641
448	448	640	428	436	641
512	448	640	483	436	640
576	448	640	539	436	640
640	448	640	600	436	640
704	448	640	654	436	640
768	448	640	710	436	640
832	448	640	770	436	639
896	448	640	829	436	639
960	448	640	886	436	639
1023	448	640	944	436	638
0	512	640	130	498	642
64	512	640	141	498	642
128	512	640	170	497	641
192	512	640	213	497	641
256	512	640	263	496	641
320	512	640	316	496	641
384	512	640	372	495	640
448	512	640	428	495	640
512	512	640	483	495	640
576	512	640	538	495	640
640	512	640	600	495	640
704	512	640	653	495	640
768	512	640	710	495	639
832	512	640	769	495	639
896	512	640	829	495	639
960	512	640	886	495	638
1023	512	640	944	495	638
0	576	640	130	559	641
64	576	640	141	559	641
128	576	640	171	558	641
192	576	640	213	558	641
256	576	640	262	557	641
320	576	640	316	557	640
384	576	640	372	557	640
448	576	640	428	557	640
512	576	640	483	557	640
576	576	640	538	557	640
640	576	640	600	557	640
704	576	640	653	557	640
768	576	640	710	557	639
832	576	640	769	557	639
896	576	640	828	557	639
960	576	640	886	556	638
1023	576	640	944	556	638
0	640	640	133	622	641
64	640	640	142	622	641
128	640	640	171	622	641
192	640	640	213	622	641
256	640	640	263	621	641
320	640	640	316	621	641
384	640	640	372	620	640
448	640	640	428	620	640
512	640	640	483	620	640
576	640	640	538	620	640
640	640	640	600	620	640
704	640	640	653	620	639
768	640	640	710	620	639
832	640	640	769	620	639
896	640	640	829	620	639
960	640	640	886	620	639
1023	640	640	944	619	638
0	704	640	133	680	642
64	704	640	143	680	642
128	704	640	171	680	642
192	704	640	213	680	641
256	704	640	262	679	641
320	704	640	316	679	640
384	704	640	372	679	640
448	704	640	428	679	640
512	704	640	482	679	640
576	704	640	538	679	640
640	704	640	599	678	640
704	704	640	653	679	639
768	704	640	710	679	639
832	704	640	769	678	639
896	704	640	828	678	639
960	704	640	886	678	639
1023	704	640	944	678	638
0	768	640	133	742	642
64	768	640	142	742	642
128	768	640	171	741	642
192	768	640	213	741	642
256	768	640	262	741	642
320	768	640	316	740	641
384	768	640	372	740	641
448	768	640	427	740	640
512	768	640	482	740	640
576	768	640	538	740	640
640	768	640	599	740	640
704	768	640	653	740	639
768	768	640	710	740	639
832	768	640	769	740	639
896	768	640	828	740	639
960	768	640	886	740	639
1023	768	640	944	740	638
0	832	640	133	806	641
64	832	640	143	805	641
128	832	640	172	805	641
192	832	640	215	805	641
256	832	640	263	805	641
320	832	640	316	805	640
384	832	640	372	804	640
448	832	640	427	804	640
512	832	640	482	804	640
576	832	640	538	804	639
640	832	640	599	804	639
704	832	640	652	804	639
768	832	640	710	804	639
832	832	640	769	804	639
896	832	640	828	804	638
960	832	640	886	804	638
1023	832	640	944	804	638
0	896	640	133	867	641
64	896	640	143	867	641
128	896	640	171	867	641
192	896	640	213	866	641
256	896	640	262	866	641
320	896	640	315	866	640
384	896	640	371	866	640
448	896	640	427	866	640
512	896	640	481	866	639
576	896	640	537	866	639
640	896	640	598	866	639
704	896	640	652	866	639
768	896	640	709	866	639
832	896	640	769	866	639
896	896	640	828	866	638
960	896	640	886	866	638
1023	896	640	943	866	638
0	960	640	136	928	641
64	960	640	144	928	641
128	960	640	173	928	641
192	960	640	214	928	641
256	960	640	262	928	641
320	960	640	316	928	640
384	960	640	371	927	640
448	960	640	427	928	639
512	960	640	481	928	639
576	960	640	537	928	639
640	960	640	598	928	639
704	960	640	652	928	639
768	960	640	709	928	639
832	960	640	768	928	638
896	960	640	828	928	638
960	960	640	886	928	638
1023	960	640	943	928	637
0	1023	640	136	989	640
64	1023	640	143	989	640
128	1023	640	171	989	640
192	1023	640	213	989	640
256	1023	640	261	988	640
320	1023	640	314	988	639
384	1023	640	370	988	639
448	1023	640	425	988	639
512	1023	640	480	988	639
576	1023	640	536	988	639
640	1023	640	597	988	638
704	1023	640	651	988	638
768	1023	640	708	988	638
832	1023	640	768	988	638
896	1023	640	827	988	637
960	1023	640	885	988	637
1023	1023	640	943	988	637
0	0	704	142	53	705
64	0	704	150	53	705
128	0	704	179	53	705
192	0	704	221	53	705
256	0	704	269	53	704
320	0	704	322	53	704
384	0	704	378	53	704
448	0	704	433	53	704
512	0	704	488	57	703
576	0	704	543	60	703
640	0	704	604	63	702
704	0	704	657	63	702
768	0	704	714	66	703
832	0	704	773	72	703
896	0	704	831	72	702
960	0	704	889	77	703
1023	0	704	946	77	703
0	64	704	142	77	704
64	64	704	150	77	704
128	64	704	179	77	704
192	64	704	221	77	704
256	64	704	269	77	703
320	64	704	322	77	703
384	64	704	378	80	703
448	64	704	433	82	703
512	64	704	488	82	703
576	64	704	543	82	703
640	64	704	604	85	702
704	64	704	657	87	702
768	64	704	714	89	703
832	64	704	773	91	703
896	64	704	831	93	702
960	64	704	889	95	703
1023	64	704	946	99	703
0	128	704	142	133	704
64	128	704	151	132	704
128	128	704	179	132	704
192	128	704	220	133	704
256	128	704	269	133	703
320	128	704	322	133	703
384	128	704	378	133	703
448	128	704	433	133	703
512	128	704	487	133	703
576	128	704	543	136	703
640	128	704	604	136	702
704	128	704	657	136	702
768	128	704	714	138	702
832	128	704	773	138	703
896	128	704	831	141	702
960	128	704	889	141	703
1023	128	704	946	143	703
0	192	704	141	192	704
64	192	704	150	192	704
128	192	704	179	192	704
192	192	704	220	191	704
256	192	704	269	191	703
320	192	704	321	192	703
384	192	704	377	191	703
448	192	704	432	192	703
512	192	704	487	192	703
576	192	704	542	193	703
640	192	704	603	193	702
704	192	704	656	194	702
768	192	704	713	194	702
832	192	704	772	195	703
896	192	704	831	196	702
960	192	704	888	196	703
1023	192	704	946	198	703
0	256	704	141	253	704
64	256	704	150	253	704
128	256	704	179	253	704
192	256	704	220	253	704
256	256	704	267	252	703
320	256	704	321	252	703
384	256	704	376	252	703
448	256	704	432	252	703
512	256	704	486	252	703
576	256	704	542	252	703
640	256	704	603	253	702
704	256	704	655	253	702
768	256	704	713	253	702
832	256	704	772	253	703
896	256	704	830	255	702
960	256	704	888	255	703
1023	256	704	945	255	703
0	320	704	142	315	704
64	320	704	150	315	704
128	320	704	179	315	704
192	320	704	219	314	704
256	320	704	267	314	703
320	320	704	320	314	703
384	320	704	376	313	703
448	320	704	431	314	703
512	320	704	485	314	702
576	320	704	541	314	702
640	320	704	602	314	702
704	320	704	655	314	702
768	320	704	712	314	702
832	320	704	771	314	702
896	320	704	830	315	701
960	320	704	888	315	701
1023	320	704	945	315	700
0	384	704	143	377	704
64	384	704	151	378	704
128	384	704	179	377	704
192	384	704	220	377	704
256	384	704	267	376	703
320	384	704	321	376	703
384	384	704	376	376	703
448	384	704	431	376	703
512	384	704	485	376	702
576	384	704	541	376	702
640	384	704	602	376	702
704	384	704	655	376	702
768	384	704	712	376	702
832	384	704	771	376	702
896	384	704	830	376	701
960	384	704	888	376	701
1023	384	704	945	376	701
0	448	704	143	438	704
64	448	704	152	438	704
128	448	704	179	438	704
192	448	704	221	438	703
256	448	704	268	437	703
320	448	704	321	436	703
384	448	704	376	436	703
448	448	704	431	436	702
512	448	704	485	436	702
576	448	704	541	436	702
640	448	704	602	436	702
704	448	704	655	436	702
768	448	704	712	436	702
832	448	704	771	436	701
896	448	704	830	436	701
960	448	704	888	436	701
1023	448	704	945	436	700
0	512	704	143	498	704
64	512	704	152	498	704
128	512	704	179	497	704
192	512	704	221	497	703
256	512	704	268	496	703
320	512	704	321	496	702
384	512	704	376	496	702
448	512	704	431	496	702
512	512	704	485	495	702
576	512	704	541	495	702
640	512	704	601	495	702
704	512	704	655	495	702
768	512	704	712	495	702
832	512	704	771	495	701
896	512	704	830	495	701
960	512	704	888	495	700
1023	512	704	945	495	700
0	576	704	143	559	704
64	576	704	152	559	704
128	576	704	180	558	704
192	576	704	221	558	703
256	576	704	267	557	703
320	576	704	320	557	702
384	576	704	376	557	702
448	576	704	431	557	702
512	576	704	485	557	702
576	576	704	541	557	702
640	576	704	601	557	702
704	576	704	655	557	702
768	576	704	712	557	701
832	576	704	771	557	701
896	576	704	830	557	701
960	576	704	888	556	700
1023	576	704	945	556	700
0	640	704	143	622	704
64	640	704	152	622	704
128	640	704	180	622	703
192	640	704	221	621	703
256	640	704	269	621	703
320	640	704	320	620	702
384	640	704	376	620	702
448	640	704	431	620	702
512	640	704	485	620	702
576	640	704	541	620	702
640	640	704	601	620	702
704	640	704	655	620	702
768	640	704	712	620	701
832	640	704	771	620	701
896	640	704	830	620	701
960	640	704	888	619	700
1023	640	704	945	619	700
0	704	704	144	680	704
64	704	704	152	680	704
128	704	704	180	680	704
192	704	704	221	680	703
256	704	704	268	679	703
320	704	704	320	679	702
384	704	704	376	679	702
448	704	704	431	679	702
512	704	704	485	679	702
576	704	704	540	679	702
640	704	704	601	678	702
704	704	704	654	679	702
768	704	704	711	679	702
832	704	704	771	678	701
896	704	704	830	678	701
960	704	704	888	678	700
1023	704	704	945	678	700
0	768	704	145	741	704
64	768	704	153	741	704
128	768	704	180	741	703
192	768	704	221	741	703
256	768	704	267	740	703
320	768	704	320	740	702
384	768	704	375	740	702
448	768	704	431	740	702
512	768	704	484	740	702
576	768	704	540	740	702
640	768	704	601	740	702
704	768	704	654	740	702
768	768	704	711	740	701
832	768	704	771	740	701
896	768	704	830	740	701
960	768	704	888	740	700
1023	768	704	945	740	700
0	832	704	145	806	704
64	832	704	155	806	704
128	832	704	182	805	704
192	832	704	221	805	703
256	832	704	269	805	703
320	832	704	321	805	702
384	832	704	376	805	702
448	832	704	431	805	702
512	832	704	485	805	702
576	832	704	540	804	702
640	832	704	601	804	702
704	832	704	654	805	701
768	832	704	711	805	701
832	832	704	771	805	701
896	832	704	830	805	701
960	832	704	888	804	700
1023	832	704	945	804	700
0	896	704	145	867	703
64	896	704	155	867	703
128	896	704	180	867	703
192	896	704	221	866	703
256	896	704	267	866	702
320	896	704	320	866	702
384	896	704	375	866	702
448	896	704	430	866	702
512	896	704	484	866	702
576	896	704	539	866	701
640	896	704	600	866	701
704	896	704	654	866	701
768	896	704	711	866	701
832	896	704	770	866	701
896	896	704	829	866	700
960	896	704	887	866	700
1023	896	704	945	866	700
0	960	704	147	928	703
64	960	704	155	928	703
128	960	704	181	928	703
192	960	704	221	928	703
256	960	704	268	928	702
320	960	704	320	928	702
384	960	704	375	928	702
448	960	704	430	928	702
512	960	704	484	928	702
576	960	704	539	928	701
640	960	704	600	928	701
704	960	704	654	928	701
768	960	704	711	928	701
832	960	704	770	928	700
896	960	704	829	928	700
960	960	704	887	928	700
1023	960	704	945	928	699
0	1023	704	147	989	702
64	1023	704	155	989	702
128	1023	704	180	989	702
192	1023	704	221	988	702
256	1023	704	266	988	701
320	1023	704	319	988	701
384	1023	704	373	988	701
448	1023	704	429	988	701
512	1023	704	483	988	700
576	1023	704	538	988	700
640	1023	704	599	988	700
704	1023	704	652	988	700
768	1023	704	710	988	700
832	1023	704	769	988	700
896	1023	704	829	989	700
960	1023	704	887	988	699
1023	1023	704	944	988	699
0	0	768	155	60	770
64	0	768	163	60	770
128	0	768	188	60	770
192	0	768	228	60	769
256	0	768	275	60	769
320	0	768	327	60	769
384	0	768	382	60	769
448	0	768	436	60	769
512	0	768	490	63	768
576	0	768	546	63	768
640	0	768	606	66	768
704	0	768	659	69	768
768	0	768	716	72	767
832	0	768	774	72	767
896	0	768	833	77	767
960	0	768	890	82	767
1023	0	768	947	82	766
0	64	768	155	82	769
64	64	768	163	82	769
128	64	768	188	82	769
192	64	768	228	82	769
256	64	768	275	82	769
320	64	768	327	82	768
384	64	768	382	82	768
448	64	768	436	82	768
512	64	768	490	85	768
576	64	768	546	87	768
640	64	768	606	87	768
704	64	768	659	91	768
768	64	768	715	91	767
832	64	768	774	95	767
896	64	768	833	95	767
960	64	768	890	99	767
1023	64	768	947	101	766
0	128	768	153	133	769
64	128	768	163	133	769
128	128	768	188	133	769
192	128	768	228	133	769
256	128	768	275	134	769
320	128	768	327	136	769
384	128	768	382	136	768
448	128	768	436	136	768
512	128	768	490	136	768
576	128	768	545	136	768
640	128	768	606	137	768
704	128	768	658	138	768
768	128	768	715	138	767
832	128	768	774	141	767
896	128	768	832	141	767
960	128	768	890	143	767
1023	128	768	947	144	766
0	192	768	153	193	769
64	192	768	162	193	769
128	192	768	188	193	769
192	192	768	228	193	769
256	192	768	274	193	769
320	192	768	326	192	769
384	192	768	381	193	768
448	192	768	436	193	768
512	192	768	489	193	768
576	192	768	545	194	768
640	192	768	605	194	768
704	192	768	658	194	768
768	192	768	715	195	768
832	192	768	774	195	767
896	192	768	832	196	767
960	192	768	890	198	767
1023	192	768	947	198	766
0	256	768	153	253	770
64	256	768	162	253	770
128	256	768	188	253	770
192	256	768	228	253	769
256	256	768	274	252	769
320	256	768	326	252	769
384	256	768	380	252	769
448	256	768	435	252	768
512	256	768	489	253	768
576	256	768	544	253	768
640	256	768	604	253	768
704	256	768	657	253	768
768	256	768	714	253	768
832	256	768	773	254	767
896	256	768	832	255	767
960	256	768	889	255	767
1023	256	768	946	255	767
0	320	768	155	316	768
64	320	768	162	316	768
128	320	768	188	315	768
192	320	768	226	315	768
256	320	768	274	314	768
320	320	768	325	314	768
384	320	768	380	314	768
448	320	768	434	314	767
512	320	768	488	314	767
576	320	768	544	314	767
640	320	768	604	314	767
704	320	768	657	315	767
768	320	768	714	315	767
832	320	768	773	315	767
896	320	768	831	315	766
960	320	768	889	315	766
1023	320	768	946	315	766
0	384	768	155	378	769
64	384	768	163	378	769
128	384	768	189	377	769
192	384	768	228	377	769
256	384	768	274	376	768
320	384	768	326	376	768
384	384	768	380	376	768
448	384	768	434	376	767
512	384	768	488	376	767
576	384	768	544	376	767
640	384	768	604	376	767
704	384	768	657	376	767
768	384	768	714	376	767
832	384	768	773	376	767
896	384	768	832	376	766
960	384	768	889	376	766
1023	384	768	946	376	766
0	448	768	156	438	768
64	448	768	163	438	768
128	448	768	189	438	768
192	448	768	228	438	768
256	448	768	274	437	768
320	448	768	326	436	767
384	448	768	380	436	767
448	448	768	434	436	767
512	448	768	488	436	767
576	448	768	543	436	767
640	448	768	604	436	767
704	448	768	657	436	767
768	448	768	714	436	767
832	448	768	773	436	767
896	448	768	831	436	766
960	448	768	889	436	766
1023	448	768	946	436	766
0	512	768	157	497	768
64	512	768	164	497	768
128	512	768	189	497	768
192	512	768	228	497	768
256	512	768	274	496	768
320	512	768	326	496	767
384	512	768	380	496	767
448	512	768	434	495	767
512	512	768	488	495	767
576	512	768	543	495	767
640	512	768	604	495	767
704	512	768	656	495	767
768	512	768	714	495	767
832	512	768	773	495	767
896	512	768	831	495	766
960	512	768	889	495	766
1023	512	768	946	495	766
0	576	768	157	559	768
64	576	768	164	558	768
128	576	768	189	558	768
192	576	768	228	558	768
256	576	768	274	557	768
320	576	768	326	557	768
384	576	768	380	557	767
448	576	768	434	557	767
512	576	768	488	557	767
576	576	768	543	557	767
640	576	768	604	557	767
704	576	768	656	557	767
768	576	768	714	557	767
832	576	768	773	557	767
896	576	768	831	557	766
960	576	768	889	557	766
1023	576	768	946	556	765
0	640	768	157	622	768
64	640	768	165	622	768
128	640	768	189	622	768
192	640	768	228	621	768
256	640	768	274	621	768
320	640	768	326	620	767
384	640	768	380	620	767
448	640	768	434	620	767
512	640	768	488	620	767
576	640	768	543	620	767
640	640	768	603	620	767
704	640	768	656	620	767
768	640	768	714	620	767
832	640	768	773	620	766
896	640	768	831	620	766
960	640	768	889	620	766
1023	640	768	946	619	765
0	704	768	157	680	768
64	704	768	165	680	768
128	704	768	190	680	768
192	704	768	228	679	768
256	704	768	274	679	768
320	704	768	325	679	767
384	704	768	379	679	767
448	704	768	434	679	767
512	704	768	488	679	767
576	704	768	543	678	767
640	704	768	603	679	767
704	704	768	656	679	767
768	704	768	713	679	767
832	704	768	773	679	767
896	704	768	831	678	766
960	704	768	889	678	766
1023	704	768	946	678	766
0	768	768	157	741	768
64	768	768	165	741	768
128	768	768	190	741	768
192	768	768	228	741	768
256	768	768	274	740	768
320	768	768	325	740	767
384	768	768	379	740	767
448	768	768	433	740	767
512	768	768	487	740	767
576	768	768	543	740	767
640	768	768	603	740	767
704	768	768	656	740	767
768	768	768	713	740	767
832	768	768	773	740	767
896	768	768	831	740	766
960	768	768	889	740	766
1023	768	768	946	740	765
0	832	768	159	806	768
64	832	768	166	806	768
128	832	768	191	805	768
192	832	768	229	805	768
256	832	768	274	805	768
320	832	768	326	805	767
384	832	768	380	805	767
448	832	768	434	805	767
512	832	768	488	805	767
576	832	768	543	805	767
640	832	768	603	805	767
704	832	768	656	805	767
768	832	768	713	805	767
832	832	768	773	805	766
896	832	768	831	805	766
960	832	768	889	805	766
1023	832	768	946	804	766
0	896	768	158	867	768
64	896	768	165	867	768
128	896	768	191	867	768
192	896	768	228	867	768
256	896	768	273	866	768
320	896	768	325	866	767
384	896	768	379	866	767
448	896	768	433	866	767
512	896	768	487	866	767
576	896	768	542	866	767
640	896	768	603	866	767
704	896	768	655	866	767
768	896	768	713	866	767
832	896	768	772	866	766
896	896	768	831	866	766
960	896	768	889	866	766
1023	896	768	946	866	765
0	960	768	159	929	768
64	960	768	166	929	768
128	960	768	191	928	768
192	960	768	229	928	768
256	960	768	274	928	768
320	960	768	325	928	767
384	960	768	379	928	767
448	960	768	433	928	767
512	960	768	486	928	767
576	960	768	542	928	767
640	960	768	603	928	767
704	960	768	655	928	767
768	960	768	713	928	766
832	960	768	772	928	766
896	960	768	831	928	766
960	960	768	889	928	766
1023	960	768	946	928	765
0	1023	768	159	989	767
64	1023	768	165	989	767
128	1023	768	189	989	767
192	1023	768	228	989	767
256	1023	768	273	988	767
320	1023	768	324	988	767
384	1023	768	378	988	766
448	1023	768	432	988	766
512	1023	768	485	988	766
576	1023	768	541	988	766
640	1023	768	601	988	766
704	1023	768	654	988	766
768	1023	768	712	988	766
832	1023	768	771	989	766
896	1023	768	830	989	765
960	1023	768	888	988	765
1023	1023	768	946	988	764
0	0	832	167	63	834
64	0	832	175	63	834
128	0	832	199	63	834
192	0	832	236	63	834
256	0	832	281	63	833
320	0	832	332	63	833
384	0	832	386	63	833
448	0	832	440	63	833
512	0	832	493	66	833
576	0	832	548	66	832
640	0	832	608	69	832
704	0	832	660	72	832
768	0	832	717	75	832
832	0	832	776	77	832
896	0	832	834	80	832
960	0	832	892	82	831
1023	0	832	948	87	831
0	64	832	167	82	834
64	64	832	175	82	834
128	64	832	199	82	834
192	64	832	236	82	833
256	64	832	281	82	833
320	64	832	332	85	833
384	64	832	386	87	833
448	64	832	440	87	833
512	64	832	493	87	832
576	64	832	549	89	832
640	64	832	608	91	832
704	64	832	660	91	832
768	64	832	717	93	832
832	64	832	776	95	832
896	64	832	834	99	832
960	64	832	892	99	831
1023	64	832	948	103	831
0	128	832	167	136	834
64	128	832	175	136	834
128	128	832	199	136	834
192	128	832	236	136	833
256	128	832	281	136	833
320	128	832	332	136	833
384	128	832	386	136	833
448	128	832	439	136	833
512	128	832	493	137	832
576	128	832	548	138	832
640	128	832	608	138	832
704	128	832	660	139	832
768	128	832	717	141	832
832	128	832	776	142	832
896	128	832	834	143	832
960	128	832	892	144	831
1023	128	832	948	145	831
0	192	832	167	193	834
64	192	832	175	193	834
128	192	832	198	193	834
192	192	832	236	193	833
256	192	832	281	193	833
320	192	832	332	193	833
384	192	832	386	193	833
448	192	832	439	193	833
512	192	832	492	194	832
576	192	832	548	193	832
640	192	832	607	194	832
704	192	832	660	195	832
768	192	832	717	196	832
832	192	832	776	196	832
896	192	832	834	198	832
960	192	832	891	198	831
1023	192	832	948	198	831
0	256	832	167	253	834
64	256	832	175	253	834
128	256	832	198	253	834
192	256	832	236	253	833
256	256	832	280	253	833
320	256	832	331	253	833
384	256	832	385	253	833
448	256	832	438	253	833
512	256	832	491	253	833
576	256	832	547	253	832
640	256	832	607	253	832
704	256	832	659	254	832
768	256	832	716	255	832
832	256	832	775	255	832
896	256	832	833	255	832
960	256	832	891	256	831
1023	256	832	948	256	831
0	320	832	167	316	833
64	320	832	175	315	833
128	320	832	198	315	833
192	320	832	235	315	833
256	320	832	280	314	832
320	320	832	331	314	832
384	320	832	384	314	832
448	320	832	438	314	832
512	320	832	491	314	832
576	320	832	546	314	832
640	320	832	606	314	832
704	320	832	659	315	832
768	320	832	716	315	832
832	320	832	775	315	832
896	320	832	833	315	831
960	320	832	891	315	831
1023	320	832	948	315	831
0	384	832	167	377	833
64	384	832	175	377	833
128	384	832	198	377	833
192	384	832	236	376	833
256	384	832	280	376	832
320	384	832	331	376	832
384	384	832	385	376	832
448	384	832	438	376	832
512	384	832	491	376	832
576	384	832	547	376	832
640	384	832	606	376	832
704	384	832	659	376	832
768	384	832	716	376	832
832	384	832	775	376	832
896	384	832	833	376	832
960	384	832	891	376	831
1023	384	832	948	376	831
0	448	832	169	438	833
64	448	832	176	438	833
128	448	832	199	438	833
192	448	832	236	437	833
256	448	832	281	436	833
320	448	832	331	436	832
384	448	832	385	436	832
448	448	832	438	436	832
512	448	832	491	436	832
576	448	832	547	436	832
640	448	832	606	436	832
704	448	832	659	436	832
768	448	832	716	436	832
832	448	832	775	436	832
896	448	832	833	436	832
960	448	832	891	436	831
1023	448	832	948	436	831
0	512	832	169	497	833
64	512	832	176	497	833
128	512	832	199	497	833
192	512	832	236	496	833
256	512	832	281	496	833
320	512	832	331	495	832
384	512	832	385	495	832
448	512	832	438	495	832
512	512	832	491	495	832
576	512	832	546	495	832
640	512	832	606	495	832
704	512	832	659	496	832
768	512	832	716	495	832
832	512	832	775	495	832
896	512	832	833	495	831
960	512	832	891	495	831
1023	512	832	948	495	831
0	576	832	169	558	833
64	576	832	176	558	833
128	576	832	199	558	833
192	576	832	236	558	833
256	576	832	281	557	832
320	576	832	331	557	832
384	576	832	385	557	832
448	576	832	438	557	832
512	576	832	491	557	832
576	576	832	546	557	832
640	576	832	606	557	832
704	576	832	659	557	832
768	576	832	716	557	832
832	576	832	775	557	832
896	576	832	833	557	831
960	576	832	891	556	831
1023	576	832	948	556	831
0	640	832	169	622	833
64	640	832	177	622	833
128	640	832	201	621	833
192	640	832	236	621	833
256	640	832	281	621	832
320	640	832	331	620	832
384	640	832	385	620	832
448	640	832	438	620	832
512	640	832	491	620	832
576	640	832	546	620	832
640	640	832	606	620	832
704	640	832	659	620	832
768	640	832	716	620	832
832	640	832	775	620	832
896	640	832	833	620	831
960	640	832	891	619	831
1023	640	832	948	619	831
0	704	832	169	680	833
64	704	832	177	680	833
128	704	832	200	680	833
192	704	832	237	679	833
256	704	832	281	679	832
320	704	832	331	679	832
384	704	832	384	679	832
448	704	832	438	678	832
512	704	832	491	678	832
576	704	832	546	678	832
640	704	832	606	679	832
704	704	832	658	679	832
768	704	832	716	679	832
832	704	832	775	678	832
896	704	832	833	678	831
960	704	832	891	678	831
1023	704	832	948	678	831
0	768	832	169	741	833
64	768	832	177	741	833
128	768	832	200	741	833
192	768	832	236	741	833
256	768	832	281	740	832
320	768	832	331	740	832
384	768	832	384	740	832
448	768	832	437	740	832
512	768	832	490	740	832
576	768	832	546	740	832
640	768	832	606	740	832
704	768	832	659	740	832
768	768	832	715	740	832
832	768	832	775	740	832
896	768	832	833	740	831
960	768	832	891	740	831
1023	768	832	948	740	831
0	832	832	171	805	833
64	832	832	177	805	833
128	832	832	201	805	833
192	832	832	237	805	833
256	832	832	281	805	832
320	832	832	331	805	832
384	832	832	384	805	832
448	832	832	437	805	832
512	832	832	490	804	832
576	832	832	546	804	832
640	832	832	606	805	832
704	832	832	658	805	832
768	832	832	715	805	832
832	832	832	775	805	831
896	832	832	833	805	831
960	832	832	890	804	831
1023	832	832	948	804	830
0	896	832	169	867	833
64	896	832	177	867	833
128	896	832	200	867	833
192	896	832	236	867	833
256	896	832	280	866	832
320	896	832	330	866	832
384	896	832	384	866	832
448	896	832	436	866	832
512	896	832	490	866	832
576	896	832	545	866	832
640	896	832	605	866	832
704	896	832	657	866	832
768	896	832	715	866	831
832	896	832	774	866	831
896	896	832	832	866	831
960	896	832	890	866	831
1023	896	832	947	866	831
0	960	832	171	928	833
64	960	832	179	928	833
128	960	832	201	928	833
192	960	832	236	928	832
256	960	832	280	928	832
320	960	832	331	928	832
384	960	832	384	928	832
448	960	832	437	928	832
512	960	832	490	928	832
576	960	832	545	928	832
640	960	832	605	928	831
704	960	832	658	928	831
768	960	832	715	928	831
832	960	832	774	928	831
896	960	832	833	928	831
960	960	832	890	928	831
1023	960	832	948	928	830
0	1023	832	171	989	832
64	1023	832	177	989	832
128	1023	832	201	989	832
192	1023	832	236	989	832
256	1023	832	280	989	832
320	1023	832	329	988	832
384	1023	832	382	989	832
448	1023	832	435	988	831
512	1023	832	489	988	831
576	1023	832	544	989	831
640	1023	832	604	988	831
704	1023	832	657	989	831
768	1023	832	714	989	831
832	1023	832	774	989	831
896	1023	832	832	989	831
960	1023	832	890	989	830
1023	1023	832	947	988	830
0	0	896	180	69	897
64	0	896	187	69	897
128	0	896	209	69	897
192	0	896	244	69	897
256	0	896	288	69	897
320	0	896	338	69	897
384	0	896	391	69	897
448	0	896	444	69	897
512	0	896	497	69	897
576	0	896	552	72	897
640	0	896	611	75	897
704	0	896	663	77	897
768	0	896	720	80	897
832	0	896	778	82	896
896	0	896	836	82	896
960	0	896	893	87	896
1023	0	896	950	91	896
0	64	896	180	87	897
64	64	896	187	87	897
128	64	896	209	87	897
192	64	896	244	87	897
256	64	896	288	87	897
320	64	896	338	87	897
384	64	896	391	89	897
448	64	896	444	91	897
512	64	896	497	91	897
576	64	896	552	91	897
640	64	896	611	93	897
704	64	896	663	95	897
768	64	896	720	97	897
832	64	896	778	99	896
896	64	896	836	101	896
960	64	896	893	103	896
1023	64	896	950	106	896
0	128	896	180	137	897
64	128	896	188	137	897
128	128	896	209	137	897
192	128	896	244	138	897
256	128	896	288	137	897
320	128	896	338	137	897
384	128	896	391	138	897
448	128	896	443	138	897
512	128	896	496	138	897
576	128	896	551	139	897
640	128	896	611	141	897
704	128	896	663	141	897
768	128	896	719	143	897
832	128	896	778	143	896
896	128	896	836	145	896
960	128	896	893	145	896
1023	128	896	950	148	896
0	192	896	180	194	898
64	192	896	188	194	898
128	192	896	209	194	898
192	192	896	245	194	898
256	192	896	288	194	898
320	192	896	337	194	897
384	192	896	390	194	897
448	192	896	443	194	897
512	192	896	496	194	897
576	192	896	551	195	897
640	192	896	610	196	897
704	192	896	662	196	897
768	192	896	719	197	897
832	192	896	778	198	896
896	192	896	836	198	896
960	192	896	893	199	896
1023	192	896	950	199	896
0	256	896	179	255	898
64	256	896	186	255	898
128	256	896	209	254	898
192	256	896	244	254	898
256	256	896	287	253	898
320	256	896	337	253	897
384	256	896	390	253	897
448	256	896	442	253	897
512	256	896	495	253	897
576	256	896	550	254	897
640	256	896	609	254	897
704	256	896	662	255	897
768	256	896	718	255	897
832	256	896	777	255	897
896	256	896	835	256	896
960	256	896	893	256	896
1023	256	896	950	257	896
0	320	896	179	316	897
64	320	896	186	316	897
128	320	896	209	315	897
192	320	896	243	315	896
256	320	896	286	314	896
320	320	896	337	314	896
384	320	896	389	315	896
448	320	896	441	314	896
512	320	896	494	315	896
576	320	896	550	315	896
640	320	896	609	315	896
704	320	896	661	315	896
768	320	896	718	315	896
832	320	896	777	315	896
896	320	896	835	316	895
960	320	896	893	316	895
1023	320	896	950	316	895
0	384	896	180	378	897
64	384	896	187	378	897
128	384	896	209	377	897
192	384	896	244	377	897
256	384	896	287	376	897
320	384	896	337	376	896
384	384	896	389	376	896
448	384	896	442	376	896
512	384	896	495	376	896
576	384	896	550	376	896
640	384	896	609	376	896
704	384	896	661	376	896
768	384	896	718	376	896
832	384	896	777	376	896
896	384	896	835	376	895
960	384	896	893	376	895
1023	384	896	950	376	895
0	448	896	180	438	897
64	448	896	188	438	897
128	448	896	209	438	897
192	448	896	245	437	897
256	448	896	287	436	897
320	448	896	337	436	896
384	448	896	390	436	896
448	448	896	442	436	896
512	448	896	495	436	896
576	448	896	550	436	896
640	448	896	609	436	896
704	448	896	661	436	896
768	448	896	718	436	896
832	448	896	777	436	896
896	448	896	835	436	895
960	448	896	893	436	895
1023	448	896	950	436	895
0	512	896	180	497	896
64	512	896	188	497	896
128	512	896	209	497	896
192	512	896	245	496	896
256	512	896	287	496	896
320	512	896	337	496	896
384	512	896	389	495	896
448	512	896	442	495	896
512	512	896	494	495	896
576	512	896	550	495	896
640	512	896	609	495	896
704	512	896	661	495	896
768	512	896	718	495	896
832	512	896	777	495	896
896	512	896	835	495	895
960	512	896	893	495	895
1023	512	896	950	495	895
0	576	896	180	558	896
64	576	896	188	558	896
128	576	896	210	558	896
192	576	896	245	557	896
256	576	896	287	557	896
320	576	896	337	557	896
384	576	896	389	557	896
448	576	896	441	557	896
512	576	896	494	557	896
576	576	896	550	557	896
640	576	896	609	557	896
704	576	896	661	557	896
768	576	896	718	557	895
832	576	896	777	557	895
896	576	896	835	557	895
960	576	896	893	556	895
1023	576	896	950	556	895
0	640	896	181	621	896
64	640	896	188	621	896
128	640	896	210	621	896
192	640	896	245	621	896
256	640	896	288	620	896
320	640	896	337	620	896
384	640	896	389	620	896
448	640	896	442	620	896
512	640	896	494	620	896
576	640	896	549	620	896
640	640	896	609	620	896
704	640	896	661	620	896
768	640	896	718	620	896
832	640	896	777	620	896
896	640	896	835	620	895
960	640	896	893	620	895
1023	640	896	950	619	895
0	704	896	182	680	897
64	704	896	188	680	897
128	704	896	210	680	897
192	704	896	245	679	896
256	704	896	287	679	896
320	704	896	336	679	896
384	704	896	389	679	896
448	704	896	441	678	896
512	704	896	494	678	896
576	704	896	549	678	896
640	704	896	609	678	896
704	704	896	661	678	896
768	704	896	718	678	896
832	704	896	777	678	895
896	704	896	835	678	895
960	704	896	893	678	895
1023	704	896	949	678	895
0	768	896	182	741	897
64	768	896	189	741	897
128	768	896	210	741	897
192	768	896	245	741	897
256	768	896	287	740	897
320	768	896	337	740	896
384	768	896	389	740	896
448	768	896	441	740	896
512	768	896	494	740	896
576	768	896	549	740	896
640	768	896	608	740	896
704	768	896	660	740	896
768	768	896	718	740	896
832	768	896	777	740	896
896	768	896	835	740	895
960	768	896	893	740	895
1023	768	896	949	740	895
0	832	896	182	806	896
64	832	896	189	805	896
128	832	896	212	805	896
192	832	896	245	805	896
256	832	896	287	805	896
320	832	896	337	805	896
384	832	896	389	805	896
448	832	896	441	805	896
512	832	896	494	805	896
576	832	896	549	805	896
640	832	896	608	805	896
704	832	896	660	805	896
768	832	896	718	805	896
832	832	896	777	805	895
896	832	896	835	805	895
960	832	896	893	804	895
1023	832	896	949	804	895
0	896	896	182	867	896
64	896	896	188	867	896
128	896	896	210	867	896
192	896	896	245	866	896
256	896	896	286	866	896
320	896	896	336	866	896
384	896	896	388	866	896
448	896	896	440	866	896
512	896	896	493	866	896
576	896	896	548	866	896
640	896	896	608	866	896
704	896	896	660	866	896
768	896	896	717	866	896
832	896	896	776	866	895
896	896	896	834	866	895
960	896	896	892	866	895
1023	896	896	949	866	895
0	960	896	183	929	897
64	960	896	189	929	897
128	960	896	210	928	897
192	960	896	245	928	897
256	960	896	287	928	896
320	960	896	336	928	896
384	960	896	389	928	896
448	960	896	440	928	896
512	960	896	493	928	896
576	960	896	548	928	896
640	960	896	608	928	896
704	960	896	660	928	896
768	960	896	717	928	896
832	960	896	776	928	895
896	960	896	834	928	895
960	960	896	892	928	895
1023	960	896	949	928	895
0	1023	896	182	989	896
64	1023	896	189	989	896
128	1023	896	210	989	896
192	1023	896	243	989	896
256	1023	896	286	989	896
320	1023	896	335	989	896
384	1023	896	387	988	896
448	1023	896	439	989	896
512	1023	896	492	989	896
576	1023	896	547	989	896
640	1023	896	606	989	896
704	1023	896	659	989	895
768	1023	896	716	989	895
832	1023	896	775	989	895
896	1023	896	834	989	895
960	1023	896	892	989	895
1023	1023	896	949	989	895
0	0	960	193	72	961
64	0	960	198	72	961
128	0	960	220	72	961
192	0	960	253	72	961
256	0	960	295	72	961
320	0	960	344	72	961
384	0	960	396	72	961
448	0	960	447	72	960
512	0	960	500	77	961
576	0	960	555	77	960
640	0	960	614	77	960
704	0	960	665	80	960
768	0	960	722	82	960
832	0	960	780	82	960
896	0	960	838	87	960
960	0	960	895	91	960
1023	0	960	952	95	960
0	64	960	193	91	961
64	64	960	198	91	961
128	64	960	220	91	961
192	64	960	253	91	961
256	64	960	295	91	961
320	64	960	344	91	961
384	64	960	396	91	961
448	64	960	447	93	960
512	64	960	500	95	960
576	64	960	555	95	960
640	64	960	614	97	960
704	64	960	665	99	960
768	64	960	722	101	960
832	64	960	780	103	960
896	64	960	838	104	960
960	64	960	895	106	960
1023	64	960	952	109	960
0	128	960	193	139	961
64	128	960	198	139	961
128	128	960	220	139	961
192	128	960	253	138	961
256	128	960	295	138	961
320	128	960	344	138	961
384	128	960	396	139	961
448	128	960	447	141	960
512	128	960	500	141	960
576	128	960	554	141	960
640	128	960	613	142	960
704	128	960	665	143	960
768	128	960	722	144	960
832	128	960	780	145	960
896	128	960	838	147	960
960	128	960	895	148	960
1023	128	960	952	150	960
0	192	960	193	196	961
64	192	960	199	196	961
128	192	960	219	196	961
192	192	960	253	196	961
256	192	960	295	195	961
320	192	960	343	194	961
384	192	960	395	195	961
448	192	960	447	195	960
512	192	960	499	196	960
576	192	960	554	196	960
640	192	960	613	197	960
704	192	960	665	198	960
768	192	960	721	198	960
832	192	960	780	198	960
896	192	960	837	199	960
960	192	960	895	200	960
1023	192	960	952	201	960
0	256	960	193	255	961
64	256	960	198	255	961
128	256	960	219	255	961
192	256	960	252	255	961
256	256	960	294	253	961
320	256	960	343	253	961
384	256	960	395	255	961
448	256	960	446	254	961
512	256	960	498	255	960
576	256	960	553	255	960
640	256	960	612	255	960
704	256	960	664	255	960
768	256	960	721	255	960
832	256	960	780	255	960
896	256	960	837	256	960
960	256	960	895	256	960
1023	256	960	951	257	960
0	320	960	193	316	960
64	320	960	198	316	960
128	320	960	219	315	960
192	320	960	252	315	960
256	320	960	294	315	960
320	320	960	342	315	960
384	320	960	394	314	960
448	320	960	446	315	960
512	320	960	498	315	960
576	320	960	553	315	960
640	320	960	612	315	960
704	320	960	664	315	960
768	320	960	720	315	960
832	320	960	779	315	959
896	320	960	837	316	959
960	320	960	895	316	959
1023	320	960	951	316	959
0	384	960	193	377	960
64	384	960	199	377	960
128	384	960	220	377	960
192	384	960	252	376	960
256	384	960	294	376	960
320	384	960	343	376	960
384	384	960	394	376	960
448	384	960	446	376	960
512	384	960	498	376	960
576	384	960	553	376	960
640	384	960	612	376	960
704	384	960	664	376	960
768	384	960	720	376	960
832	384	960	779	376	960
896	384	960	837	376	959
960	384	960	895	376	959
1023	384	960	951	376	959
0	448	960	193	438	960
64	448	960	199	438	960
128	448	960	221	437	960
192	448	960	253	437	960
256	448	960	294	436	960
320	448	960	343	436	960
384	448	960	394	436	960
448	448	960	446	436	960
512	448	960	498	436	960
576	448	960	553	436	960
640	448	960	612	436	960
704	448	960	664	436	960
768	448	960	720	436	959
832	448	960	779	436	959
896	448	960	837	436	959
960	448	960	895	436	959
1023	448	960	951	436	959
0	512	960	193	497	960
64	512	960	199	497	960
128	512	960	221	497	960
192	512	960	253	496	960
256	512	960	294	496	960
320	512	960	343	495	960
384	512	960	394	495	960
448	512	960	446	495	960
512	512	960	498	495	960
576	512	960	553	495	960
640	512	960	612	495	960
704	512	960	663	495	959
768	512	960	720	495	960
832	512	960	779	495	959
896	512	960	837	495	959
960	512	960	895	495	959
1023	512	960	951	495	959
0	576	960	194	558	960
64	576	960	200	558	960
128	576	960	221	558	960
192	576	960	253	557	960
256	576	960	294	557	960
320	576	960	343	557	960
384	576	960	394	557	960
448	576	960	446	556	960
512	576	960	498	556	960
576	576	960	553	556	960
640	576	960	611	556	960
704	576	960	663	556	960
768	576	960	720	556	959
832	576	960	779	556	959
896	576	960	837	556	959
960	576	960	894	556	959
1023	576	960	951	556	959
0	640	960	194	621	960
64	640	960	201	621	960
128	640	960	221	621	960
192	640	960	253	620	960
256	640	960	294	620	960
320	640	960	343	620	960
384	640	960	394	620	960
448	640	960	446	620	960
512	640	960	498	620	960
576	640	960	553	620	960
640	640	960	611	619	960
704	640	960	663	620	960
768	640	960	720	619	959
832	640	960	779	619	959
896	640	960	837	619	959
960	640	960	894	619	959
1023	640	960	951	619	959
0	704	960	194	679	960
64	704	960	200	679	960
128	704	960	221	679	960
192	704	960	253	679	960
256	704	960	295	678	960
320	704	960	342	678	960
384	704	960	394	678	960
448	704	960	445	678	960
512	704	960	497	678	960
576	704	960	553	678	960
640	704	960	611	678	960
704	704	960	663	678	960
768	704	960	720	678	960
832	704	960	779	678	960
896	704	960	837	678	959
960	704	960	894	678	959
1023	704	960	951	678	959
0	768	960	194	741	960
64	768	960	201	741	960
128	768	960	221	741	960
192	768	960	253	740	960
256	768	960	294	740	960
320	768	960	342	740	960
384	768	960	394	740	960
448	768	960	445	740	960
512	768	960	497	740	960
576	768	960	552	740	960
640	768	960	611	740	960
704	768	960	663	740	960
768	768	960	720	740	960
832	768	960	779	740	960
896	768	960	837	740	959
960	768	960	894	740	959
1023	768	960	951	739	959
0	832	960	195	805	960
64	832	960	201	805	960
128	832	960	222	805	960
192	832	960	253	805	960
256	832	960	295	805	960
320	832	960	343	804	960
384	832	960	394	804	960
448	832	960	445	804	960
512	832	960	497	804	960
576	832	960	552	804	960
640	832	960	611	804	960
704	832	960	663	804	960
768	832	960	720	804	959
832	832	960	779	804	959
896	832	960	837	804	959
960	832	960	894	804	959
1023	832	960	951	804	959
0	896	960	194	865	960
64	896	960	201	865	960
128	896	960	221	865	960
192	896	960	253	865	960
256	896	960	294	865	960
320	896	960	342	865	960
384	896	960	393	865	960
448	896	960	444	865	960
512	896	960	497	865	960
576	896	960	552	865	960
640	896	960	611	865	960
704	896	960	663	865	960
768	896	960	720	865	960
832	896	960	779	865	960
896	896	960	837	865	960
960	896	960	894	865	960
1023	896	960	951	865	959
0	960	960	196	928	961
64	960	960	201	928	961
128	960	960	221	928	961
192	960	960	253	927	960
256	960	960	294	927	960
320	960	960	343	927	960
384	960	960	394	927	960
448	960	960	444	927	960
512	960	960	497	927	960
576	960	960	552	927	960
640	960	960	610	927	960
704	960	960	662	927	960
768	960	960	719	927	960
832	960	960	779	927	960
896	960	960	837	927	959
960	960	960	894	927	959
1023	960	960	951	927	959
0	1023	960	194	988	960
64	1023	960	201	988	960
128	1023	960	221	988	960
192	1023	960	253	988	960
256	1023	960	293	988	960
320	1023	960	341	988	960
384	1023	960	393	988	960
448	1023	960	443	988	960
512	1023	960	496	988	960
576	1023	960	551	988	960
640	1023	960	610	988	960
704	1023	960	662	988	960
768	1023	960	719	988	960
832	1023	960	778	988	959
896	1023	960	836	988	959
960	1023	960	894	988	959
1023	1023	960	951	988	959
0	0	1023	204	77	1023
64	0	1023	210	77	1023
128	0	1023	230	77	1023
192	0	1023	262	77	1023
256	0	1023	302	77	1023
320	0	1023	350	77	1023
384	0	1023	400	77	1023
448	0	1023	451	77	1023
512	0	1023	503	77	1023
576	0	1023	557	77	1023
640	0	1023	615	82	1023
704	0	1023	667	82	1023
768	0	1023	723	85	1023
832	0	1023	782	87	1022
896	0	1023	839	89	1023
960	0	1023	897	91	1022
1023	0	1023	953	95	1022
0	64	1023	204	91	1023
64	64	1023	210	91	1023
128	64	1023	230	93	1023
192	64	1023	262	93	1023
256	64	1023	302	93	1023
320	64	1023	350	93	1023
384	64	1023	400	95	1023
448	64	1023	451	95	1023
512	64	1023	503	97	1023
576	64	1023	557	97	1023
640	64	1023	615	99	1023
704	64	1023	667	99	1023
768	64	1023	723	103	1023
832	64	1023	782	103	1023
896	64	1023	839	106	1023
960	64	1023	897	106	1022
1023	64	1023	953	109	1022
0	128	1023	204	141	1023
64	128	1023	210	141	1023
128	128	1023	230	141	1023
192	128	1023	262	141	1023
256	128	1023	302	141	1023
320	128	1023	349	139	1023
384	128	1023	400	141	1023
448	128	1023	451	141	1023
512	128	1023	502	141	1023
576	128	1023	557	142	1023
640	128	1023	615	142	1023
704	128	1023	667	143	1023
768	128	1023	723	143	1023
832	128	1023	782	145	1023
896	128	1023	839	147	1023
960	128	1023	896	148	1022
1023	128	1023	953	148	1022
0	192	1023	204	195	1023
64	192	1023	210	195	1023
128	192	1023	230	194	1023
192	192	1023	261	194	1023
256	192	1023	301	194	1023
320	192	1023	349	194	1023
384	192	1023	400	194	1023
448	192	1023	450	194	1023
512	192	1023	502	195	1023
576	192	1023	557	196	1023
640	192	1023	615	196	1023
704	192	1023	666	197	1023
768	192	1023	723	198	1023
832	192	1023	782	198	1023
896	192	1023	839	198	1022
960	192	1023	896	199	1022
1023	192	1023	953	200	1022
0	256	1023	204	253	1023
64	256	1023	210	253	1023
128	256	1023	229	253	1023
192	256	1023	261	253	1023
256	256	1023	301	253	1023
320	256	1023	348	253	1023
384	256	1023	399	252	1023
448	256	1023	449	253	1023
512	256	1023	501	253	1023
576	256	1023	556	253	1023
640	256	1023	614	253	1023
704	256	1023	666	253	1023
768	256	1023	722	254	1023
832	256	1023	781	254	1023
896	256	1023	839	255	1022
960	256	1023	896	255	1022
1023	256	1023	953	255	1022
0	320	1023	204	314	1023
64	320	1023	210	314	1023
128	320	1023	229	314	1023
192	320	1023	261	313	1023
256	320	1023	300	313	1023
320	320	1023	348	313	1023
384	320	1023	398	313	1023
448	320	1023	449	312	1022
512	320	1023	501	313	1022
576	320	1023	555	313	1022
640	320	1023	614	313	1022
704	320	1023	665	313	1022
768	320	1023	722	313	1022
832	320	1023	781	313	1022
896	320	1023	838	314	1022
960	320	1023	896	314	1022
1023	320	1023	953	314	1022
0	384	1023	204	376	1023
64	384	1023	210	375	1023
128	384	1023	229	375	1023
192	384	1023	261	375	1023
256	384	1023	301	374	1023
320	384	1023	348	374	1023
384	384	1023	399	374	1023
448	384	1023	449	374	1023
512	384	1023	501	374	1022
576	384	1023	556	374	1022
640	384	1023	614	374	1022
704	384	1023	665	374	1022
768	384	1023	722	374	1022
832	384	1023	781	374	1022
896	384	1023	839	374	1022
960	384	1023	896	374	1022
1023	384	1023	953	374	1022
0	448	1023	205	436	1023
64	448	1023	210	436	1023
128	448	1023	230	435	1023
192	448	1023	262	435	1023
256	448	1023	302	434	1023
320	448	1023	348	434	1023
384	448	1023	399	434	1023
448	448	1023	449	434	1022
512	448	1023	501	434	1022
576	448	1023	556	434	1023
640	448	1023	614	434	1023
704	448	1023	665	434	1022
768	448	1023	722	434	1022
832	448	1023	781	434	1022
896	448	1023	839	434	1022
960	448	1023	896	434	1022
1023	448	1023	953	434	1022
0	512	1023	205	495	1023
64	512	1023	211	495	1023
128	512	1023	230	494	1023
192	512	1023	262	494	1023
256	512	1023	301	494	1023
320	512	1023	348	493	1023
384	512	1023	399	493	1023
448	512	1023	449	493	1023
512	512	1023	501	493	1023
576	512	1023	555	493	1023
640	512	1023	614	493	1023
704	512	1023	665	493	1022
768	512	1023	722	493	1023
832	512	1023	781	493	1022
896	512	1023	838	493	1022
960	512	1023	896	493	1022
1023	512	1023	953	492	1022
0	576	1023	206	556	1023
64	576	1023	212	556	1023
128	576	1023	231	556	1023
192	576	1023	262	555	1023
256	576	1023	302	555	1023
320	576	1023	349	555	1023
384	576	1023	399	554	1023
448	576	1023	449	554	1023
512	576	1023	501	554	1023
576	576	1023	556	554	1023
640	576	1023	614	554	1023
704	576	1023	665	554	1022
768	576	1023	722	554	1022
832	576	1023	781	554	1022
896	576	1023	839	554	1022
960	576	1023	896	554	1022
1023	576	1023	953	554	1022
0	640	1023	206	619	1023
64	640	1023	212	619	1023
128	640	1023	231	619	1023
192	640	1023	262	619	1023
256	640	1023	302	618	1023
320	640	1023	349	618	1023
384	640	1023	399	618	1023
448	640	1023	449	618	1023
512	640	1023	501	618	1023
576	640	1023	555	618	1023
640	640	1023	613	617	1023
704	640	1023	665	618	1022
768	640	1023	722	617	1022
832	640	1023	781	617	1022
896	640	1023	838	617	1022
960	640	1023	896	617	1022
1023	640	1023	953	617	1022
0	704	1023	206	677	1023
64	704	1023	212	677	1023
128	704	1023	230	677	1023
192	704	1023	262	677	1023
256	704	1023	301	676	1023
320	704	1023	348	676	1023
384	704	1023	399	676	1023
448	704	1023	449	676	1023
512	704	1023	501	676	1023
576	704	1023	555	676	1023
640	704	1023	613	676	1023
704	704	1023	665	676	1022
768	704	1023	722	676	1022
832	704	1023	781	676	1022
896	704	1023	838	676	1022
960	704	1023	896	676	1022
1023	704	1023	953	675	1022
0	768	1023	206	739	1023
64	768	1023	212	739	1023
128	768	1023	231	739	1023
192	768	1023	262	738	1023
256	768	1023	301	738	1023
320	768	1023	348	738	1023
384	768	1023	398	738	1023
448	768	1023	449	738	1023
512	768	1023	500	738	1023
576	768	1023	555	738	1023
640	768	1023	613	738	1023
704	768	1023	665	738	1022
768	768	1023	721	738	1022
832	768	1023	780	738	1022
896	768	1023	838	738	1022
960	768	1023	896	738	1022
1023	768	1023	953	737	1022
0	832	1023	206	803	1023
64	832	1023	212	803	1023
128	832	1023	231	803	1023
192	832	1023	262	803	1023
256	832	1023	301	802	1023
320	832	1023	348	802	1023
384	832	1023	398	802	1023
448	832	1023	448	802	1023
512	832	1023	500	802	1023
576	832	1023	554	802	1023
640	832	1023	613	802	1023
704	832	1023	665	802	1022
768	832	1023	721	802	1022
832	832	1023	780	802	1023
896	832	1023	838	802	1022
960	832	1023	896	802	1022
1023	832	1023	952	802	1022
0	896	1023	206	865	1023
64	896	1023	211	865	1023
128	896	1023	230	865	1023
192	896	1023	261	865	1023
256	896	1023	300	864	1023
320	896	1023	347	864	1023
384	896	1023	398	864	1023
448	896	1023	447	864	1023
512	896	1023	499	864	1023
576	896	1023	554	864	1023
640	896	1023	612	864	1022
704	896	1023	664	864	1023
768	896	1023	721	864	1022
832	896	1023	780	864	1023
896	896	1023	838	864	1022
960	896	1023	895	864	1022
1023	896	1023	952	864	1022
0	960	1023	207	927	1023
64	960	1023	212	927	1023
128	960	1023	231	927	1023
192	960	1023	262	927	1023
256	960	1023	301	926	1023
320	960	1023	348	926	1023
384	960	1023	398	926	1023
448	960	1023	447	926	1023
512	960	1023	499	926	1022
576	960	1023	554	926	1023
640	960	1023	612	926	1023
704	960	1023	664	926	1023
768	960	1023	721	926	1023
832	960	1023	780	926	1023
896	960	1023	838	926	1022
960	960	1023	895	926	1022
1023	960	1023	952	926	1022
0	1023	1023	206	987	1023
64	1023	1023	212	987	1023
128	1023	1023	230	987	1023
192	1023	1023	261	987	1023
256	1023	1023	299	987	1023
320	1023	1023	346	987	1023
384	1023	1023	396	987	1023
448	1023	1023	446	987	1023
512	1023	1023	498	987	1023
576	1023	1023	553	987	1023
640	1023	1023	611	987	1023
704	1023	1023	663	987	1022
768	1023	1023	720	987	1023
832	1023	1023	779	987	1022
896	1023	1023	837	987	1022
960	1023	1023	895	987	1022
1023	1023	1023	952	987	1022
